"../../../Engine/Content/EditorResources/S_Actor.uexp" 0
"../../../Engine/Content/EditorResources/S_Actor.ubulk" 1
"../../../Engine/Content/EditorResources/S_Actor.uasset" 2
"../../../Engine/Content/EditorResources/S_BoxReflectionCapture.uasset" 3
"../../../Engine/Content/EditorResources/S_BoxReflectionCapture.uexp" 4
"../../../Engine/Content/EngineResources/DefaultTexture.uasset" 5
"../../../Engine/Content/EngineResources/DefaultTexture.uexp" 6
"../../../Engine/Content/EngineResources/DefaultTexture.ubulk" 7
"../../../Engine/Content/EngineResources/DefaultTextureCube.uasset" 8
"../../../Engine/Content/EngineResources/DefaultTextureCube.uexp" 9
"../../../Engine/Content/EngineResources/DefaultVolumeTexture2D.uexp" 10
"../../../Engine/Content/EngineResources/DefaultVolumeTexture2D.uasset" 11
"../../../Engine/Content/EngineResources/DefaultVolumeTexture.uexp" 12
"../../../Engine/Content/EngineResources/DefaultVolumeTexture.uasset" 13
"../../../Engine/Content/EditorResources/S_Trigger.uexp" 14
"../../../Engine/Content/EditorResources/S_Trigger.ubulk" 15
"../../../Engine/Content/EditorResources/S_Trigger.uasset" 16
"../../../Engine/Content/EditorResources/S_TriggerBox.uexp" 17
"../../../Engine/Content/EditorResources/S_TriggerBox.uasset" 18
"../../../Engine/Content/EditorResources/S_TriggerCapsule.uexp" 19
"../../../Engine/Content/EditorResources/S_TriggerCapsule.uasset" 20
"../../../Engine/Content/EditorResources/S_TriggerSphere.uasset" 21
"../../../Engine/Content/EditorResources/S_TriggerSphere.uexp" 22
"../../../Engine/Content/EngineMeshes/Sphere.uexp" 23
"../../../Engine/Content/EngineMeshes/Sphere.ubulk" 24
"../../../Engine/Content/EngineMeshes/Sphere.uasset" 25
"../../../Engine/Content/EngineResources/GradientTexture0.uexp" 26
"../../../Engine/Content/EngineResources/GradientTexture0.uasset" 27
"../../../Engine/Content/EngineResources/Black.uasset" 28
"../../../Engine/Content/EngineResources/Black.uexp" 29
"../../../Engine/Content/EditorResources/S_Solver.uasset" 30
"../../../Engine/Content/EditorResources/S_Solver.uexp" 31
"../../../Engine/Content/EditorResources/S_Solver.ubulk" 32
"../../../Engine/Content/EditorMaterials/Camera/CineMat.uasset" 33
"../../../Engine/Content/EditorMaterials/Camera/CineMat.uexp" 34
"../../../Engine/Content/EditorMaterials/Camera/MI_CineMat_Rig.uasset" 35
"../../../Engine/Content/EditorMaterials/Camera/MI_CineMat_Rig.uexp" 36
"../../../Engine/Content/EditorMeshes/Camera/SM_CraneRig_Base.ubulk" 37
"../../../Engine/Content/EditorMeshes/Camera/SM_CraneRig_Base.uexp" 38
"../../../Engine/Content/EditorMeshes/Camera/SM_CraneRig_Base.uasset" 39
"../../../Engine/Content/EditorMeshes/Camera/SM_CraneRig_Arm.ubulk" 40
"../../../Engine/Content/EditorMeshes/Camera/SM_CraneRig_Arm.uexp" 41
"../../../Engine/Content/EditorMeshes/Camera/SM_CraneRig_Arm.uasset" 42
"../../../Engine/Content/EditorMeshes/Camera/SM_CraneRig_Mount.uexp" 43
"../../../Engine/Content/EditorMeshes/Camera/SM_CraneRig_Mount.ubulk" 44
"../../../Engine/Content/EditorMeshes/Camera/SM_CraneRig_Mount.uasset" 45
"../../../Engine/Content/EditorMeshes/Camera/SM_CraneRig_Body.ubulk" 46
"../../../Engine/Content/EditorMeshes/Camera/SM_CraneRig_Body.uasset" 47
"../../../Engine/Content/EditorMeshes/Camera/SM_CraneRig_Body.uexp" 48
"../../../Engine/Content/EditorMeshes/Camera/SM_RailRig_Track.uexp" 49
"../../../Engine/Content/EditorMeshes/Camera/SM_RailRig_Track.ubulk" 50
"../../../Engine/Content/EditorMeshes/Camera/SM_RailRig_Track.uasset" 51
"../../../Engine/Content/EditorMeshes/Camera/SM_RailRig_Mount.ubulk" 52
"../../../Engine/Content/EditorMeshes/Camera/SM_RailRig_Mount.uexp" 53
"../../../Engine/Content/EditorMeshes/Camera/SM_RailRig_Mount.uasset" 54
"../../../Engine/Content/EngineMaterials/T_Default_Material_Grid_M.uasset" 55
"../../../Engine/Content/EngineMaterials/T_Default_Material_Grid_M.ubulk" 56
"../../../Engine/Content/EngineMaterials/T_Default_Material_Grid_M.uexp" 57
"../../../Engine/Content/EngineMaterials/T_Default_Material_Grid_N.uasset" 58
"../../../Engine/Content/EngineMaterials/T_Default_Material_Grid_N.uexp" 59
"../../../Engine/Content/EngineMaterials/T_Default_Material_Grid_N.ubulk" 60
"../../../Engine/Content/Functions/Engine_MaterialFunctions01/Opacity/CameraDepthFade.uexp" 61
"../../../Engine/Content/Functions/Engine_MaterialFunctions01/Opacity/CameraDepthFade.uasset" 62
"../../../Engine/Content/EngineMaterials/WorldGridMaterial.uexp" 63
"../../../Engine/Content/EngineMaterials/WorldGridMaterial.uasset" 64
"../../../Engine/Content/ArtTools/RenderToTexture/Meshes/S_1_Unit_Plane.uexp" 65
"../../../Engine/Content/ArtTools/RenderToTexture/Meshes/S_1_Unit_Plane.ubulk" 66
"../../../Engine/Content/ArtTools/RenderToTexture/Meshes/S_1_Unit_Plane.uasset" 67
"../../../Engine/Content/VREditor/LaserPointer/VR_LaserPower_01.uexp" 68
"../../../Engine/Content/VREditor/LaserPointer/VR_LaserPower_01.ubulk" 69
"../../../Engine/Content/VREditor/LaserPointer/VR_LaserPower_01.uasset" 70
"../../../Engine/Content/VREditor/TransformGizmo/TransformGizmoMaterial.uasset" 71
"../../../Engine/Content/VREditor/TransformGizmo/TransformGizmoMaterial.uexp" 72
"../../../Engine/Content/VREditor/TransformGizmo/TranslucentTransformGizmoMaterial.uasset" 73
"../../../Engine/Content/VREditor/TransformGizmo/TranslucentTransformGizmoMaterial.uexp" 74
"../../../Engine/Content/VREditor/TransformGizmo/BoundingBoxCorner.ubulk" 75
"../../../Engine/Content/VREditor/TransformGizmo/BoundingBoxCorner.uasset" 76
"../../../Engine/Content/VREditor/TransformGizmo/BoundingBoxCorner.uexp" 77
"../../../Engine/Content/VREditor/TransformGizmo/BoundingBoxEdge.ubulk" 78
"../../../Engine/Content/VREditor/TransformGizmo/BoundingBoxEdge.uexp" 79
"../../../Engine/Content/VREditor/TransformGizmo/BoundingBoxEdge.uasset" 80
"../../../Engine/Content/VREditor/TransformGizmo/Main.uasset" 81
"../../../Engine/Content/VREditor/TransformGizmo/Main.uexp" 82
"../../../Engine/Content/VREditor/TransformGizmo/Xray.uexp" 83
"../../../Engine/Content/VREditor/TransformGizmo/Xray.uasset" 84
"../../../Engine/Content/VREditor/TransformGizmo/SM_Sequencer_Node.uexp" 85
"../../../Engine/Content/VREditor/TransformGizmo/SM_Sequencer_Node.ubulk" 86
"../../../Engine/Content/VREditor/TransformGizmo/SM_Sequencer_Node.uasset" 87
"../../../Engine/Content/EditorMaterials/ParticleSystems/PSysThumbnail_NoImage.ubulk" 88
"../../../Engine/Content/EditorMaterials/ParticleSystems/PSysThumbnail_NoImage.uexp" 89
"../../../Engine/Content/EditorMaterials/ParticleSystems/PSysThumbnail_NoImage.uasset" 90
"../../../Engine/Content/EditorMaterials/ParticleSystems/PSysThumbnail_OOD.ubulk" 91
"../../../Engine/Content/EditorMaterials/ParticleSystems/PSysThumbnail_OOD.uexp" 92
"../../../Engine/Content/EditorMaterials/ParticleSystems/PSysThumbnail_OOD.uasset" 93
"../../../Engine/Content/EditorLandscapeResources/SplineEditorMeshMat.uasset" 94
"../../../Engine/Content/EditorLandscapeResources/SplineEditorMeshMat.uexp" 95
"../../../Engine/Content/EditorLandscapeResources/SplineEditorMesh.uexp" 96
"../../../Engine/Content/EditorLandscapeResources/SplineEditorMesh.uasset" 97
"../../../Engine/Content/EditorLandscapeResources/SplineEditorMesh.ubulk" 98
"../../../Engine/Content/EditorLandscapeResources/DefaultAlphaTexture.uexp" 99
"../../../Engine/Content/EditorLandscapeResources/DefaultAlphaTexture.uasset" 100
"../../../Engine/Content/EditorResources/S_Terrain.uasset" 101
"../../../Engine/Content/EditorResources/S_Terrain.uexp" 102
"../../../Engine/Content/EditorResources/S_Terrain.ubulk" 103
"../../../Engine/Plugins/Media/MediaPlate/Content/SM_MediaPlateScreen.ubulk" 104
"../../../Engine/Plugins/Media/MediaPlate/Content/SM_MediaPlateScreen.uasset" 105
"../../../Engine/Plugins/Media/MediaPlate/Content/SM_MediaPlateScreen.uexp" 106
"../../../Engine/Content/EngineMaterials/DefaultBokeh.uexp" 107
"../../../Engine/Content/EngineMaterials/DefaultBokeh.uasset" 108
"../../../Engine/Content/EngineMaterials/MiniFont.uexp" 109
"../../../Engine/Content/EngineMaterials/MiniFont.uasset" 110
"../../../Engine/Content/EngineMaterials/WeightMapPlaceholderTexture.uasset" 111
"../../../Engine/Content/EngineMaterials/WeightMapPlaceholderTexture.uexp" 112
"../../../Engine/Content/EngineMaterials/DefaultWhiteGrid.ubulk" 113
"../../../Engine/Content/EngineMaterials/DefaultWhiteGrid.uexp" 114
"../../../Engine/Content/EngineMaterials/DefaultWhiteGrid.uasset" 115
"../../../Engine/Content/EngineMaterials/PreintegratedSkinBRDF.uexp" 116
"../../../Engine/Content/EngineMaterials/PreintegratedSkinBRDF.uasset" 117
"../../../Engine/Plugins/2D/Paper2D/Content/PlaceholderTextures/DummySpriteTexture.ubulk" 118
"../../../Engine/Plugins/2D/Paper2D/Content/PlaceholderTextures/DummySpriteTexture.uexp" 119
"../../../Engine/Plugins/2D/Paper2D/Content/PlaceholderTextures/DummySpriteTexture.uasset" 120
"../../../Engine/Plugins/2D/Paper2D/Content/DefaultSpriteMaterial.uexp" 121
"../../../Engine/Plugins/2D/Paper2D/Content/DefaultSpriteMaterial.uasset" 122
"../../../Engine/Plugins/2D/Paper2D/Content/MaskedUnlitSpriteMaterial.uexp" 123
"../../../Engine/Plugins/2D/Paper2D/Content/MaskedUnlitSpriteMaterial.uasset" 124
"../../../Engine/Plugins/2D/Paper2D/Content/DummySprite.uasset" 125
"../../../Engine/Plugins/2D/Paper2D/Content/DummySprite.uexp" 126
"../../../Engine/Plugins/2D/Paper2D/Content/DefaultPaperTerrainMaterial.uexp" 127
"../../../Engine/Plugins/2D/Paper2D/Content/DefaultPaperTerrainMaterial.uasset" 128
"../../../Engine/Plugins/2D/Paper2D/Content/OpaqueUnlitSpriteMaterial.uasset" 129
"../../../Engine/Plugins/2D/Paper2D/Content/OpaqueUnlitSpriteMaterial.uexp" 130
"../../../Engine/Content/Functions/Engine_MaterialFunctions02/WorldPositionOffset/CameraOffset.uexp" 131
"../../../Engine/Content/Functions/Engine_MaterialFunctions02/WorldPositionOffset/CameraOffset.uasset" 132
"../../../Engine/Plugins/Animation/ControlRig/Content/M_Manip.uasset" 133
"../../../Engine/Plugins/Animation/ControlRig/Content/M_Manip.uexp" 134
"/Users/cecily_chung/dev/brgd/slinky_dog/SlinkyDog/Content/Splash/Splash.uasset" 135
"/Users/cecily_chung/dev/brgd/slinky_dog/SlinkyDog/Content/Splash/Splash.uexp" 136
"/Users/cecily_chung/dev/brgd/slinky_dog/SlinkyDog/Content/ThirdPerson/Input/Actions/IA_Jump.uexp" 137
"/Users/cecily_chung/dev/brgd/slinky_dog/SlinkyDog/Content/ThirdPerson/Input/Actions/IA_Jump.uasset" 138
"/Users/cecily_chung/dev/brgd/slinky_dog/SlinkyDog/Content/ThirdPerson/Input/Actions/IA_Look.uexp" 139
"/Users/cecily_chung/dev/brgd/slinky_dog/SlinkyDog/Content/ThirdPerson/Input/Actions/IA_Look.uasset" 140
"/Users/cecily_chung/dev/brgd/slinky_dog/SlinkyDog/Content/ThirdPerson/Input/Actions/IA_Move.uasset" 141
"/Users/cecily_chung/dev/brgd/slinky_dog/SlinkyDog/Content/ThirdPerson/Input/Actions/IA_Move.uexp" 142
"/Users/cecily_chung/dev/brgd/slinky_dog/SlinkyDog/Content/ThirdPerson/Input/IMC_Default.uexp" 143
"/Users/cecily_chung/dev/brgd/slinky_dog/SlinkyDog/Content/ThirdPerson/Input/IMC_Default.uasset" 144
"/Users/cecily_chung/dev/brgd/slinky_dog/SlinkyDog/Content/Characters/Mannequins/Meshes/SK_Mannequin.uasset" 145
"/Users/cecily_chung/dev/brgd/slinky_dog/SlinkyDog/Content/Characters/Mannequins/Meshes/SK_Mannequin.uexp" 146
"../../../Engine/Content/Animation/DefaultAnimCurveCompressionSettings.uasset" 147
"../../../Engine/Content/Animation/DefaultAnimCurveCompressionSettings.uexp" 148
"../../../Engine/Content/Animation/DefaultAnimBoneCompressionSettings.uasset" 149
"../../../Engine/Content/Animation/DefaultAnimBoneCompressionSettings.uexp" 150
"/Users/cecily_chung/dev/brgd/slinky_dog/SlinkyDog/Content/Characters/Mannequins/Animations/Quinn/MF_Run_Fwd.uasset" 151
"/Users/cecily_chung/dev/brgd/slinky_dog/SlinkyDog/Content/Characters/Mannequins/Animations/Quinn/MF_Run_Fwd.uexp" 152
"/Users/cecily_chung/dev/brgd/slinky_dog/SlinkyDog/Content/Characters/Mannequins/Animations/Quinn/MF_Walk_Fwd.uasset" 153
"/Users/cecily_chung/dev/brgd/slinky_dog/SlinkyDog/Content/Characters/Mannequins/Animations/Quinn/MF_Walk_Fwd.uexp" 154
"../../../Engine/Content/Animation/DefaultRecorderBoneCompression.uexp" 155
"../../../Engine/Content/Animation/DefaultRecorderBoneCompression.uasset" 156
"/Users/cecily_chung/dev/brgd/slinky_dog/SlinkyDog/Content/Characters/Mannequins/Animations/Manny/MM_Walk_InPlace.uasset" 157
"/Users/cecily_chung/dev/brgd/slinky_dog/SlinkyDog/Content/Characters/Mannequins/Animations/Manny/MM_Walk_InPlace.uexp" 158
"/Users/cecily_chung/dev/brgd/slinky_dog/SlinkyDog/Content/Characters/Mannequins/Animations/Quinn/BS_MF_Unarmed_WalkRun.uexp" 159
"/Users/cecily_chung/dev/brgd/slinky_dog/SlinkyDog/Content/Characters/Mannequins/Animations/Quinn/BS_MF_Unarmed_WalkRun.uasset" 160
"/Users/cecily_chung/dev/brgd/slinky_dog/SlinkyDog/Content/Characters/Mannequins/Animations/Quinn/MF_Idle.uasset" 161
"/Users/cecily_chung/dev/brgd/slinky_dog/SlinkyDog/Content/Characters/Mannequins/Animations/Quinn/MF_Idle.uexp" 162
"/Users/cecily_chung/dev/brgd/slinky_dog/SlinkyDog/Content/Characters/Mannequins/Animations/Manny/MM_Fall_Loop.uexp" 163
"/Users/cecily_chung/dev/brgd/slinky_dog/SlinkyDog/Content/Characters/Mannequins/Animations/Manny/MM_Fall_Loop.uasset" 164
"/Users/cecily_chung/dev/brgd/slinky_dog/SlinkyDog/Content/Characters/Mannequins/Animations/Manny/MM_Jump.uasset" 165
"/Users/cecily_chung/dev/brgd/slinky_dog/SlinkyDog/Content/Characters/Mannequins/Animations/Manny/MM_Jump.uexp" 166
"../../../Engine/Plugins/Animation/ControlRig/Content/Controls/DefaultGizmoLibrary.uexp" 167
"../../../Engine/Plugins/Animation/ControlRig/Content/Controls/DefaultGizmoLibrary.uasset" 168
"/Users/cecily_chung/dev/brgd/slinky_dog/SlinkyDog/Content/Characters/Mannequins/Rigs/CR_Mannequin_BasicFootIK.uasset" 169
"/Users/cecily_chung/dev/brgd/slinky_dog/SlinkyDog/Content/Characters/Mannequins/Rigs/CR_Mannequin_BasicFootIK.uexp" 170
"/Users/cecily_chung/dev/brgd/slinky_dog/SlinkyDog/Content/Characters/Mannequins/Animations/Manny/MM_Run_Fwd.uasset" 171
"/Users/cecily_chung/dev/brgd/slinky_dog/SlinkyDog/Content/Characters/Mannequins/Animations/Manny/MM_Run_Fwd.uexp" 172
"/Users/cecily_chung/dev/brgd/slinky_dog/SlinkyDog/Content/Characters/Mannequins/Animations/Manny/MM_Walk_Fwd.uasset" 173
"/Users/cecily_chung/dev/brgd/slinky_dog/SlinkyDog/Content/Characters/Mannequins/Animations/Manny/MM_Walk_Fwd.uexp" 174
"/Users/cecily_chung/dev/brgd/slinky_dog/SlinkyDog/Content/Characters/Mannequins/Animations/Manny/BS_MM_WalkRun.uexp" 175
"/Users/cecily_chung/dev/brgd/slinky_dog/SlinkyDog/Content/Characters/Mannequins/Animations/Manny/BS_MM_WalkRun.uasset" 176
"/Users/cecily_chung/dev/brgd/slinky_dog/SlinkyDog/Content/Characters/Mannequins/Animations/Manny/MM_Land.uexp" 177
"/Users/cecily_chung/dev/brgd/slinky_dog/SlinkyDog/Content/Characters/Mannequins/Animations/Manny/MM_Land.uasset" 178
"/Users/cecily_chung/dev/brgd/slinky_dog/SlinkyDog/Content/Characters/Mannequins/Animations/Manny/MM_Idle.uexp" 179
"/Users/cecily_chung/dev/brgd/slinky_dog/SlinkyDog/Content/Characters/Mannequins/Animations/Manny/MM_Idle.uasset" 180
"/Users/cecily_chung/dev/brgd/slinky_dog/SlinkyDog/Content/Characters/Mannequins/Animations/ABP_Manny.uasset" 181
"/Users/cecily_chung/dev/brgd/slinky_dog/SlinkyDog/Content/Characters/Mannequins/Animations/ABP_Manny.uexp" 182
"/Users/cecily_chung/dev/brgd/slinky_dog/SlinkyDog/Content/Characters/Mannequins/Animations/ABP_Quinn.uasset" 183
"/Users/cecily_chung/dev/brgd/slinky_dog/SlinkyDog/Content/Characters/Mannequins/Animations/ABP_Quinn.uexp" 184
"/Users/cecily_chung/dev/brgd/slinky_dog/SlinkyDog/Content/Characters/April13thDog/SK_DogHead_PhysicsAsset.uexp" 185
"/Users/cecily_chung/dev/brgd/slinky_dog/SlinkyDog/Content/Characters/April13thDog/SK_DogHead_PhysicsAsset.uasset" 186
"/Users/cecily_chung/dev/brgd/slinky_dog/SlinkyDog/Content/Characters/Mannequins/Rigs/Poses/Quinn/Quinn_foot_l_anim.uasset" 187
"/Users/cecily_chung/dev/brgd/slinky_dog/SlinkyDog/Content/Characters/Mannequins/Rigs/Poses/Quinn/Quinn_foot_l_anim.uexp" 188
"/Users/cecily_chung/dev/brgd/slinky_dog/SlinkyDog/Content/Characters/Mannequins/Rigs/Poses/Quinn/Quinn_foot_l_pose.uexp" 189
"/Users/cecily_chung/dev/brgd/slinky_dog/SlinkyDog/Content/Characters/Mannequins/Rigs/Poses/Quinn/Quinn_foot_l_pose.uasset" 190
"/Users/cecily_chung/dev/brgd/slinky_dog/SlinkyDog/Content/Characters/Mannequins/Rigs/Poses/Quinn/Quinn_clavicle_l_anim.uexp" 191
"/Users/cecily_chung/dev/brgd/slinky_dog/SlinkyDog/Content/Characters/Mannequins/Rigs/Poses/Quinn/Quinn_clavicle_l_anim.uasset" 192
"/Users/cecily_chung/dev/brgd/slinky_dog/SlinkyDog/Content/Characters/Mannequins/Rigs/Poses/Quinn/Quinn_clavicle_l_pose.uexp" 193
"/Users/cecily_chung/dev/brgd/slinky_dog/SlinkyDog/Content/Characters/Mannequins/Rigs/Poses/Quinn/Quinn_clavicle_l_pose.uasset" 194
"/Users/cecily_chung/dev/brgd/slinky_dog/SlinkyDog/Content/Characters/Mannequins/Rigs/Poses/Quinn/Quinn_clavicle_r_anim.uasset" 195
"/Users/cecily_chung/dev/brgd/slinky_dog/SlinkyDog/Content/Characters/Mannequins/Rigs/Poses/Quinn/Quinn_clavicle_r_anim.uexp" 196
"/Users/cecily_chung/dev/brgd/slinky_dog/SlinkyDog/Content/Characters/Mannequins/Rigs/Poses/Quinn/Quinn_clavicle_r_pose.uexp" 197
"/Users/cecily_chung/dev/brgd/slinky_dog/SlinkyDog/Content/Characters/Mannequins/Rigs/Poses/Quinn/Quinn_clavicle_r_pose.uasset" 198
"/Users/cecily_chung/dev/brgd/slinky_dog/SlinkyDog/Content/Characters/Mannequins/Rigs/Poses/Quinn/Quinn_upperarm_l_anim.uasset" 199
"/Users/cecily_chung/dev/brgd/slinky_dog/SlinkyDog/Content/Characters/Mannequins/Rigs/Poses/Quinn/Quinn_upperarm_l_anim.uexp" 200
"/Users/cecily_chung/dev/brgd/slinky_dog/SlinkyDog/Content/Characters/Mannequins/Rigs/Poses/Quinn/Quinn_upperarm_l_pose.uexp" 201
"/Users/cecily_chung/dev/brgd/slinky_dog/SlinkyDog/Content/Characters/Mannequins/Rigs/Poses/Quinn/Quinn_upperarm_l_pose.uasset" 202
"/Users/cecily_chung/dev/brgd/slinky_dog/SlinkyDog/Content/Characters/Mannequins/Rigs/Poses/Quinn/Quinn_lowerarm_l_anim.uasset" 203
"/Users/cecily_chung/dev/brgd/slinky_dog/SlinkyDog/Content/Characters/Mannequins/Rigs/Poses/Quinn/Quinn_lowerarm_l_anim.uexp" 204
"/Users/cecily_chung/dev/brgd/slinky_dog/SlinkyDog/Content/Characters/Mannequins/Rigs/Poses/Quinn/Quinn_lowerarm_l_pose.uasset" 205
"/Users/cecily_chung/dev/brgd/slinky_dog/SlinkyDog/Content/Characters/Mannequins/Rigs/Poses/Quinn/Quinn_lowerarm_l_pose.uexp" 206
"/Users/cecily_chung/dev/brgd/slinky_dog/SlinkyDog/Content/Characters/Mannequins/Rigs/Poses/Quinn/Quinn_calf_l_anim.uasset" 207
"/Users/cecily_chung/dev/brgd/slinky_dog/SlinkyDog/Content/Characters/Mannequins/Rigs/Poses/Quinn/Quinn_calf_l_anim.uexp" 208
"/Users/cecily_chung/dev/brgd/slinky_dog/SlinkyDog/Content/Characters/Mannequins/Rigs/Poses/Quinn/Quinn_calf_l_pose.uasset" 209
"/Users/cecily_chung/dev/brgd/slinky_dog/SlinkyDog/Content/Characters/Mannequins/Rigs/Poses/Quinn/Quinn_calf_l_pose.uexp" 210
"/Users/cecily_chung/dev/brgd/slinky_dog/SlinkyDog/Content/Characters/Mannequins/Rigs/CR_Mannequin_Procedural.uexp" 211
"/Users/cecily_chung/dev/brgd/slinky_dog/SlinkyDog/Content/Characters/Mannequins/Rigs/CR_Mannequin_Procedural.uasset" 212
"/Users/cecily_chung/dev/brgd/slinky_dog/SlinkyDog/Content/Characters/Mannequins/Rigs/Poses/Quinn/Quinn_upperarm_r_anim.uexp" 213
"/Users/cecily_chung/dev/brgd/slinky_dog/SlinkyDog/Content/Characters/Mannequins/Rigs/Poses/Quinn/Quinn_upperarm_r_anim.uasset" 214
"/Users/cecily_chung/dev/brgd/slinky_dog/SlinkyDog/Content/Characters/Mannequins/Rigs/Poses/Quinn/Quinn_upperarm_r_pose.uexp" 215
"/Users/cecily_chung/dev/brgd/slinky_dog/SlinkyDog/Content/Characters/Mannequins/Rigs/Poses/Quinn/Quinn_upperarm_r_pose.uasset" 216
"/Users/cecily_chung/dev/brgd/slinky_dog/SlinkyDog/Content/Characters/Mannequins/Rigs/Poses/Quinn/Quinn_calf_r_anim.uexp" 217
"/Users/cecily_chung/dev/brgd/slinky_dog/SlinkyDog/Content/Characters/Mannequins/Rigs/Poses/Quinn/Quinn_calf_r_anim.uasset" 218
"/Users/cecily_chung/dev/brgd/slinky_dog/SlinkyDog/Content/Characters/Mannequins/Rigs/Poses/Quinn/Quinn_calf_r_pose.uexp" 219
"/Users/cecily_chung/dev/brgd/slinky_dog/SlinkyDog/Content/Characters/Mannequins/Rigs/Poses/Quinn/Quinn_calf_r_pose.uasset" 220
"/Users/cecily_chung/dev/brgd/slinky_dog/SlinkyDog/Content/Characters/Mannequins/Rigs/Poses/Quinn/Quinn_foot_r_anim.uexp" 221
"/Users/cecily_chung/dev/brgd/slinky_dog/SlinkyDog/Content/Characters/Mannequins/Rigs/Poses/Quinn/Quinn_foot_r_anim.uasset" 222
"/Users/cecily_chung/dev/brgd/slinky_dog/SlinkyDog/Content/Characters/Mannequins/Rigs/Poses/Quinn/Quinn_foot_r_pose.uexp" 223
"/Users/cecily_chung/dev/brgd/slinky_dog/SlinkyDog/Content/Characters/Mannequins/Rigs/Poses/Quinn/Quinn_foot_r_pose.uasset" 224
"/Users/cecily_chung/dev/brgd/slinky_dog/SlinkyDog/Content/Characters/Mannequins/Rigs/Poses/Quinn/Quinn_lowerarm_r_anim.uexp" 225
"/Users/cecily_chung/dev/brgd/slinky_dog/SlinkyDog/Content/Characters/Mannequins/Rigs/Poses/Quinn/Quinn_lowerarm_r_anim.uasset" 226
"/Users/cecily_chung/dev/brgd/slinky_dog/SlinkyDog/Content/Characters/Mannequins/Rigs/Poses/Quinn/Quinn_lowerarm_r_pose.uasset" 227
"/Users/cecily_chung/dev/brgd/slinky_dog/SlinkyDog/Content/Characters/Mannequins/Rigs/Poses/Quinn/Quinn_lowerarm_r_pose.uexp" 228
"/Users/cecily_chung/dev/brgd/slinky_dog/SlinkyDog/Content/Characters/Mannequins/Rigs/Poses/Quinn/Quinn_thigh_l_anim.uexp" 229
"/Users/cecily_chung/dev/brgd/slinky_dog/SlinkyDog/Content/Characters/Mannequins/Rigs/Poses/Quinn/Quinn_thigh_l_anim.uasset" 230
"/Users/cecily_chung/dev/brgd/slinky_dog/SlinkyDog/Content/Characters/Mannequins/Rigs/Poses/Quinn/Quinn_thigh_l_pose.uasset" 231
"/Users/cecily_chung/dev/brgd/slinky_dog/SlinkyDog/Content/Characters/Mannequins/Rigs/Poses/Quinn/Quinn_thigh_l_pose.uexp" 232
"/Users/cecily_chung/dev/brgd/slinky_dog/SlinkyDog/Content/Characters/Mannequins/Rigs/Poses/Quinn/Quinn_thigh_r_anim.uexp" 233
"/Users/cecily_chung/dev/brgd/slinky_dog/SlinkyDog/Content/Characters/Mannequins/Rigs/Poses/Quinn/Quinn_thigh_r_anim.uasset" 234
"/Users/cecily_chung/dev/brgd/slinky_dog/SlinkyDog/Content/Characters/Mannequins/Rigs/Poses/Quinn/Quinn_thigh_r_pose.uexp" 235
"/Users/cecily_chung/dev/brgd/slinky_dog/SlinkyDog/Content/Characters/Mannequins/Rigs/Poses/Quinn/Quinn_thigh_r_pose.uasset" 236
"/Users/cecily_chung/dev/brgd/slinky_dog/SlinkyDog/Content/Characters/Mannequins/Rigs/Poses/Quinn/Quinn_hand_l_anim.uexp" 237
"/Users/cecily_chung/dev/brgd/slinky_dog/SlinkyDog/Content/Characters/Mannequins/Rigs/Poses/Quinn/Quinn_hand_l_anim.uasset" 238
"/Users/cecily_chung/dev/brgd/slinky_dog/SlinkyDog/Content/Characters/Mannequins/Rigs/Poses/Quinn/Quinn_hand_l_pose.uexp" 239
"/Users/cecily_chung/dev/brgd/slinky_dog/SlinkyDog/Content/Characters/Mannequins/Rigs/Poses/Quinn/Quinn_hand_l_pose.uasset" 240
"/Users/cecily_chung/dev/brgd/slinky_dog/SlinkyDog/Content/Characters/Mannequins/Rigs/Poses/Quinn/Quinn_hand_r_anim.uasset" 241
"/Users/cecily_chung/dev/brgd/slinky_dog/SlinkyDog/Content/Characters/Mannequins/Rigs/Poses/Quinn/Quinn_hand_r_anim.uexp" 242
"/Users/cecily_chung/dev/brgd/slinky_dog/SlinkyDog/Content/Characters/Mannequins/Rigs/Poses/Quinn/Quinn_hand_r_pose.uexp" 243
"/Users/cecily_chung/dev/brgd/slinky_dog/SlinkyDog/Content/Characters/Mannequins/Rigs/Poses/Quinn/Quinn_hand_r_pose.uasset" 244
"/Users/cecily_chung/dev/brgd/slinky_dog/SlinkyDog/Content/Characters/Mannequins/Rigs/ABP_Quinn_PostProcess.uasset" 245
"/Users/cecily_chung/dev/brgd/slinky_dog/SlinkyDog/Content/Characters/Mannequins/Rigs/ABP_Quinn_PostProcess.uexp" 246
"/Users/cecily_chung/dev/brgd/slinky_dog/SlinkyDog/Content/Characters/Mannequins/Textures/Quinn/T_Quinn_02ID_MSR_MSK.uexp" 247
"/Users/cecily_chung/dev/brgd/slinky_dog/SlinkyDog/Content/Characters/Mannequins/Textures/Quinn/T_Quinn_02ID_MSR_MSK.ubulk" 248
"/Users/cecily_chung/dev/brgd/slinky_dog/SlinkyDog/Content/Characters/Mannequins/Textures/Quinn/T_Quinn_02ID_MSR_MSK.uasset" 249
"/Users/cecily_chung/dev/brgd/slinky_dog/SlinkyDog/Content/Characters/Mannequins/Textures/Quinn/T_Quinn_02ID_BN.ubulk" 250
"/Users/cecily_chung/dev/brgd/slinky_dog/SlinkyDog/Content/Characters/Mannequins/Textures/Quinn/T_Quinn_02ID_BN.uasset" 251
"/Users/cecily_chung/dev/brgd/slinky_dog/SlinkyDog/Content/Characters/Mannequins/Textures/Quinn/T_Quinn_02ID_BN.uexp" 252
"/Users/cecily_chung/dev/brgd/slinky_dog/SlinkyDog/Content/Characters/Mannequins/Textures/Quinn/T_Quinn_02_ASAOMASK_MSK.ubulk" 253
"/Users/cecily_chung/dev/brgd/slinky_dog/SlinkyDog/Content/Characters/Mannequins/Textures/Quinn/T_Quinn_02_ASAOMASK_MSK.uexp" 254
"/Users/cecily_chung/dev/brgd/slinky_dog/SlinkyDog/Content/Characters/Mannequins/Textures/Quinn/T_Quinn_02_ASAOMASK_MSK.uasset" 255
"/Users/cecily_chung/dev/brgd/slinky_dog/SlinkyDog/Content/Characters/Mannequins/Textures/Quinn/T_Quinn_02_CCRCCPlastic_MSK.uexp" 256
"/Users/cecily_chung/dev/brgd/slinky_dog/SlinkyDog/Content/Characters/Mannequins/Textures/Quinn/T_Quinn_02_CCRCCPlastic_MSK.ubulk" 257
"/Users/cecily_chung/dev/brgd/slinky_dog/SlinkyDog/Content/Characters/Mannequins/Textures/Quinn/T_Quinn_02_CCRCCPlastic_MSK.uasset" 258
"/Users/cecily_chung/dev/brgd/slinky_dog/SlinkyDog/Content/Characters/Mannequins/Textures/Quinn/T_Quinn_02ID_Tan.uexp" 259
"/Users/cecily_chung/dev/brgd/slinky_dog/SlinkyDog/Content/Characters/Mannequins/Textures/Quinn/T_Quinn_02ID_Tan.ubulk" 260
"/Users/cecily_chung/dev/brgd/slinky_dog/SlinkyDog/Content/Characters/Mannequins/Textures/Quinn/T_Quinn_02ID_Tan.uasset" 261
"/Users/cecily_chung/dev/brgd/slinky_dog/SlinkyDog/Content/Characters/Mannequins/Textures/Quinn/T_Quinn_02ID_D.uexp" 262
"/Users/cecily_chung/dev/brgd/slinky_dog/SlinkyDog/Content/Characters/Mannequins/Textures/Quinn/T_Quinn_02ID_D.uasset" 263
"/Users/cecily_chung/dev/brgd/slinky_dog/SlinkyDog/Content/Characters/Mannequins/Textures/Quinn/T_Quinn_02ID_D.ubulk" 264
"/Users/cecily_chung/dev/brgd/slinky_dog/SlinkyDog/Content/Characters/Mannequins/Textures/Quinn/T_Quinn_01ID_MSR_MSK.uasset" 265
"/Users/cecily_chung/dev/brgd/slinky_dog/SlinkyDog/Content/Characters/Mannequins/Textures/Quinn/T_Quinn_01ID_MSR_MSK.uexp" 266
"/Users/cecily_chung/dev/brgd/slinky_dog/SlinkyDog/Content/Characters/Mannequins/Textures/Quinn/T_Quinn_01ID_MSR_MSK.ubulk" 267
"/Users/cecily_chung/dev/brgd/slinky_dog/SlinkyDog/Content/Characters/Mannequins/Materials/Functions/ChromaticCurve.uasset" 268
"/Users/cecily_chung/dev/brgd/slinky_dog/SlinkyDog/Content/Characters/Mannequins/Materials/Functions/ChromaticCurve.uexp" 269
"/Users/cecily_chung/dev/brgd/slinky_dog/SlinkyDog/Content/Characters/Mannequins/Materials/Functions/CA_Mannequin.uasset" 270
"/Users/cecily_chung/dev/brgd/slinky_dog/SlinkyDog/Content/Characters/Mannequins/Materials/Functions/CA_Mannequin.uexp" 271
"/Users/cecily_chung/dev/brgd/slinky_dog/SlinkyDog/Content/Characters/Mannequins/Materials/Functions/MF_Diffraction.uasset" 272
"/Users/cecily_chung/dev/brgd/slinky_dog/SlinkyDog/Content/Characters/Mannequins/Materials/Functions/MF_Diffraction.uexp" 273
"/Users/cecily_chung/dev/brgd/slinky_dog/SlinkyDog/Content/Characters/Mannequins/Textures/Manny/T_Manny_01_N.ubulk" 274
"/Users/cecily_chung/dev/brgd/slinky_dog/SlinkyDog/Content/Characters/Mannequins/Textures/Manny/T_Manny_01_N.uexp" 275
"/Users/cecily_chung/dev/brgd/slinky_dog/SlinkyDog/Content/Characters/Mannequins/Textures/Manny/T_Manny_01_N.uasset" 276
"/Users/cecily_chung/dev/brgd/slinky_dog/SlinkyDog/Content/Characters/Mannequins/Materials/Functions/ML_BaseColorFallOff.uexp" 277
"/Users/cecily_chung/dev/brgd/slinky_dog/SlinkyDog/Content/Characters/Mannequins/Materials/Functions/ML_BaseColorFallOff.uasset" 278
"../../../Engine/Content/Functions/Engine_MaterialFunctions02/Utility/BreakOutFloat2Components.uasset" 279
"../../../Engine/Content/Functions/Engine_MaterialFunctions02/Utility/BreakOutFloat2Components.uexp" 280
"../../../Engine/Content/Functions/Engine_MaterialFunctions01/Texturing/ScaleUVsByCenter.uexp" 281
"../../../Engine/Content/Functions/Engine_MaterialFunctions01/Texturing/ScaleUVsByCenter.uasset" 282
"/Users/cecily_chung/dev/brgd/slinky_dog/SlinkyDog/Content/Characters/Mannequins/Textures/Shared/T_UE_Logo_M.uasset" 283
"/Users/cecily_chung/dev/brgd/slinky_dog/SlinkyDog/Content/Characters/Mannequins/Textures/Shared/T_UE_Logo_M.uexp" 284
"/Users/cecily_chung/dev/brgd/slinky_dog/SlinkyDog/Content/Characters/Mannequins/Materials/Functions/MF_logo3layers.uasset" 285
"/Users/cecily_chung/dev/brgd/slinky_dog/SlinkyDog/Content/Characters/Mannequins/Materials/Functions/MF_logo3layers.uexp" 286
"/Users/cecily_chung/dev/brgd/slinky_dog/SlinkyDog/Content/Characters/Mannequins/Textures/Manny/T_Manny_01_CCRCCPlastic_MSK.ubulk" 287
"/Users/cecily_chung/dev/brgd/slinky_dog/SlinkyDog/Content/Characters/Mannequins/Textures/Manny/T_Manny_01_CCRCCPlastic_MSK.uasset" 288
"/Users/cecily_chung/dev/brgd/slinky_dog/SlinkyDog/Content/Characters/Mannequins/Textures/Manny/T_Manny_01_CCRCCPlastic_MSK.uexp" 289
"/Users/cecily_chung/dev/brgd/slinky_dog/SlinkyDog/Content/Characters/Mannequins/Textures/Manny/T_Manny_01_ASAOPMASK_MSK.ubulk" 290
"/Users/cecily_chung/dev/brgd/slinky_dog/SlinkyDog/Content/Characters/Mannequins/Textures/Manny/T_Manny_01_ASAOPMASK_MSK.uasset" 291
"/Users/cecily_chung/dev/brgd/slinky_dog/SlinkyDog/Content/Characters/Mannequins/Textures/Manny/T_Manny_01_ASAOPMASK_MSK.uexp" 292
"/Users/cecily_chung/dev/brgd/slinky_dog/SlinkyDog/Content/Characters/Mannequins/Textures/Manny/T_Manny_01_MSR_MSK.uexp" 293
"/Users/cecily_chung/dev/brgd/slinky_dog/SlinkyDog/Content/Characters/Mannequins/Textures/Manny/T_Manny_01_MSR_MSK.ubulk" 294
"/Users/cecily_chung/dev/brgd/slinky_dog/SlinkyDog/Content/Characters/Mannequins/Textures/Manny/T_Manny_01_MSR_MSK.uasset" 295
"/Users/cecily_chung/dev/brgd/slinky_dog/SlinkyDog/Content/Characters/Mannequins/Textures/Manny/T_Manny_01_BN.ubulk" 296
"/Users/cecily_chung/dev/brgd/slinky_dog/SlinkyDog/Content/Characters/Mannequins/Textures/Manny/T_Manny_01_BN.uexp" 297
"/Users/cecily_chung/dev/brgd/slinky_dog/SlinkyDog/Content/Characters/Mannequins/Textures/Manny/T_Manny_01_BN.uasset" 298
"/Users/cecily_chung/dev/brgd/slinky_dog/SlinkyDog/Content/Characters/Mannequins/Textures/Manny/T_Manny_01_D.ubulk" 299
"/Users/cecily_chung/dev/brgd/slinky_dog/SlinkyDog/Content/Characters/Mannequins/Textures/Manny/T_Manny_01_D.uexp" 300
"/Users/cecily_chung/dev/brgd/slinky_dog/SlinkyDog/Content/Characters/Mannequins/Textures/Manny/T_Manny_01_D.uasset" 301
"/Users/cecily_chung/dev/brgd/slinky_dog/SlinkyDog/Content/Characters/Mannequins/Textures/Manny/T_Manny_01_Tan.uexp" 302
"/Users/cecily_chung/dev/brgd/slinky_dog/SlinkyDog/Content/Characters/Mannequins/Textures/Manny/T_Manny_01_Tan.uasset" 303
"/Users/cecily_chung/dev/brgd/slinky_dog/SlinkyDog/Content/Characters/Mannequins/Textures/Manny/T_Manny_01_Tan.ubulk" 304
"/Users/cecily_chung/dev/brgd/slinky_dog/SlinkyDog/Content/Characters/Mannequins/Materials/M_Mannequin.uexp" 305
"/Users/cecily_chung/dev/brgd/slinky_dog/SlinkyDog/Content/Characters/Mannequins/Materials/M_Mannequin.uasset" 306
"/Users/cecily_chung/dev/brgd/slinky_dog/SlinkyDog/Content/Characters/Mannequins/Textures/Quinn/T_Quinn_01_ASAOMASK_MSK.ubulk" 307
"/Users/cecily_chung/dev/brgd/slinky_dog/SlinkyDog/Content/Characters/Mannequins/Textures/Quinn/T_Quinn_01_ASAOMASK_MSK.uexp" 308
"/Users/cecily_chung/dev/brgd/slinky_dog/SlinkyDog/Content/Characters/Mannequins/Textures/Quinn/T_Quinn_01_ASAOMASK_MSK.uasset" 309
"/Users/cecily_chung/dev/brgd/slinky_dog/SlinkyDog/Content/Characters/Mannequins/Textures/Quinn/T_Quinn_01ID_N.uasset" 310
"/Users/cecily_chung/dev/brgd/slinky_dog/SlinkyDog/Content/Characters/Mannequins/Textures/Quinn/T_Quinn_01ID_N.uexp" 311
"/Users/cecily_chung/dev/brgd/slinky_dog/SlinkyDog/Content/Characters/Mannequins/Textures/Quinn/T_Quinn_01ID_N.ubulk" 312
"/Users/cecily_chung/dev/brgd/slinky_dog/SlinkyDog/Content/Characters/Mannequins/Textures/Quinn/T_Quinn_01ID_BN.uexp" 313
"/Users/cecily_chung/dev/brgd/slinky_dog/SlinkyDog/Content/Characters/Mannequins/Textures/Quinn/T_Quinn_01ID_BN.uasset" 314
"/Users/cecily_chung/dev/brgd/slinky_dog/SlinkyDog/Content/Characters/Mannequins/Textures/Quinn/T_Quinn_01ID_BN.ubulk" 315
"/Users/cecily_chung/dev/brgd/slinky_dog/SlinkyDog/Content/Characters/Mannequins/Textures/Quinn/T_Quinn_01ID_D.uexp" 316
"/Users/cecily_chung/dev/brgd/slinky_dog/SlinkyDog/Content/Characters/Mannequins/Textures/Quinn/T_Quinn_01ID_D.ubulk" 317
"/Users/cecily_chung/dev/brgd/slinky_dog/SlinkyDog/Content/Characters/Mannequins/Textures/Quinn/T_Quinn_01ID_D.uasset" 318
"/Users/cecily_chung/dev/brgd/slinky_dog/SlinkyDog/Content/Characters/Mannequins/Textures/Quinn/T_Quinn_01ID_Tan.ubulk" 319
"/Users/cecily_chung/dev/brgd/slinky_dog/SlinkyDog/Content/Characters/Mannequins/Textures/Quinn/T_Quinn_01ID_Tan.uasset" 320
"/Users/cecily_chung/dev/brgd/slinky_dog/SlinkyDog/Content/Characters/Mannequins/Textures/Quinn/T_Quinn_01ID_Tan.uexp" 321
"/Users/cecily_chung/dev/brgd/slinky_dog/SlinkyDog/Content/Characters/Mannequins/Textures/Quinn/T_Quinn_01_CCRCCPlastic_MSK.ubulk" 322
"/Users/cecily_chung/dev/brgd/slinky_dog/SlinkyDog/Content/Characters/Mannequins/Textures/Quinn/T_Quinn_01_CCRCCPlastic_MSK.uexp" 323
"/Users/cecily_chung/dev/brgd/slinky_dog/SlinkyDog/Content/Characters/Mannequins/Textures/Quinn/T_Quinn_01_CCRCCPlastic_MSK.uasset" 324
"/Users/cecily_chung/dev/brgd/slinky_dog/SlinkyDog/Content/Characters/Mannequins/Materials/Instances/Quinn/MI_Quinn_01.uasset" 325
"/Users/cecily_chung/dev/brgd/slinky_dog/SlinkyDog/Content/Characters/Mannequins/Materials/Instances/Quinn/MI_Quinn_01.uexp" 326
"/Users/cecily_chung/dev/brgd/slinky_dog/SlinkyDog/Content/Characters/Mannequins/Textures/Quinn/T_Quinn_02ID_N.ubulk" 327
"/Users/cecily_chung/dev/brgd/slinky_dog/SlinkyDog/Content/Characters/Mannequins/Textures/Quinn/T_Quinn_02ID_N.uasset" 328
"/Users/cecily_chung/dev/brgd/slinky_dog/SlinkyDog/Content/Characters/Mannequins/Textures/Quinn/T_Quinn_02ID_N.uexp" 329
"/Users/cecily_chung/dev/brgd/slinky_dog/SlinkyDog/Content/Characters/Mannequins/Materials/Instances/Quinn/MI_Quinn_02.uexp" 330
"/Users/cecily_chung/dev/brgd/slinky_dog/SlinkyDog/Content/Characters/Mannequins/Materials/Instances/Quinn/MI_Quinn_02.uasset" 331
"/Users/cecily_chung/dev/brgd/slinky_dog/SlinkyDog/Content/Characters/Mannequins/Meshes/SKM_Quinn.uexp" 332
"/Users/cecily_chung/dev/brgd/slinky_dog/SlinkyDog/Content/Characters/Mannequins/Meshes/SKM_Quinn.uasset" 333
"../../../Engine/Content/EditorBlueprintResources/StandardMacros.uasset" 334
"../../../Engine/Content/EditorBlueprintResources/StandardMacros.uexp" 335
"/Users/cecily_chung/dev/brgd/slinky_dog/SlinkyDog/Content/SlinkyDog/Proto_2d.uasset" 336
"/Users/cecily_chung/dev/brgd/slinky_dog/SlinkyDog/Content/SlinkyDog/Proto_2d.uexp" 337
"/Users/cecily_chung/dev/brgd/slinky_dog/SlinkyDog/Content/SlinkyDog/Proto_2dController.uasset" 338
"/Users/cecily_chung/dev/brgd/slinky_dog/SlinkyDog/Content/SlinkyDog/Proto_2dController.uexp" 339
"/Users/cecily_chung/dev/brgd/slinky_dog/SlinkyDog/Content/SlinkyDog/Proto_2dGM.uasset" 340
"/Users/cecily_chung/dev/brgd/slinky_dog/SlinkyDog/Content/SlinkyDog/Proto_2dGM.uexp" 341
"/Users/cecily_chung/dev/brgd/slinky_dog/SlinkyDog/Content/images/icon.uexp" 342
"/Users/cecily_chung/dev/brgd/slinky_dog/SlinkyDog/Content/images/icon.uasset" 343
"/Users/cecily_chung/dev/brgd/slinky_dog/SlinkyDog/Content/images/splash.uasset" 344
"/Users/cecily_chung/dev/brgd/slinky_dog/SlinkyDog/Content/images/splash.uexp" 345
"../../../Engine/Content/VREditor/TransformGizmo/StartRotationHandleIndicator.ubulk" 346
"../../../Engine/Content/VREditor/TransformGizmo/StartRotationHandleIndicator.uexp" 347
"../../../Engine/Content/VREditor/TransformGizmo/StartRotationHandleIndicator.uasset" 348
"../../../Engine/Content/VREditor/Sounds/UI/Drop_Item_From_ContentBrowser.ubulk" 349
"../../../Engine/Content/VREditor/Sounds/UI/Drop_Item_From_ContentBrowser.uasset" 350
"../../../Engine/Content/VREditor/Sounds/UI/Drop_Item_From_ContentBrowser.uexp" 351
"../../../Engine/Content/VREditor/TransformGizmo/PlaneTranslationHandle.ubulk" 352
"../../../Engine/Content/VREditor/TransformGizmo/PlaneTranslationHandle.uasset" 353
"../../../Engine/Content/VREditor/TransformGizmo/PlaneTranslationHandle.uexp" 354
"../../../Engine/Content/VREditor/Sounds/UI/Object_Snaps_To_Grid.ubulk" 355
"../../../Engine/Content/VREditor/Sounds/UI/Object_Snaps_To_Grid.uasset" 356
"../../../Engine/Content/VREditor/Sounds/UI/Object_Snaps_To_Grid.uexp" 357
"../../../Engine/Content/VREditor/Sounds/UI/Selection_Changes.ubulk" 358
"../../../Engine/Content/VREditor/Sounds/UI/Selection_Changes.uasset" 359
"../../../Engine/Content/VREditor/Sounds/UI/Selection_Changes.uexp" 360
"../../../Engine/Content/VREditor/Sounds/UI/Object_Snaps_To_Another_Actor.uasset" 361
"../../../Engine/Content/VREditor/Sounds/UI/Object_Snaps_To_Another_Actor.ubulk" 362
"../../../Engine/Content/VREditor/Sounds/UI/Object_Snaps_To_Another_Actor.uexp" 363
"../../../Engine/Content/VREditor/TransformGizmo/TranslucentTransformGizmoMaterial_Inst.uexp" 364
"../../../Engine/Content/VREditor/TransformGizmo/TranslucentTransformGizmoMaterial_Inst.uasset" 365
"../../../Engine/Content/VREditor/TransformGizmo/TransformGizmoFreeRotation.ubulk" 366
"../../../Engine/Content/VREditor/TransformGizmo/TransformGizmoFreeRotation.uasset" 367
"../../../Engine/Content/VREditor/TransformGizmo/TransformGizmoFreeRotation.uexp" 368
"../../../Engine/Content/VREditor/Sounds/UI/Scaling_Down.ubulk" 369
"../../../Engine/Content/VREditor/Sounds/UI/Scaling_Down.uexp" 370
"../../../Engine/Content/VREditor/Sounds/UI/Scaling_Down.uasset" 371
"../../../Engine/Content/Functions/Engine_MaterialFunctions02/Utility/BreakOutFloat3Components.uasset" 372
"../../../Engine/Content/Functions/Engine_MaterialFunctions02/Utility/BreakOutFloat3Components.uexp" 373
"../../../Engine/Content/Functions/Engine_MaterialFunctions02/Math/Transform3x3Matrix.uasset" 374
"../../../Engine/Content/Functions/Engine_MaterialFunctions02/Math/Transform3x3Matrix.uexp" 375
"../../../Engine/Content/Functions/Engine_MaterialFunctions02/SplitComponents.uasset" 376
"../../../Engine/Content/Functions/Engine_MaterialFunctions02/SplitComponents.uexp" 377
"../../../Engine/Content/Functions/Engine_MaterialFunctions02/Utility/MakeFloat3.uexp" 378
"../../../Engine/Content/Functions/Engine_MaterialFunctions02/Utility/MakeFloat3.uasset" 379
"../../../Engine/Content/VREditor/SnapGrid/SnapGridMaterial.uasset" 380
"../../../Engine/Content/VREditor/SnapGrid/SnapGridMaterial.uexp" 381
"../../../Engine/Content/VREditor/SnapGrid/SnapGridPlaneMesh.uexp" 382
"../../../Engine/Content/VREditor/SnapGrid/SnapGridPlaneMesh.ubulk" 383
"../../../Engine/Content/VREditor/SnapGrid/SnapGridPlaneMesh.uasset" 384
"../../../Engine/Content/VREditor/Sounds/UI/Scaling_Up.ubulk" 385
"../../../Engine/Content/VREditor/Sounds/UI/Scaling_Up.uasset" 386
"../../../Engine/Content/VREditor/Sounds/UI/Scaling_Up.uexp" 387
"../../../Engine/Content/VREditor/TransformGizmo/TransformGizmoMaterial_Inst.uexp" 388
"../../../Engine/Content/VREditor/TransformGizmo/TransformGizmoMaterial_Inst.uasset" 389
"../../../Engine/Content/VREditor/Sounds/UI/Gizmo_Handle_Clicked.uasset" 390
"../../../Engine/Content/VREditor/Sounds/UI/Gizmo_Handle_Clicked.uexp" 391
"../../../Engine/Content/VREditor/Sounds/UI/Gizmo_Handle_Clicked.ubulk" 392
"../../../Engine/Content/VREditor/TransformGizmo/RotationHandleQuarter.uasset" 393
"../../../Engine/Content/VREditor/TransformGizmo/RotationHandleQuarter.ubulk" 394
"../../../Engine/Content/VREditor/TransformGizmo/RotationHandleQuarter.uexp" 395
"../../../Engine/Content/VREditor/TransformGizmo/TranslateArrowHandle.ubulk" 396
"../../../Engine/Content/VREditor/TransformGizmo/TranslateArrowHandle.uasset" 397
"../../../Engine/Content/VREditor/TransformGizmo/TranslateArrowHandle.uexp" 398
"../../../Engine/Content/VREditor/TransformGizmo/RotationHandleIndicator.uexp" 399
"../../../Engine/Content/VREditor/TransformGizmo/RotationHandleIndicator.ubulk" 400
"../../../Engine/Content/VREditor/TransformGizmo/RotationHandleIndicator.uasset" 401
"../../../Engine/Content/VREditor/TransformGizmo/UniformScaleHandle.ubulk" 402
"../../../Engine/Content/VREditor/TransformGizmo/UniformScaleHandle.uasset" 403
"../../../Engine/Content/VREditor/TransformGizmo/UniformScaleHandle.uexp" 404
"../../../Engine/Content/VREditor/TransformGizmo/RotationHandleFull.uexp" 405
"../../../Engine/Content/VREditor/TransformGizmo/RotationHandleFull.ubulk" 406
"../../../Engine/Content/VREditor/TransformGizmo/RotationHandleFull.uasset" 407
"../../../Engine/Content/VREditor/Sounds/UI/Object_PickUp.ubulk" 408
"../../../Engine/Content/VREditor/Sounds/UI/Object_PickUp.uexp" 409
"../../../Engine/Content/VREditor/Sounds/UI/Object_PickUp.uasset" 410
"../../../Engine/Plugins/Interchange/Runtime/Content/Pipelines/DefaultGLTFPipeline.uexp" 411
"../../../Engine/Plugins/Interchange/Runtime/Content/Pipelines/DefaultGLTFPipeline.uasset" 412
"../../../Engine/Plugins/Interchange/Runtime/Content/Pipelines/DefaultGLTFAssetsPipeline.uexp" 413
"../../../Engine/Plugins/Interchange/Runtime/Content/Pipelines/DefaultGLTFAssetsPipeline.uasset" 414
"../../../Engine/Plugins/Interchange/Runtime/Content/Pipelines/DefaultAssetsPipeline.uexp" 415
"../../../Engine/Plugins/Interchange/Runtime/Content/Pipelines/DefaultAssetsPipeline.uasset" 416
"../../../Engine/Plugins/Interchange/Runtime/Content/Pipelines/DefaultSceneLevelPipeline.uexp" 417
"../../../Engine/Plugins/Interchange/Runtime/Content/Pipelines/DefaultSceneLevelPipeline.uasset" 418
"../../../Engine/Plugins/Interchange/Runtime/Content/Pipelines/DefaultMaterialXPipeline.uexp" 419
"../../../Engine/Plugins/Interchange/Runtime/Content/Pipelines/DefaultMaterialXPipeline.uasset" 420
"../../../Engine/Plugins/Interchange/Runtime/Content/Pipelines/DefaultSceneAssetsPipeline.uasset" 421
"../../../Engine/Plugins/Interchange/Runtime/Content/Pipelines/DefaultSceneAssetsPipeline.uexp" 422
"../../../Engine/Plugins/Interchange/Runtime/Content/Pipelines/DefaultMaterialPipeline.uasset" 423
"../../../Engine/Plugins/Interchange/Runtime/Content/Pipelines/DefaultMaterialPipeline.uexp" 424
"../../../Engine/Plugins/Interchange/Runtime/Content/Pipelines/DefaultGLTFSceneAssetsPipeline.uexp" 425
"../../../Engine/Plugins/Interchange/Runtime/Content/Pipelines/DefaultGLTFSceneAssetsPipeline.uasset" 426
"../../../Engine/Plugins/Interchange/Runtime/Content/Pipelines/DefaultTexturePipeline.uasset" 427
"../../../Engine/Plugins/Interchange/Runtime/Content/Pipelines/DefaultTexturePipeline.uexp" 428
"../../../Engine/Plugins/Runtime/MeshModelingToolset/Content/Materials/M_DynamicMeshComponentVtxColor.uexp" 429
"../../../Engine/Plugins/Runtime/MeshModelingToolset/Content/Materials/M_DynamicMeshComponentVtxColor.uasset" 430
"../../../Engine/Plugins/Interchange/Runtime/Content/Functions/MX_SurfaceUnlit.uasset" 431
"../../../Engine/Plugins/Interchange/Runtime/Content/Functions/MX_SurfaceUnlit.uexp" 432
"../../../Engine/Plugins/Interchange/Runtime/Content/Functions/MX_UsdPreviewSurface.uexp" 433
"../../../Engine/Plugins/Interchange/Runtime/Content/Functions/MX_UsdPreviewSurface.uasset" 434
"../../../Engine/Content/Functions/Engine_MaterialFunctions02/Utility/CameraDirectionVector.uexp" 435
"../../../Engine/Content/Functions/Engine_MaterialFunctions02/Utility/CameraDirectionVector.uasset" 436
"../../../Engine/Content/Functions/Engine_MaterialFunctions01/Volumetrics/BeersLaw.uasset" 437
"../../../Engine/Content/Functions/Engine_MaterialFunctions01/Volumetrics/BeersLaw.uexp" 438
"../../../Engine/Content/EngineMaterials/Good64x64TilingNoiseHighFreq.uasset" 439
"../../../Engine/Content/EngineMaterials/Good64x64TilingNoiseHighFreq.uexp" 440
"../../../Engine/Content/Functions/Engine_MaterialFunctions02/Texturing/ScreenAlignedPixelToPixelUVs.uasset" 441
"../../../Engine/Content/Functions/Engine_MaterialFunctions02/Texturing/ScreenAlignedPixelToPixelUVs.uexp" 442
"../../../Engine/Plugins/Interchange/Runtime/Content/gltf/MaterialFunctions/MF_Temporal_Blur.uexp" 443
"../../../Engine/Plugins/Interchange/Runtime/Content/gltf/MaterialFunctions/MF_Temporal_Blur.uasset" 444
"../../../Engine/Plugins/Interchange/Runtime/Content/gltf/MaterialFunctions/MF_Fresnel_DS.uexp" 445
"../../../Engine/Plugins/Interchange/Runtime/Content/gltf/MaterialFunctions/MF_Fresnel_DS.uasset" 446
"../../../Engine/Plugins/Interchange/Runtime/Content/Functions/MX_Transmission.uexp" 447
"../../../Engine/Plugins/Interchange/Runtime/Content/Functions/MX_Transmission.uasset" 448
"../../../Engine/Plugins/Interchange/Runtime/Content/Functions/MF_OrenNayerView.uexp" 449
"../../../Engine/Plugins/Interchange/Runtime/Content/Functions/MF_OrenNayerView.uasset" 450
"../../../Engine/Plugins/Interchange/Runtime/Content/Functions/MF_SchlickApprox.uasset" 451
"../../../Engine/Plugins/Interchange/Runtime/Content/Functions/MF_SchlickApprox.uexp" 452
"../../../Engine/Plugins/Interchange/Runtime/Content/Utilities/New_LUT.uasset" 453
"../../../Engine/Plugins/Interchange/Runtime/Content/Utilities/New_LUT.uexp" 454
"../../../Engine/Content/Functions/Engine_MaterialFunctions03/Math/RemapValueRange.uexp" 455
"../../../Engine/Content/Functions/Engine_MaterialFunctions03/Math/RemapValueRange.uasset" 456
"../../../Engine/Plugins/Interchange/Runtime/Content/Functions/MF_Iridescence.uasset" 457
"../../../Engine/Plugins/Interchange/Runtime/Content/Functions/MF_Iridescence.uexp" 458
"../../../Engine/Plugins/Interchange/Runtime/Content/Functions/MX_StandardSurface.uasset" 459
"../../../Engine/Plugins/Interchange/Runtime/Content/Functions/MX_StandardSurface.uexp" 460
"../../../Engine/Plugins/Interchange/Runtime/Content/Functions/MX_TransmissionSurface.uexp" 461
"../../../Engine/Plugins/Interchange/Runtime/Content/Functions/MX_TransmissionSurface.uasset" 462
"../../../Engine/Plugins/Editor/SpeedTreeImporter/Content/SpeedTree9/game_wind_noise.uexp" 463
"../../../Engine/Plugins/Editor/SpeedTreeImporter/Content/SpeedTree9/game_wind_noise.uasset" 464
"../../../Engine/Plugins/Editor/SpeedTreeImporter/Content/SpeedTree9/game_wind_noise.ubulk" 465
"../../../Engine/Plugins/Editor/SpeedTreeImporter/Content/SpeedTree9/UnpackDirection.uexp" 466
"../../../Engine/Plugins/Editor/SpeedTreeImporter/Content/SpeedTree9/UnpackDirection.uasset" 467
"../../../Engine/Content/Functions/Engine_MaterialFunctions02/ObjectLocalBounds.uasset" 468
"../../../Engine/Content/Functions/Engine_MaterialFunctions02/ObjectLocalBounds.uexp" 469
"../../../Engine/Content/Functions/Engine_MaterialFunctions02/UVs/BoundingBoxBased_0-1_UVW.uexp" 470
"../../../Engine/Content/Functions/Engine_MaterialFunctions02/UVs/BoundingBoxBased_0-1_UVW.uasset" 471
"../../../Engine/Content/Functions/Engine_MaterialFunctions02/Utility/VectorLength.uexp" 472
"../../../Engine/Content/Functions/Engine_MaterialFunctions02/Utility/VectorLength.uasset" 473
"../../../Engine/Plugins/Editor/SpeedTreeImporter/Content/SpeedTree9/UnpackInteger3.uexp" 474
"../../../Engine/Plugins/Editor/SpeedTreeImporter/Content/SpeedTree9/UnpackInteger3.uasset" 475
"../../../Engine/Plugins/Editor/SpeedTreeImporter/Content/SpeedTree9/SpeedTreeCameraFacing.uasset" 476
"../../../Engine/Plugins/Editor/SpeedTreeImporter/Content/SpeedTree9/SpeedTreeCameraFacing.uexp" 477
"../../../Engine/Content/Functions/Engine_MaterialFunctions02/WorldPositionOffset/ObjectScale.uexp" 478
"../../../Engine/Content/Functions/Engine_MaterialFunctions02/WorldPositionOffset/ObjectScale.uasset" 479
"../../../Engine/Content/Functions/Engine_MaterialFunctions02/SafeNormalize.uasset" 480
"../../../Engine/Content/Functions/Engine_MaterialFunctions02/SafeNormalize.uexp" 481
"../../../Engine/Plugins/Editor/SpeedTreeImporter/Content/SpeedTree9/SpeedTreeWindMotion.uexp" 482
"../../../Engine/Plugins/Editor/SpeedTreeImporter/Content/SpeedTree9/SpeedTreeWindMotion.uasset" 483
"../../../Engine/Plugins/Editor/SpeedTreeImporter/Content/SpeedTree9/SpeedTreeBranchMotion.uexp" 484
"../../../Engine/Plugins/Editor/SpeedTreeImporter/Content/SpeedTree9/SpeedTreeBranchMotion.uasset" 485
"../../../Engine/Plugins/Editor/SpeedTreeImporter/Content/SpeedTree9/SpeedTreeWind.uasset" 486
"../../../Engine/Plugins/Editor/SpeedTreeImporter/Content/SpeedTree9/SpeedTreeWind.uexp" 487
"../../../Engine/Plugins/Editor/SpeedTreeImporter/Content/SpeedTree9/EmptyNormal.uasset" 488
"../../../Engine/Plugins/Editor/SpeedTreeImporter/Content/SpeedTree9/EmptyNormal.uexp" 489
"../../../Engine/Plugins/Editor/SpeedTreeImporter/Content/SpeedTree9/Empty.uasset" 490
"../../../Engine/Plugins/Editor/SpeedTreeImporter/Content/SpeedTree9/Empty.uexp" 491
"../../../Engine/Plugins/Editor/SpeedTreeImporter/Content/SpeedTree9/SpeedTreeMaster.uexp" 492
"../../../Engine/Plugins/Editor/SpeedTreeImporter/Content/SpeedTree9/SpeedTreeMaster.uasset" 493
"../../../Engine/Plugins/Editor/SpeedTreeImporter/Content/SpeedTree9/SpeedTreeBillboard.uexp" 494
"../../../Engine/Plugins/Editor/SpeedTreeImporter/Content/SpeedTree9/SpeedTreeBillboard.uasset" 495
"../../../Engine/Plugins/Editor/SpeedTreeImporter/Content/SpeedTree9/SpeedTreeBillboardMaster.uasset" 496
"../../../Engine/Plugins/Editor/SpeedTreeImporter/Content/SpeedTree9/SpeedTreeBillboardMaster.uexp" 497
"../../../Engine/Plugins/Animation/ControlRig/Content/Controls/ControlRig_Octagon_solid.uexp" 498
"../../../Engine/Plugins/Animation/ControlRig/Content/Controls/ControlRig_Octagon_solid.ubulk" 499
"../../../Engine/Plugins/Animation/ControlRig/Content/Controls/ControlRig_Octagon_solid.uasset" 500
"../../../Engine/Plugins/Animation/ControlRig/Content/Controls/ControlRig_Pyramid_solid.uexp" 501
"../../../Engine/Plugins/Animation/ControlRig/Content/Controls/ControlRig_Pyramid_solid.ubulk" 502
"../../../Engine/Plugins/Animation/ControlRig/Content/Controls/ControlRig_Pyramid_solid.uasset" 503
"../../../Engine/Plugins/Animation/ControlRig/Content/Controls/ControlRig_Wedge_solid.uexp" 504
"../../../Engine/Plugins/Animation/ControlRig/Content/Controls/ControlRig_Wedge_solid.ubulk" 505
"../../../Engine/Plugins/Animation/ControlRig/Content/Controls/ControlRig_Wedge_solid.uasset" 506
"../../../Engine/Plugins/Animation/ControlRig/Content/Controls/ControlRig_RoundedSquare_1mm.ubulk" 507
"../../../Engine/Plugins/Animation/ControlRig/Content/Controls/ControlRig_RoundedSquare_1mm.uexp" 508
"../../../Engine/Plugins/Animation/ControlRig/Content/Controls/ControlRig_RoundedSquare_1mm.uasset" 509
"../../../Engine/Plugins/Animation/ControlRig/Content/Controls/ControlRig_Star4_1mm.ubulk" 510
"../../../Engine/Plugins/Animation/ControlRig/Content/Controls/ControlRig_Star4_1mm.uexp" 511
"../../../Engine/Plugins/Animation/ControlRig/Content/Controls/ControlRig_Star4_1mm.uasset" 512
"../../../Engine/Plugins/Animation/ControlRig/Content/Controls/ControlRigXRayMaterial.uexp" 513
"../../../Engine/Plugins/Animation/ControlRig/Content/Controls/ControlRigXRayMaterial.uasset" 514
"../../../Engine/Plugins/Animation/ControlRig/Content/Controls/ControlRig_Hexagon_solid.ubulk" 515
"../../../Engine/Plugins/Animation/ControlRig/Content/Controls/ControlRig_Hexagon_solid.uexp" 516
"../../../Engine/Plugins/Animation/ControlRig/Content/Controls/ControlRig_Hexagon_solid.uasset" 517
"../../../Engine/Plugins/Animation/ControlRig/Content/Controls/ControlRig_Arrow_solid.ubulk" 518
"../../../Engine/Plugins/Animation/ControlRig/Content/Controls/ControlRig_Arrow_solid.uexp" 519
"../../../Engine/Plugins/Animation/ControlRig/Content/Controls/ControlRig_Arrow_solid.uasset" 520
"../../../Engine/Plugins/Animation/ControlRig/Content/Controls/ControlRig_Triangle_3mm.uasset" 521
"../../../Engine/Plugins/Animation/ControlRig/Content/Controls/ControlRig_Triangle_3mm.uexp" 522
"../../../Engine/Plugins/Animation/ControlRig/Content/Controls/ControlRig_Triangle_3mm.ubulk" 523
"../../../Engine/Plugins/Animation/ControlRig/Content/Controls/ControlRig_Box_solid.uasset" 524
"../../../Engine/Plugins/Animation/ControlRig/Content/Controls/ControlRig_Box_solid.ubulk" 525
"../../../Engine/Plugins/Animation/ControlRig/Content/Controls/ControlRig_Box_solid.uexp" 526
"../../../Engine/Plugins/Animation/ControlRig/Content/Controls/ControlRig_Wedge_3mm.uasset" 527
"../../../Engine/Plugins/Animation/ControlRig/Content/Controls/ControlRig_Wedge_3mm.ubulk" 528
"../../../Engine/Plugins/Animation/ControlRig/Content/Controls/ControlRig_Wedge_3mm.uexp" 529
"../../../Engine/Plugins/Animation/ControlRig/Content/Controls/ControlRig_HalfCircle_1mm.ubulk" 530
"../../../Engine/Plugins/Animation/ControlRig/Content/Controls/ControlRig_HalfCircle_1mm.uexp" 531
"../../../Engine/Plugins/Animation/ControlRig/Content/Controls/ControlRig_HalfCircle_1mm.uasset" 532
"../../../Engine/Plugins/Animation/ControlRig/Content/Controls/ControlRig_HalfCircle_solid.uexp" 533
"../../../Engine/Plugins/Animation/ControlRig/Content/Controls/ControlRig_HalfCircle_solid.ubulk" 534
"../../../Engine/Plugins/Animation/ControlRig/Content/Controls/ControlRig_HalfCircle_solid.uasset" 535
"../../../Engine/Plugins/Animation/ControlRig/Content/Controls/ControlRig_Arrow2_1mm.uexp" 536
"../../../Engine/Plugins/Animation/ControlRig/Content/Controls/ControlRig_Arrow2_1mm.ubulk" 537
"../../../Engine/Plugins/Animation/ControlRig/Content/Controls/ControlRig_Arrow2_1mm.uasset" 538
"../../../Engine/Plugins/Animation/ControlRig/Content/Controls/ControlRig_Octagon_3mm.uexp" 539
"../../../Engine/Plugins/Animation/ControlRig/Content/Controls/ControlRig_Octagon_3mm.ubulk" 540
"../../../Engine/Plugins/Animation/ControlRig/Content/Controls/ControlRig_Octagon_3mm.uasset" 541
"../../../Engine/Plugins/Animation/ControlRig/Content/Controls/ControlRig_Box_3mm.uexp" 542
"../../../Engine/Plugins/Animation/ControlRig/Content/Controls/ControlRig_Box_3mm.ubulk" 543
"../../../Engine/Plugins/Animation/ControlRig/Content/Controls/ControlRig_Box_3mm.uasset" 544
"../../../Engine/Plugins/Animation/ControlRig/Content/Controls/ControlRig_Sphere_1mm.uasset" 545
"../../../Engine/Plugins/Animation/ControlRig/Content/Controls/ControlRig_Sphere_1mm.uexp" 546
"../../../Engine/Plugins/Animation/ControlRig/Content/Controls/ControlRig_Sphere_1mm.ubulk" 547
"../../../Engine/Plugins/Animation/ControlRig/Content/Controls/ControlRig_Pyramid_3mm.uasset" 548
"../../../Engine/Plugins/Animation/ControlRig/Content/Controls/ControlRig_Pyramid_3mm.ubulk" 549
"../../../Engine/Plugins/Animation/ControlRig/Content/Controls/ControlRig_Pyramid_3mm.uexp" 550
"../../../Engine/Plugins/Animation/ControlRig/Content/Controls/ControlRig_QuarterCircle_3mm.ubulk" 551
"../../../Engine/Plugins/Animation/ControlRig/Content/Controls/ControlRig_QuarterCircle_3mm.uexp" 552
"../../../Engine/Plugins/Animation/ControlRig/Content/Controls/ControlRig_QuarterCircle_3mm.uasset" 553
"../../../Engine/Plugins/Animation/ControlRig/Content/Controls/ControlRig_Circle_1mm.ubulk" 554
"../../../Engine/Plugins/Animation/ControlRig/Content/Controls/ControlRig_Circle_1mm.uexp" 555
"../../../Engine/Plugins/Animation/ControlRig/Content/Controls/ControlRig_Circle_1mm.uasset" 556
"../../../Engine/Plugins/Animation/ControlRig/Content/Controls/ControlRig_RoundedTriangle_3mm.uasset" 557
"../../../Engine/Plugins/Animation/ControlRig/Content/Controls/ControlRig_RoundedTriangle_3mm.uexp" 558
"../../../Engine/Plugins/Animation/ControlRig/Content/Controls/ControlRig_RoundedTriangle_3mm.ubulk" 559
"../../../Engine/Plugins/Animation/ControlRig/Content/Controls/ControlRig_Triangle_solid.uasset" 560
"../../../Engine/Plugins/Animation/ControlRig/Content/Controls/ControlRig_Triangle_solid.ubulk" 561
"../../../Engine/Plugins/Animation/ControlRig/Content/Controls/ControlRig_Triangle_solid.uexp" 562
"../../../Engine/Plugins/Animation/ControlRig/Content/Controls/ControlRig_Diamond_1mm.uasset" 563
"../../../Engine/Plugins/Animation/ControlRig/Content/Controls/ControlRig_Diamond_1mm.uexp" 564
"../../../Engine/Plugins/Animation/ControlRig/Content/Controls/ControlRig_Diamond_1mm.ubulk" 565
"../../../Engine/Plugins/Animation/ControlRig/Content/Controls/ControlRig_Arrow2_solid.uasset" 566
"../../../Engine/Plugins/Animation/ControlRig/Content/Controls/ControlRig_Arrow2_solid.uexp" 567
"../../../Engine/Plugins/Animation/ControlRig/Content/Controls/ControlRig_Arrow2_solid.ubulk" 568
"../../../Engine/Plugins/Animation/ControlRig/Content/Controls/ControlRig_Arrow4_3mm.uasset" 569
"../../../Engine/Plugins/Animation/ControlRig/Content/Controls/ControlRig_Arrow4_3mm.ubulk" 570
"../../../Engine/Plugins/Animation/ControlRig/Content/Controls/ControlRig_Arrow4_3mm.uexp" 571
"../../../Engine/Plugins/Animation/ControlRig/Content/Controls/ControlRig_Hexagon_1mm.uasset" 572
"../../../Engine/Plugins/Animation/ControlRig/Content/Controls/ControlRig_Hexagon_1mm.uexp" 573
"../../../Engine/Plugins/Animation/ControlRig/Content/Controls/ControlRig_Hexagon_1mm.ubulk" 574
"../../../Engine/Plugins/Animation/ControlRig/Content/Controls/ControlRig_QuarterCircle_solid.uasset" 575
"../../../Engine/Plugins/Animation/ControlRig/Content/Controls/ControlRig_QuarterCircle_solid.ubulk" 576
"../../../Engine/Plugins/Animation/ControlRig/Content/Controls/ControlRig_QuarterCircle_solid.uexp" 577
"../../../Engine/Plugins/Animation/ControlRig/Content/Controls/ControlRig_Arrow_1mm.uasset" 578
"../../../Engine/Plugins/Animation/ControlRig/Content/Controls/ControlRig_Arrow_1mm.uexp" 579
"../../../Engine/Plugins/Animation/ControlRig/Content/Controls/ControlRig_Arrow_1mm.ubulk" 580
"../../../Engine/Plugins/Animation/ControlRig/Content/Controls/ControlRig_Square_1mm.ubulk" 581
"../../../Engine/Plugins/Animation/ControlRig/Content/Controls/ControlRig_Square_1mm.uexp" 582
"../../../Engine/Plugins/Animation/ControlRig/Content/Controls/ControlRig_Square_1mm.uasset" 583
"../../../Engine/Plugins/Animation/ControlRig/Content/Controls/ControlRig_Circle_solid.ubulk" 584
"../../../Engine/Plugins/Animation/ControlRig/Content/Controls/ControlRig_Circle_solid.uexp" 585
"../../../Engine/Plugins/Animation/ControlRig/Content/Controls/ControlRig_Circle_solid.uasset" 586
"../../../Engine/Plugins/Animation/ControlRig/Content/Controls/ControlRig_Arrow4_solid.uexp" 587
"../../../Engine/Plugins/Animation/ControlRig/Content/Controls/ControlRig_Arrow4_solid.uasset" 588
"../../../Engine/Plugins/Animation/ControlRig/Content/Controls/ControlRig_Arrow4_solid.ubulk" 589
"../../../Engine/Plugins/Animation/ControlRig/Content/Controls/ControlRig_RoundedSquare_solid.uexp" 590
"../../../Engine/Plugins/Animation/ControlRig/Content/Controls/ControlRig_RoundedSquare_solid.ubulk" 591
"../../../Engine/Plugins/Animation/ControlRig/Content/Controls/ControlRig_RoundedSquare_solid.uasset" 592
"../../../Engine/Plugins/Animation/ControlRig/Content/Controls/ControlRig_Star4_solid.uasset" 593
"../../../Engine/Plugins/Animation/ControlRig/Content/Controls/ControlRig_Star4_solid.uexp" 594
"../../../Engine/Plugins/Animation/ControlRig/Content/Controls/ControlRig_Star4_solid.ubulk" 595
"../../../Engine/Plugins/Animation/ControlRig/Content/Controls/ControlRig_Diamond_solid.uexp" 596
"../../../Engine/Plugins/Animation/ControlRig/Content/Controls/ControlRig_Diamond_solid.ubulk" 597
"../../../Engine/Plugins/Animation/ControlRig/Content/Controls/ControlRig_Diamond_solid.uasset" 598
"../../../Engine/Plugins/Animation/ControlRig/Content/Controls/ControlRig_Arrow2_3mm.uasset" 599
"../../../Engine/Plugins/Animation/ControlRig/Content/Controls/ControlRig_Arrow2_3mm.ubulk" 600
"../../../Engine/Plugins/Animation/ControlRig/Content/Controls/ControlRig_Arrow2_3mm.uexp" 601
"../../../Engine/Plugins/Animation/ControlRig/Content/Controls/ControlRig_Box_1mm.ubulk" 602
"../../../Engine/Plugins/Animation/ControlRig/Content/Controls/ControlRig_Box_1mm.uexp" 603
"../../../Engine/Plugins/Animation/ControlRig/Content/Controls/ControlRig_Box_1mm.uasset" 604
"../../../Engine/Plugins/Animation/ControlRig/Content/Controls/ControlRig_Octagon_1mm.uasset" 605
"../../../Engine/Plugins/Animation/ControlRig/Content/Controls/ControlRig_Octagon_1mm.ubulk" 606
"../../../Engine/Plugins/Animation/ControlRig/Content/Controls/ControlRig_Octagon_1mm.uexp" 607
"../../../Engine/Plugins/Animation/ControlRig/Content/Controls/ControlRig_Sphere_3mm.uasset" 608
"../../../Engine/Plugins/Animation/ControlRig/Content/Controls/ControlRig_Sphere_3mm.uexp" 609
"../../../Engine/Plugins/Animation/ControlRig/Content/Controls/ControlRig_Sphere_3mm.ubulk" 610
"../../../Engine/Plugins/Animation/ControlRig/Content/Controls/ControlRig_Triangle_1mm.uasset" 611
"../../../Engine/Plugins/Animation/ControlRig/Content/Controls/ControlRig_Triangle_1mm.uexp" 612
"../../../Engine/Plugins/Animation/ControlRig/Content/Controls/ControlRig_Triangle_1mm.ubulk" 613
"../../../Engine/Plugins/Animation/ControlRig/Content/Controls/ControlRig_RoundedTriangle_solid.ubulk" 614
"../../../Engine/Plugins/Animation/ControlRig/Content/Controls/ControlRig_RoundedTriangle_solid.uasset" 615
"../../../Engine/Plugins/Animation/ControlRig/Content/Controls/ControlRig_RoundedTriangle_solid.uexp" 616
"../../../Engine/Plugins/Animation/ControlRig/Content/Controls/ControlRig_HalfCircle_3mm.uasset" 617
"../../../Engine/Plugins/Animation/ControlRig/Content/Controls/ControlRig_HalfCircle_3mm.uexp" 618
"../../../Engine/Plugins/Animation/ControlRig/Content/Controls/ControlRig_HalfCircle_3mm.ubulk" 619
"../../../Engine/Plugins/Animation/ControlRig/Content/Controls/ControlRig_Wedge_1mm.uasset" 620
"../../../Engine/Plugins/Animation/ControlRig/Content/Controls/ControlRig_Wedge_1mm.ubulk" 621
"../../../Engine/Plugins/Animation/ControlRig/Content/Controls/ControlRig_Wedge_1mm.uexp" 622
"../../../Engine/Plugins/Animation/ControlRig/Content/Controls/ControlRig_RoundedSquare_3mm.uasset" 623
"../../../Engine/Plugins/Animation/ControlRig/Content/Controls/ControlRig_RoundedSquare_3mm.ubulk" 624
"../../../Engine/Plugins/Animation/ControlRig/Content/Controls/ControlRig_RoundedSquare_3mm.uexp" 625
"../../../Engine/Plugins/Animation/ControlRig/Content/Controls/ControlRig_Star4_3mm.uasset" 626
"../../../Engine/Plugins/Animation/ControlRig/Content/Controls/ControlRig_Star4_3mm.uexp" 627
"../../../Engine/Plugins/Animation/ControlRig/Content/Controls/ControlRig_Star4_3mm.ubulk" 628
"../../../Engine/Plugins/Animation/ControlRig/Content/Controls/ControlRig_Square_3mm.uexp" 629
"../../../Engine/Plugins/Animation/ControlRig/Content/Controls/ControlRig_Square_3mm.ubulk" 630
"../../../Engine/Plugins/Animation/ControlRig/Content/Controls/ControlRig_Square_3mm.uasset" 631
"../../../Engine/Plugins/Animation/ControlRig/Content/Controls/ControlRig_Sphere_solid.uexp" 632
"../../../Engine/Plugins/Animation/ControlRig/Content/Controls/ControlRig_Sphere_solid.uasset" 633
"../../../Engine/Plugins/Animation/ControlRig/Content/Controls/ControlRig_Sphere_solid.ubulk" 634
"../../../Engine/Plugins/Animation/ControlRig/Content/Controls/ControlRig_Hexagon_3mm.uexp" 635
"../../../Engine/Plugins/Animation/ControlRig/Content/Controls/ControlRig_Hexagon_3mm.uasset" 636
"../../../Engine/Plugins/Animation/ControlRig/Content/Controls/ControlRig_Hexagon_3mm.ubulk" 637
"../../../Engine/Plugins/Animation/ControlRig/Content/Controls/ControlRig_Arrow_3mm.uexp" 638
"../../../Engine/Plugins/Animation/ControlRig/Content/Controls/ControlRig_Arrow_3mm.uasset" 639
"../../../Engine/Plugins/Animation/ControlRig/Content/Controls/ControlRig_Arrow_3mm.ubulk" 640
"../../../Engine/Plugins/Animation/ControlRig/Content/Controls/ControlRig_Diamond_3mm.ubulk" 641
"../../../Engine/Plugins/Animation/ControlRig/Content/Controls/ControlRig_Diamond_3mm.uasset" 642
"../../../Engine/Plugins/Animation/ControlRig/Content/Controls/ControlRig_Diamond_3mm.uexp" 643
"../../../Engine/Plugins/Animation/ControlRig/Content/Controls/ControlRig_Square_solid.uexp" 644
"../../../Engine/Plugins/Animation/ControlRig/Content/Controls/ControlRig_Square_solid.uasset" 645
"../../../Engine/Plugins/Animation/ControlRig/Content/Controls/ControlRig_Square_solid.ubulk" 646
"../../../Engine/Plugins/Animation/ControlRig/Content/Controls/ControlRig_Arrow4_1mm.ubulk" 647
"../../../Engine/Plugins/Animation/ControlRig/Content/Controls/ControlRig_Arrow4_1mm.uasset" 648
"../../../Engine/Plugins/Animation/ControlRig/Content/Controls/ControlRig_Arrow4_1mm.uexp" 649
"../../../Engine/Plugins/Animation/ControlRig/Content/Controls/ControlRig_Pyramid_1mm.ubulk" 650
"../../../Engine/Plugins/Animation/ControlRig/Content/Controls/ControlRig_Pyramid_1mm.uasset" 651
"../../../Engine/Plugins/Animation/ControlRig/Content/Controls/ControlRig_Pyramid_1mm.uexp" 652
"../../../Engine/Plugins/Animation/ControlRig/Content/Controls/ControlRig_QuarterCircle_1mm.uexp" 653
"../../../Engine/Plugins/Animation/ControlRig/Content/Controls/ControlRig_QuarterCircle_1mm.uasset" 654
"../../../Engine/Plugins/Animation/ControlRig/Content/Controls/ControlRig_QuarterCircle_1mm.ubulk" 655
"../../../Engine/Plugins/Animation/ControlRig/Content/Controls/ControlRig_Circle_3mm.ubulk" 656
"../../../Engine/Plugins/Animation/ControlRig/Content/Controls/ControlRig_Circle_3mm.uasset" 657
"../../../Engine/Plugins/Animation/ControlRig/Content/Controls/ControlRig_Circle_3mm.uexp" 658
"../../../Engine/Plugins/Animation/ControlRig/Content/Controls/ControlRig_RoundedTriangle_1mm.uexp" 659
"../../../Engine/Plugins/Animation/ControlRig/Content/Controls/ControlRig_RoundedTriangle_1mm.uasset" 660
"../../../Engine/Plugins/Animation/ControlRig/Content/Controls/ControlRig_RoundedTriangle_1mm.ubulk" 661
"../../../Engine/Plugins/Animation/ControlRig/Content/Controls/ControlRigGizmoMaterial.uasset" 662
"../../../Engine/Plugins/Animation/ControlRig/Content/Controls/ControlRigGizmoMaterial.uexp" 663
"../../../Engine/Content/EngineSounds/Master.uexp" 664
"../../../Engine/Content/EngineSounds/Master.uasset" 665
"../../../Engine/Content/EngineMaterials/DefaultLightFunctionMaterial.uasset" 666
"../../../Engine/Content/EngineMaterials/DefaultLightFunctionMaterial.uexp" 667
"../../../Engine/Content/EngineResources/WhiteSquareTexture.uexp" 668
"../../../Engine/Content/EngineResources/WhiteSquareTexture.uasset" 669
"../../../Engine/Content/EngineMaterials/Widget3DPassThrough.uexp" 670
"../../../Engine/Content/EngineMaterials/Widget3DPassThrough.uasset" 671
"../../../Engine/Content/EngineMaterials/Widget3DPassThrough_Opaque.uasset" 672
"../../../Engine/Content/EngineMaterials/Widget3DPassThrough_Opaque.uexp" 673
"../../../Engine/Content/EngineMaterials/Widget3DPassThrough_Opaque_OneSided.uasset" 674
"../../../Engine/Content/EngineMaterials/Widget3DPassThrough_Opaque_OneSided.uexp" 675
"../../../Engine/Content/EngineFonts/RobotoDistanceField.uexp" 676
"../../../Engine/Content/EngineFonts/RobotoDistanceField.uasset" 677
"../../../Engine/Content/EngineMaterials/DefaultTextMaterialOpaque.uexp" 678
"../../../Engine/Content/EngineMaterials/DefaultTextMaterialOpaque.uasset" 679
"../../../Engine/Content/EngineMaterials/InvalidLightmapSettings.ubulk" 680
"../../../Engine/Content/EngineMaterials/InvalidLightmapSettings.uasset" 681
"../../../Engine/Content/EngineMaterials/InvalidLightmapSettings.uexp" 682
"../../../Engine/Content/EngineMaterials/M_InvalidLightmapSettings.uexp" 683
"../../../Engine/Content/EngineMaterials/M_InvalidLightmapSettings.uasset" 684
"../../../Engine/Content/EngineMaterials/BaseFlattenEmissiveMap_VT.uexp" 685
"../../../Engine/Content/EngineMaterials/BaseFlattenEmissiveMap_VT.uasset" 686
"../../../Engine/Content/EngineMaterials/BaseFlattenGrayscaleMap_VT.uexp" 687
"../../../Engine/Content/EngineMaterials/BaseFlattenGrayscaleMap_VT.uasset" 688
"../../../Engine/Content/EngineMaterials/BaseFlattenLinearColor_VT.uasset" 689
"../../../Engine/Content/EngineMaterials/BaseFlattenLinearColor_VT.uexp" 690
"../../../Engine/Content/EngineMaterials/Black_1x1_EXR_Texture_VT.uasset" 691
"../../../Engine/Content/EngineMaterials/Black_1x1_EXR_Texture_VT.uexp" 692
"../../../Engine/Content/EngineMaterials/BaseFlattenDiffuseMap_VT.uasset" 693
"../../../Engine/Content/EngineMaterials/BaseFlattenDiffuseMap_VT.uexp" 694
"../../../Engine/Content/EngineMaterials/BaseFlattenNormalMap_VT.uasset" 695
"../../../Engine/Content/EngineMaterials/BaseFlattenNormalMap_VT.uexp" 696
"../../../Engine/Content/EngineMaterials/FlattenMaterial_VT.uasset" 697
"../../../Engine/Content/EngineMaterials/FlattenMaterial_VT.uexp" 698
"../../../Engine/Content/EngineMaterials/DefaultPhysicalMaterial.uasset" 699
"../../../Engine/Content/EngineMaterials/DefaultPhysicalMaterial.uexp" 700
"../../../Engine/Content/EngineMaterials/DefaultDiffuse.ubulk" 701
"../../../Engine/Content/EngineMaterials/DefaultDiffuse.uexp" 702
"../../../Engine/Content/EngineMaterials/DefaultDiffuse.uasset" 703
"../../../Engine/Content/EngineMaterials/DefaultPostProcessMaterial.uexp" 704
"../../../Engine/Content/EngineMaterials/DefaultPostProcessMaterial.uasset" 705
"../../../Engine/Content/EngineMaterials/DefaultDeferredDecalMaterial.uexp" 706
"../../../Engine/Content/EngineMaterials/DefaultDeferredDecalMaterial.uasset" 707
"../../../Engine/Content/EngineMaterials/RemoveSurfaceMaterial.uasset" 708
"../../../Engine/Content/EngineMaterials/RemoveSurfaceMaterial.uexp" 709
"../../../Engine/Content/EngineMaterials/FlattenMaterial_WS_Normal_VT.uexp" 710
"../../../Engine/Content/EngineMaterials/FlattenMaterial_WS_Normal_VT.uasset" 711
"../../../Engine/Content/EngineMaterials/DefaultBloomKernel.uexp" 712
"../../../Engine/Content/EngineMaterials/DefaultBloomKernel.uasset" 713
"../../../Engine/Content/EngineMaterials/Widget3DPassThrough_Masked_OneSided.uexp" 714
"../../../Engine/Content/EngineMaterials/Widget3DPassThrough_Masked_OneSided.uasset" 715
"../../../Engine/Content/EngineMaterials/DefaultWhiteGrid_Low.uasset" 716
"../../../Engine/Content/EngineMaterials/DefaultWhiteGrid_Low.uexp" 717
"../../../Engine/Content/EngineMaterials/EmissiveMeshMaterial.uexp" 718
"../../../Engine/Content/EngineMaterials/EmissiveMeshMaterial.uasset" 719
"../../../Engine/Content/EngineMaterials/STBlueNoise_scalar_128x128x64.uasset" 720
"../../../Engine/Content/EngineMaterials/STBlueNoise_scalar_128x128x64.uexp" 721
"../../../Engine/Content/EngineMaterials/BaseFlattenNormalMap.uexp" 722
"../../../Engine/Content/EngineMaterials/BaseFlattenNormalMap.uasset" 723
"../../../Engine/Content/EngineMaterials/BaseFlattenGrayscaleMap.uasset" 724
"../../../Engine/Content/EngineMaterials/BaseFlattenGrayscaleMap.uexp" 725
"../../../Engine/Content/EngineMaterials/BaseFlattenDiffuseMap.uasset" 726
"../../../Engine/Content/EngineMaterials/BaseFlattenDiffuseMap.uexp" 727
"../../../Engine/Content/Functions/Engine_MaterialFunctions02/PivotPainter2/Black_1x1_EXR_Texture.uexp" 728
"../../../Engine/Content/Functions/Engine_MaterialFunctions02/PivotPainter2/Black_1x1_EXR_Texture.uasset" 729
"../../../Engine/Content/EngineMaterials/BaseFlattenEmissiveMap.uexp" 730
"../../../Engine/Content/EngineMaterials/BaseFlattenEmissiveMap.uasset" 731
"../../../Engine/Content/EngineMaterials/BaseFlattenLinearColor.uasset" 732
"../../../Engine/Content/EngineMaterials/BaseFlattenLinearColor.uexp" 733
"../../../Engine/Content/EngineMaterials/FlattenMaterial.uasset" 734
"../../../Engine/Content/EngineMaterials/FlattenMaterial.uexp" 735
"../../../Engine/Content/EngineMaterials/GizmoMaterial.uexp" 736
"../../../Engine/Content/EngineMaterials/GizmoMaterial.uasset" 737
"../../../Engine/Content/EngineMaterials/DefaultDestructiblePhysicalMaterial.uasset" 738
"../../../Engine/Content/EngineMaterials/DefaultDestructiblePhysicalMaterial.uexp" 739
"../../../Engine/Content/EngineMaterials/PhAT_JointLimitMaterial.uasset" 740
"../../../Engine/Content/EngineMaterials/PhAT_JointLimitMaterial.uexp" 741
"../../../Engine/Content/EngineMaterials/STBlueNoise_vec2_128x128x64.uasset" 742
"../../../Engine/Content/EngineMaterials/STBlueNoise_vec2_128x128x64.uexp" 743
"../../../Engine/Content/EngineMaterials/DefaultCalibrationColor.uexp" 744
"../../../Engine/Content/EngineMaterials/DefaultCalibrationColor.uasset" 745
"../../../Engine/Content/EngineMaterials/PPM_DefaultCalibrationColor.uasset" 746
"../../../Engine/Content/EngineMaterials/PPM_DefaultCalibrationColor.uexp" 747
"../../../Engine/Content/EngineMaterials/Widget3DPassThrough_Translucent.uasset" 748
"../../../Engine/Content/EngineMaterials/Widget3DPassThrough_Translucent.uexp" 749
"../../../Engine/Content/EngineMaterials/Widget3DPassThrough_Translucent_OneSided.uasset" 750
"../../../Engine/Content/EngineMaterials/Widget3DPassThrough_Translucent_OneSided.uexp" 751
"../../../Engine/Content/EngineMaterials/Widget3DPassThrough_Masked.uasset" 752
"../../../Engine/Content/EngineMaterials/Widget3DPassThrough_Masked.uexp" 753
"../../../Engine/Content/EngineMaterials/NaniteHiddenSectionMaterial.uasset" 754
"../../../Engine/Content/EngineMaterials/NaniteHiddenSectionMaterial.uexp" 755
"../../../Engine/Content/EngineMaterials/DefaultCalibrationGrayscale.uexp" 756
"../../../Engine/Content/EngineMaterials/DefaultCalibrationGrayscale.uasset" 757
"../../../Engine/Content/EngineMaterials/PPM_DefaultCalibrationGrayscale.uasset" 758
"../../../Engine/Content/EngineMaterials/PPM_DefaultCalibrationGrayscale.uexp" 759
"../../../Engine/Content/EngineFonts/Faces/RobotoLight.ufont" 760
"../../../Engine/Content/EngineFonts/Faces/RobotoLight.uasset" 761
"../../../Engine/Content/EngineFonts/Faces/RobotoLight.uexp" 762
"../../../Engine/Content/EngineFonts/Faces/RobotoBold.ufont" 763
"../../../Engine/Content/EngineFonts/Faces/RobotoBold.uasset" 764
"../../../Engine/Content/EngineFonts/Faces/RobotoBold.uexp" 765
"../../../Engine/Content/EngineFonts/Faces/RobotoRegular.uasset" 766
"../../../Engine/Content/EngineFonts/Faces/RobotoRegular.uexp" 767
"../../../Engine/Content/EngineFonts/Faces/RobotoRegular.ufont" 768
"../../../Engine/Content/EngineFonts/Faces/DroidSansFallback.uasset" 769
"../../../Engine/Content/EngineFonts/Faces/DroidSansFallback.ufont" 770
"../../../Engine/Content/EngineFonts/Faces/DroidSansFallback.uexp" 771
"../../../Engine/Content/EngineFonts/Faces/RobotoItalic.ufont" 772
"../../../Engine/Content/EngineFonts/Faces/RobotoItalic.uasset" 773
"../../../Engine/Content/EngineFonts/Faces/RobotoItalic.uexp" 774
"../../../Engine/Content/EngineFonts/Faces/RobotoBoldItalic.uasset" 775
"../../../Engine/Content/EngineFonts/Faces/RobotoBoldItalic.uexp" 776
"../../../Engine/Content/EngineFonts/Faces/RobotoBoldItalic.ufont" 777
"../../../Engine/Content/EngineFonts/Roboto.uasset" 778
"../../../Engine/Content/EngineFonts/Roboto.uexp" 779
"../../../Engine/Content/EngineDebugMaterials/DebugMeshMaterial.uexp" 780
"../../../Engine/Content/EngineDebugMaterials/DebugMeshMaterial.uasset" 781
"../../../Engine/Content/EngineDebugMaterials/M_SimpleUnlitTranslucent.uexp" 782
"../../../Engine/Content/EngineDebugMaterials/M_SimpleUnlitTranslucent.uasset" 783
"../../../Engine/Content/EngineDebugMaterials/VolumeToRender.uexp" 784
"../../../Engine/Content/EngineDebugMaterials/VolumeToRender.uasset" 785
"../../../Engine/Content/EngineDebugMaterials/M_VolumeRenderSphereTracePP.uexp" 786
"../../../Engine/Content/EngineDebugMaterials/M_VolumeRenderSphereTracePP.uasset" 787
"../../../Engine/Content/EngineDebugMaterials/DebugEditorMaterial.uasset" 788
"../../../Engine/Content/EngineDebugMaterials/DebugEditorMaterial.uexp" 789
"../../../Engine/Content/EngineDamageTypes/DmgTypeBP_Environmental.uasset" 790
"../../../Engine/Content/EngineDamageTypes/DmgTypeBP_Environmental.uexp" 791
"../../../Engine/Content/EditorResources/BSPVertex.uexp" 792
"../../../Engine/Content/EditorResources/BSPVertex.uasset" 793
"../../../Engine/Content/EditorResources/EmptyActor.uexp" 794
"../../../Engine/Content/EditorResources/EmptyActor.uasset" 795
"../../../Engine/Content/EditorResources/S_KHinge.uasset" 796
"../../../Engine/Content/EditorResources/S_KHinge.uexp" 797
"../../../Engine/Content/EditorResources/S_KHinge.ubulk" 798
"../../../Engine/Content/EditorMaterials/PhAT_UnselectedMaterial.uexp" 799
"../../../Engine/Content/EditorMaterials/PhAT_UnselectedMaterial.uasset" 800
"../../../Engine/Content/EditorMaterials/PhAT_NoCollisionMaterial.uexp" 801
"../../../Engine/Content/EditorMaterials/PhAT_NoCollisionMaterial.uasset" 802
"../../../Engine/Content/EditorMaterials/PreviewShadowIndicator.uasset" 803
"../../../Engine/Content/EditorMaterials/PreviewShadowIndicator.uexp" 804
"../../../Engine/Content/EditorMaterials/PreviewShadowIndicator.ubulk" 805
"../../../Engine/Content/EditorMaterials/PreviewShadowIndicatorMaterial.uasset" 806
"../../../Engine/Content/EditorMaterials/PreviewShadowIndicatorMaterial.uexp" 807
"../../../Engine/Content/EditorLandscapeResources/DataLayer.uasset" 808
"../../../Engine/Content/EditorLandscapeResources/DataLayer.uexp" 809
"../../../Engine/Content/EngineMaterials/DefaultMaterial.uasset" 810
"../../../Engine/Content/EngineMaterials/DefaultMaterial.uexp" 811
"../../../Engine/Content/BasicShapes/Sphere.uexp" 812
"../../../Engine/Content/BasicShapes/Sphere.ubulk" 813
"../../../Engine/Content/BasicShapes/Sphere.uasset" 814
"../../../Engine/Content/BasicShapes/Plane.ubulk" 815
"../../../Engine/Content/BasicShapes/Plane.uasset" 816
"../../../Engine/Content/BasicShapes/Plane.uexp" 817
"../../../Engine/Content/BasicShapes/Cylinder.uasset" 818
"../../../Engine/Content/BasicShapes/Cylinder.ubulk" 819
"../../../Engine/Content/BasicShapes/Cylinder.uexp" 820
"../../../Engine/Content/BasicShapes/Cone.uasset" 821
"../../../Engine/Content/BasicShapes/Cone.uexp" 822
"../../../Engine/Content/BasicShapes/Cone.ubulk" 823
"/Users/cecily_chung/dev/brgd/slinky_dog/SlinkyDog/Content/Characters/April13thDog/SK_DogHead_Skeleton.uexp" 824
"/Users/cecily_chung/dev/brgd/slinky_dog/SlinkyDog/Content/Characters/April13thDog/SK_DogHead_Skeleton.uasset" 825
"../../../Engine/Plugins/Animation/ACLPlugin/Content/ACLAnimBoneCompressionSettings.uexp" 826
"../../../Engine/Plugins/Animation/ACLPlugin/Content/ACLAnimBoneCompressionSettings.uasset" 827
"../../../Engine/Content/Animation/DefaultVariableFrameStrippingSettings.uexp" 828
"../../../Engine/Content/Animation/DefaultVariableFrameStrippingSettings.uasset" 829
"/Users/cecily_chung/dev/brgd/slinky_dog/SlinkyDog/Content/Characters/April13thDog/SK_DogHead_Anim_DogHead_Bwards.uexp" 830
"/Users/cecily_chung/dev/brgd/slinky_dog/SlinkyDog/Content/Characters/April13thDog/SK_DogHead_Anim_DogHead_Bwards.uasset" 831
"/Users/cecily_chung/dev/brgd/slinky_dog/SlinkyDog/Content/Characters/April13thDog/SK_DogHead_Anim_DogHead_knock_b.uasset" 832
"/Users/cecily_chung/dev/brgd/slinky_dog/SlinkyDog/Content/Characters/April13thDog/SK_DogHead_Anim_DogHead_knock_b.uexp" 833
"/Users/cecily_chung/dev/brgd/slinky_dog/SlinkyDog/Content/Characters/April13thDog/SK_DogHead_Anim_DogHead_Charge.uexp" 834
"/Users/cecily_chung/dev/brgd/slinky_dog/SlinkyDog/Content/Characters/April13thDog/SK_DogHead_Anim_DogHead_Charge.uasset" 835
"/Users/cecily_chung/dev/brgd/slinky_dog/SlinkyDog/Content/Characters/April13thDog/SK_DogHead_Anim_DogHead_Idle_.uexp" 836
"/Users/cecily_chung/dev/brgd/slinky_dog/SlinkyDog/Content/Characters/April13thDog/SK_DogHead_Anim_DogHead_Idle_.uasset" 837
"/Users/cecily_chung/dev/brgd/slinky_dog/SlinkyDog/Content/Characters/April13thDog/SK_DogHead_Anim_DogHead_Tpose.uasset" 838
"/Users/cecily_chung/dev/brgd/slinky_dog/SlinkyDog/Content/Characters/April13thDog/SK_DogHead_Anim_DogHead_Tpose.uexp" 839
"/Users/cecily_chung/dev/brgd/slinky_dog/SlinkyDog/Content/Characters/April13thDog/SK_DogHead_Anim_DogHead_Strafe_R.uasset" 840
"/Users/cecily_chung/dev/brgd/slinky_dog/SlinkyDog/Content/Characters/April13thDog/SK_DogHead_Anim_DogHead_Strafe_R.uexp" 841
"/Users/cecily_chung/dev/brgd/slinky_dog/SlinkyDog/Content/Characters/April13thDog/SK_DogHead_Anim_DogHead_na.uasset" 842
"/Users/cecily_chung/dev/brgd/slinky_dog/SlinkyDog/Content/Characters/April13thDog/SK_DogHead_Anim_DogHead_na.uexp" 843
"/Users/cecily_chung/dev/brgd/slinky_dog/SlinkyDog/Content/Characters/April13thDog/Material_003.uexp" 844
"/Users/cecily_chung/dev/brgd/slinky_dog/SlinkyDog/Content/Characters/April13thDog/Material_003.uasset" 845
"/Users/cecily_chung/dev/brgd/slinky_dog/SlinkyDog/Content/Characters/April13thDog/Material_005.uasset" 846
"/Users/cecily_chung/dev/brgd/slinky_dog/SlinkyDog/Content/Characters/April13thDog/Material_005.uexp" 847
"/Users/cecily_chung/dev/brgd/slinky_dog/SlinkyDog/Content/Characters/April13thDog/Material_002.uasset" 848
"/Users/cecily_chung/dev/brgd/slinky_dog/SlinkyDog/Content/Characters/April13thDog/Material_002.uexp" 849
"/Users/cecily_chung/dev/brgd/slinky_dog/SlinkyDog/Content/Characters/April13thDog/Material_004.uasset" 850
"/Users/cecily_chung/dev/brgd/slinky_dog/SlinkyDog/Content/Characters/April13thDog/Material_004.uexp" 851
"/Users/cecily_chung/dev/brgd/slinky_dog/SlinkyDog/Content/Characters/April13thDog/SK_DogHead.uasset" 852
"/Users/cecily_chung/dev/brgd/slinky_dog/SlinkyDog/Content/Characters/April13thDog/SK_DogHead.uexp" 853
"/Users/cecily_chung/dev/brgd/slinky_dog/SlinkyDog/Content/Characters/April13thDog/SK_DogHead_Anim_DogHead_Strafe_L.uasset" 854
"/Users/cecily_chung/dev/brgd/slinky_dog/SlinkyDog/Content/Characters/April13thDog/SK_DogHead_Anim_DogHead_Strafe_L.uexp" 855
"/Users/cecily_chung/dev/brgd/slinky_dog/SlinkyDog/Content/Characters/April13thDog/SK_DogHead_Anim_DogHead_Run.uasset" 856
"/Users/cecily_chung/dev/brgd/slinky_dog/SlinkyDog/Content/Characters/April13thDog/SK_DogHead_Anim_DogHead_Run.uexp" 857
"/Users/cecily_chung/dev/brgd/slinky_dog/SlinkyDog/Content/StarterContent/Materials/M_Basic_Wall.uexp" 858
"/Users/cecily_chung/dev/brgd/slinky_dog/SlinkyDog/Content/StarterContent/Materials/M_Basic_Wall.uasset" 859
"/Users/cecily_chung/dev/brgd/slinky_dog/SlinkyDog/Content/StarterContent/Architecture/Wall_Window_400x400.ubulk" 860
"/Users/cecily_chung/dev/brgd/slinky_dog/SlinkyDog/Content/StarterContent/Architecture/Wall_Window_400x400.uexp" 861
"/Users/cecily_chung/dev/brgd/slinky_dog/SlinkyDog/Content/StarterContent/Architecture/Wall_Window_400x400.uasset" 862
"/Users/cecily_chung/dev/brgd/slinky_dog/SlinkyDog/Content/StarterContent/Architecture/Wall_400x300.ubulk" 863
"/Users/cecily_chung/dev/brgd/slinky_dog/SlinkyDog/Content/StarterContent/Architecture/Wall_400x300.uexp" 864
"/Users/cecily_chung/dev/brgd/slinky_dog/SlinkyDog/Content/StarterContent/Architecture/Wall_400x300.uasset" 865
"/Users/cecily_chung/dev/brgd/slinky_dog/SlinkyDog/Content/StarterContent/Architecture/Pillar_50x500.uexp" 866
"/Users/cecily_chung/dev/brgd/slinky_dog/SlinkyDog/Content/StarterContent/Architecture/Pillar_50x500.ubulk" 867
"/Users/cecily_chung/dev/brgd/slinky_dog/SlinkyDog/Content/StarterContent/Architecture/Pillar_50x500.uasset" 868
"/Users/cecily_chung/dev/brgd/slinky_dog/SlinkyDog/Content/StarterContent/Architecture/Wall_500x500.ubulk" 869
"/Users/cecily_chung/dev/brgd/slinky_dog/SlinkyDog/Content/StarterContent/Architecture/Wall_500x500.uasset" 870
"/Users/cecily_chung/dev/brgd/slinky_dog/SlinkyDog/Content/StarterContent/Architecture/Wall_500x500.uexp" 871
"/Users/cecily_chung/dev/brgd/slinky_dog/SlinkyDog/Content/StarterContent/Architecture/Wall_400x400.uexp" 872
"/Users/cecily_chung/dev/brgd/slinky_dog/SlinkyDog/Content/StarterContent/Architecture/Wall_400x400.uasset" 873
"/Users/cecily_chung/dev/brgd/slinky_dog/SlinkyDog/Content/StarterContent/Architecture/Wall_400x400.ubulk" 874
"/Users/cecily_chung/dev/brgd/slinky_dog/SlinkyDog/Content/StarterContent/Architecture/Wall_Door_400x400.ubulk" 875
"/Users/cecily_chung/dev/brgd/slinky_dog/SlinkyDog/Content/StarterContent/Architecture/Wall_Door_400x400.uasset" 876
"/Users/cecily_chung/dev/brgd/slinky_dog/SlinkyDog/Content/StarterContent/Architecture/Wall_Door_400x400.uexp" 877
"/Users/cecily_chung/dev/brgd/slinky_dog/SlinkyDog/Content/ThirdPerson/Maps/ThirdPersonMap_BuiltData.uexp" 878
"/Users/cecily_chung/dev/brgd/slinky_dog/SlinkyDog/Content/ThirdPerson/Maps/ThirdPersonMap_BuiltData.uasset" 879
"/Users/cecily_chung/dev/brgd/slinky_dog/SlinkyDog/Content/ThirdPerson/Maps/ThirdPersonMap_BuiltData.ubulk" 880
"../../../Engine/Plugins/Interchange/Runtime/Content/gltf/MaterialFunctions/MF_RotateV2.uasset" 881
"../../../Engine/Plugins/Interchange/Runtime/Content/gltf/MaterialFunctions/MF_RotateV2.uexp" 882
"../../../Engine/Plugins/Interchange/Runtime/Content/gltf/MaterialFunctions/MF_TransformUVs.uasset" 883
"../../../Engine/Plugins/Interchange/Runtime/Content/gltf/MaterialFunctions/MF_TransformUVs.uexp" 884
"../../../Engine/Plugins/Interchange/Runtime/Content/gltf/Textures/T_White_srgb.uasset" 885
"../../../Engine/Plugins/Interchange/Runtime/Content/gltf/Textures/T_White_srgb.uexp" 886
"../../../Engine/Plugins/Interchange/Runtime/Content/gltf/MaterialFunctions/MF_BaseColor.uexp" 887
"../../../Engine/Plugins/Interchange/Runtime/Content/gltf/MaterialFunctions/MF_BaseColor.uasset" 888
"../../../Engine/Plugins/Interchange/Runtime/Content/gltf/Textures/T_White_Linear.uexp" 889
"../../../Engine/Plugins/Interchange/Runtime/Content/gltf/Textures/T_White_Linear.uasset" 890
"../../../Engine/Plugins/Interchange/Runtime/Content/gltf/MaterialFunctions/MF_MetallicRoughness.uexp" 891
"../../../Engine/Plugins/Interchange/Runtime/Content/gltf/MaterialFunctions/MF_MetallicRoughness.uasset" 892
"../../../Engine/Plugins/Interchange/Runtime/Content/gltf/MaterialFunctions/MF_RotateNormals_TS.uexp" 893
"../../../Engine/Plugins/Interchange/Runtime/Content/gltf/MaterialFunctions/MF_RotateNormals_TS.uasset" 894
"../../../Engine/Plugins/Interchange/Runtime/Content/gltf/MaterialFunctions/MF_Occlusion.uasset" 895
"../../../Engine/Plugins/Interchange/Runtime/Content/gltf/MaterialFunctions/MF_Occlusion.uexp" 896
"../../../Engine/Plugins/Interchange/Runtime/Content/gltf/MaterialFunctions/MF_Emissive.uexp" 897
"../../../Engine/Plugins/Interchange/Runtime/Content/gltf/MaterialFunctions/MF_Emissive.uasset" 898
"../../../Engine/Plugins/Interchange/Runtime/Content/gltf/MaterialFunctions/MF_Specular.uexp" 899
"../../../Engine/Plugins/Interchange/Runtime/Content/gltf/MaterialFunctions/MF_Specular.uasset" 900
"../../../Engine/Plugins/Interchange/Runtime/Content/gltf/MaterialFunctions/MF_Sheen.uasset" 901
"../../../Engine/Plugins/Interchange/Runtime/Content/gltf/MaterialFunctions/MF_Sheen.uexp" 902
"../../../Engine/Plugins/Interchange/Runtime/Content/gltf/MaterialFunctions/MF_IOR.uexp" 903
"../../../Engine/Plugins/Interchange/Runtime/Content/gltf/MaterialFunctions/MF_IOR.uasset" 904
"../../../Engine/Plugins/Interchange/Runtime/Content/gltf/Textures/T_Generic_N.uasset" 905
"../../../Engine/Plugins/Interchange/Runtime/Content/gltf/Textures/T_Generic_N.uexp" 906
"../../../Engine/Plugins/Interchange/Runtime/Content/gltf/MaterialFunctions/MF_Normals.uasset" 907
"../../../Engine/Plugins/Interchange/Runtime/Content/gltf/MaterialFunctions/MF_Normals.uexp" 908
"../../../Engine/Plugins/Interchange/Runtime/Content/gltf/MaterialBodies/MF_Sheen_Body.uexp" 909
"../../../Engine/Plugins/Interchange/Runtime/Content/gltf/MaterialBodies/MF_Sheen_Body.uasset" 910
"../../../Engine/Plugins/Interchange/Runtime/Content/gltf/M_Sheen.uasset" 911
"../../../Engine/Plugins/Interchange/Runtime/Content/gltf/M_Sheen.uexp" 912
"../../../Engine/Plugins/Interchange/Runtime/Content/gltf/MaterialInstances/MI_Sheen_Blend_DS.uexp" 913
"../../../Engine/Plugins/Interchange/Runtime/Content/gltf/MaterialInstances/MI_Sheen_Blend_DS.uasset" 914
"../../../Engine/Content/Functions/Engine_MaterialFunctions01/Texturing/FlattenNormal.uasset" 915
"../../../Engine/Content/Functions/Engine_MaterialFunctions01/Texturing/FlattenNormal.uexp" 916
"../../../Engine/Plugins/Interchange/Runtime/Content/gltf/MaterialFunctions/MF_Clearcoat.uexp" 917
"../../../Engine/Plugins/Interchange/Runtime/Content/gltf/MaterialFunctions/MF_Clearcoat.uasset" 918
"../../../Engine/Plugins/Interchange/Runtime/Content/gltf/MaterialBodies/MF_ClearCoat_Body.uexp" 919
"../../../Engine/Plugins/Interchange/Runtime/Content/gltf/MaterialBodies/MF_ClearCoat_Body.uasset" 920
"../../../Engine/Plugins/Interchange/Runtime/Content/gltf/M_ClearCoat.uexp" 921
"../../../Engine/Plugins/Interchange/Runtime/Content/gltf/M_ClearCoat.uasset" 922
"../../../Engine/Plugins/Interchange/Runtime/Content/gltf/MaterialInstances/MI_ClearCoat_Mask.uexp" 923
"../../../Engine/Plugins/Interchange/Runtime/Content/gltf/MaterialInstances/MI_ClearCoat_Mask.uasset" 924
"../../../Engine/Plugins/Interchange/Runtime/Content/gltf/MaterialFunctions/MF_Transmission.uasset" 925
"../../../Engine/Plugins/Interchange/Runtime/Content/gltf/MaterialFunctions/MF_Transmission.uexp" 926
"../../../Engine/Plugins/Interchange/Runtime/Content/gltf/MaterialBodies/MF_Transmission_Body.uasset" 927
"../../../Engine/Plugins/Interchange/Runtime/Content/gltf/MaterialBodies/MF_Transmission_Body.uexp" 928
"../../../Engine/Plugins/Interchange/Runtime/Content/gltf/M_Transmission.uasset" 929
"../../../Engine/Plugins/Interchange/Runtime/Content/gltf/M_Transmission.uexp" 930
"../../../Engine/Plugins/Interchange/Runtime/Content/gltf/MaterialInstances/MI_Transmission.uexp" 931
"../../../Engine/Plugins/Interchange/Runtime/Content/gltf/MaterialInstances/MI_Transmission.uasset" 932
"../../../Engine/Plugins/Interchange/Runtime/Content/gltf/MaterialInstances/MI_ClearCoat_Blend_DS.uexp" 933
"../../../Engine/Plugins/Interchange/Runtime/Content/gltf/MaterialInstances/MI_ClearCoat_Blend_DS.uasset" 934
"../../../Engine/Plugins/Interchange/Runtime/Content/gltf/MaterialFunctions/MF_DiffuseSpecGloss.uasset" 935
"../../../Engine/Plugins/Interchange/Runtime/Content/gltf/MaterialFunctions/MF_DiffuseSpecGloss.uexp" 936
"../../../Engine/Content/Functions/Engine_MaterialFunctions02/Math/AddComponents.uexp" 937
"../../../Engine/Content/Functions/Engine_MaterialFunctions02/Math/AddComponents.uasset" 938
"../../../Engine/Plugins/Interchange/Runtime/Content/gltf/MaterialFunctions/MF_PerceivedBrightness.uasset" 939
"../../../Engine/Plugins/Interchange/Runtime/Content/gltf/MaterialFunctions/MF_PerceivedBrightness.uexp" 940
"../../../Engine/Plugins/Interchange/Runtime/Content/gltf/MaterialFunctions/MF_SpecGlossToMetalRoughness.uasset" 941
"../../../Engine/Plugins/Interchange/Runtime/Content/gltf/MaterialFunctions/MF_SpecGlossToMetalRoughness.uexp" 942
"../../../Engine/Plugins/Interchange/Runtime/Content/gltf/MaterialBodies/MF_SpecularGlossiness_Body.uasset" 943
"../../../Engine/Plugins/Interchange/Runtime/Content/gltf/MaterialBodies/MF_SpecularGlossiness_Body.uexp" 944
"../../../Engine/Plugins/Interchange/Runtime/Content/gltf/M_SpecularGlossiness.uexp" 945
"../../../Engine/Plugins/Interchange/Runtime/Content/gltf/M_SpecularGlossiness.uasset" 946
"../../../Engine/Plugins/Interchange/Runtime/Content/gltf/MaterialInstances/MI_SpecularGlossiness_Mask_DS.uexp" 947
"../../../Engine/Plugins/Interchange/Runtime/Content/gltf/MaterialInstances/MI_SpecularGlossiness_Mask_DS.uasset" 948
"../../../Engine/Plugins/Interchange/Runtime/Content/gltf/MaterialBodies/MF_Unlit_Body.uasset" 949
"../../../Engine/Plugins/Interchange/Runtime/Content/gltf/MaterialBodies/MF_Unlit_Body.uexp" 950
"../../../Engine/Plugins/Interchange/Runtime/Content/gltf/M_Unlit.uasset" 951
"../../../Engine/Plugins/Interchange/Runtime/Content/gltf/M_Unlit.uexp" 952
"../../../Engine/Plugins/Interchange/Runtime/Content/gltf/MaterialInstances/MI_Unlit_Mask.uasset" 953
"../../../Engine/Plugins/Interchange/Runtime/Content/gltf/MaterialInstances/MI_Unlit_Mask.uexp" 954
"../../../Engine/Plugins/Interchange/Runtime/Content/gltf/MaterialInstances/MI_Unlit_Opaque.uexp" 955
"../../../Engine/Plugins/Interchange/Runtime/Content/gltf/MaterialInstances/MI_Unlit_Opaque.uasset" 956
"../../../Engine/Plugins/Interchange/Runtime/Content/gltf/MaterialInstances/MI_ClearCoat_Opaque.uexp" 957
"../../../Engine/Plugins/Interchange/Runtime/Content/gltf/MaterialInstances/MI_ClearCoat_Opaque.uasset" 958
"../../../Engine/Plugins/Interchange/Runtime/Content/gltf/MaterialInstances/MI_Transmission_DS.uexp" 959
"../../../Engine/Plugins/Interchange/Runtime/Content/gltf/MaterialInstances/MI_Transmission_DS.uasset" 960
"../../../Engine/Plugins/Interchange/Runtime/Content/gltf/MaterialInstances/MI_SpecularGlossiness_Opaque_DS.uexp" 961
"../../../Engine/Plugins/Interchange/Runtime/Content/gltf/MaterialInstances/MI_SpecularGlossiness_Opaque_DS.uasset" 962
"../../../Engine/Plugins/Interchange/Runtime/Content/gltf/MaterialInstances/MI_Unlit_Blend_DS.uexp" 963
"../../../Engine/Plugins/Interchange/Runtime/Content/gltf/MaterialInstances/MI_Unlit_Blend_DS.uasset" 964
"../../../Engine/Plugins/Interchange/Runtime/Content/gltf/MaterialInstances/MI_SpecularGlossiness_Opaque.uasset" 965
"../../../Engine/Plugins/Interchange/Runtime/Content/gltf/MaterialInstances/MI_SpecularGlossiness_Opaque.uexp" 966
"../../../Engine/Plugins/Interchange/Runtime/Content/gltf/MaterialInstances/MI_ClearCoat_Mask_DS.uexp" 967
"../../../Engine/Plugins/Interchange/Runtime/Content/gltf/MaterialInstances/MI_ClearCoat_Mask_DS.uasset" 968
"../../../Engine/Plugins/Interchange/Runtime/Content/gltf/MaterialInstances/MI_SpecularGlossiness_Mask.uexp" 969
"../../../Engine/Plugins/Interchange/Runtime/Content/gltf/MaterialInstances/MI_SpecularGlossiness_Mask.uasset" 970
"../../../Engine/Plugins/Interchange/Runtime/Content/gltf/MaterialInstances/MI_Sheen_Opaque_DS.uasset" 971
"../../../Engine/Plugins/Interchange/Runtime/Content/gltf/MaterialInstances/MI_Sheen_Opaque_DS.uexp" 972
"../../../Engine/Plugins/Interchange/Runtime/Content/gltf/MaterialInstances/MI_Unlit_Mask_DS.uasset" 973
"../../../Engine/Plugins/Interchange/Runtime/Content/gltf/MaterialInstances/MI_Unlit_Mask_DS.uexp" 974
"../../../Engine/Plugins/Interchange/Runtime/Content/gltf/MaterialInstances/MI_Sheen_Mask.uexp" 975
"../../../Engine/Plugins/Interchange/Runtime/Content/gltf/MaterialInstances/MI_Sheen_Mask.uasset" 976
"../../../Engine/Plugins/Interchange/Runtime/Content/gltf/MaterialInstances/MI_Unlit_Blend.uasset" 977
"../../../Engine/Plugins/Interchange/Runtime/Content/gltf/MaterialInstances/MI_Unlit_Blend.uexp" 978
"../../../Engine/Plugins/Interchange/Runtime/Content/gltf/MaterialBodies/MF_Default_Body.uasset" 979
"../../../Engine/Plugins/Interchange/Runtime/Content/gltf/MaterialBodies/MF_Default_Body.uexp" 980
"../../../Engine/Plugins/Interchange/Runtime/Content/gltf/M_Default.uasset" 981
"../../../Engine/Plugins/Interchange/Runtime/Content/gltf/M_Default.uexp" 982
"../../../Engine/Plugins/Interchange/Runtime/Content/gltf/MaterialInstances/MI_Default_Opaque_DS.uexp" 983
"../../../Engine/Plugins/Interchange/Runtime/Content/gltf/MaterialInstances/MI_Default_Opaque_DS.uasset" 984
"../../../Engine/Plugins/Interchange/Runtime/Content/gltf/MaterialInstances/MI_Default_Mask_DS.uexp" 985
"../../../Engine/Plugins/Interchange/Runtime/Content/gltf/MaterialInstances/MI_Default_Mask_DS.uasset" 986
"../../../Engine/Plugins/Interchange/Runtime/Content/gltf/MaterialInstances/MI_Sheen_Opaque.uasset" 987
"../../../Engine/Plugins/Interchange/Runtime/Content/gltf/MaterialInstances/MI_Sheen_Opaque.uexp" 988
"../../../Engine/Plugins/Interchange/Runtime/Content/gltf/MaterialInstances/MI_Sheen_Mask_DS.uasset" 989
"../../../Engine/Plugins/Interchange/Runtime/Content/gltf/MaterialInstances/MI_Sheen_Mask_DS.uexp" 990
"../../../Engine/Plugins/Interchange/Runtime/Content/gltf/MaterialInstances/MI_Unlit_Opaque_DS.uexp" 991
"../../../Engine/Plugins/Interchange/Runtime/Content/gltf/MaterialInstances/MI_Unlit_Opaque_DS.uasset" 992
"../../../Engine/Plugins/Interchange/Runtime/Content/gltf/MaterialInstances/MI_ClearCoat_Blend.uexp" 993
"../../../Engine/Plugins/Interchange/Runtime/Content/gltf/MaterialInstances/MI_ClearCoat_Blend.uasset" 994
"../../../Engine/Plugins/Interchange/Runtime/Content/gltf/MaterialInstances/MI_Default_Blend.uasset" 995
"../../../Engine/Plugins/Interchange/Runtime/Content/gltf/MaterialInstances/MI_Default_Blend.uexp" 996
"../../../Engine/Plugins/Interchange/Runtime/Content/gltf/MaterialInstances/MI_Default_Opaque.uexp" 997
"../../../Engine/Plugins/Interchange/Runtime/Content/gltf/MaterialInstances/MI_Default_Opaque.uasset" 998
"../../../Engine/Plugins/Interchange/Runtime/Content/gltf/MaterialInstances/MI_Default_Blend_DS.uexp" 999
"../../../Engine/Plugins/Interchange/Runtime/Content/gltf/MaterialInstances/MI_Default_Blend_DS.uasset" 1000
"../../../Engine/Plugins/Interchange/Runtime/Content/gltf/MaterialInstances/MI_SpecularGlossiness_Blend.uasset" 1001
"../../../Engine/Plugins/Interchange/Runtime/Content/gltf/MaterialInstances/MI_SpecularGlossiness_Blend.uexp" 1002
"../../../Engine/Plugins/Interchange/Runtime/Content/gltf/MaterialInstances/MI_ClearCoat_Opaque_DS.uexp" 1003
"../../../Engine/Plugins/Interchange/Runtime/Content/gltf/MaterialInstances/MI_ClearCoat_Opaque_DS.uasset" 1004
"../../../Engine/Plugins/Interchange/Runtime/Content/gltf/MaterialInstances/MI_Sheen_Blend.uexp" 1005
"../../../Engine/Plugins/Interchange/Runtime/Content/gltf/MaterialInstances/MI_Sheen_Blend.uasset" 1006
"../../../Engine/Plugins/Interchange/Runtime/Content/gltf/MaterialInstances/MI_SpecularGlossiness_Blend_DS.uasset" 1007
"../../../Engine/Plugins/Interchange/Runtime/Content/gltf/MaterialInstances/MI_SpecularGlossiness_Blend_DS.uexp" 1008
"../../../Engine/Plugins/Interchange/Runtime/Content/gltf/MaterialInstances/MI_Default_Mask.uasset" 1009
"../../../Engine/Plugins/Interchange/Runtime/Content/gltf/MaterialInstances/MI_Default_Mask.uexp" 1010
"../../../Engine/Content/MobileResources/HUD/VirtualJoystick_Background.uexp" 1011
"../../../Engine/Content/MobileResources/HUD/VirtualJoystick_Background.uasset" 1012
"../../../Engine/Content/MobileResources/HUD/VirtualJoystick_Thumb.uasset" 1013
"../../../Engine/Content/MobileResources/HUD/VirtualJoystick_Thumb.uexp" 1014
"../../../Engine/Content/MobileResources/HUD/DefaultVirtualJoysticks.uasset" 1015
"../../../Engine/Content/MobileResources/HUD/DefaultVirtualJoysticks.uexp" 1016
"../../../Engine/Content/EngineSky/VolumetricClouds/CloudWeatherTexture.uexp" 1017
"../../../Engine/Content/EngineSky/VolumetricClouds/CloudWeatherTexture.uasset" 1018
"../../../Engine/Content/Functions/Engine_MaterialFunctions02/Utility/MakeFloat2.uexp" 1019
"../../../Engine/Content/Functions/Engine_MaterialFunctions02/Utility/MakeFloat2.uasset" 1020
"../../../Engine/Content/EngineSky/VolumetricClouds/CloudGradientTexture.uexp" 1021
"../../../Engine/Content/EngineSky/VolumetricClouds/CloudGradientTexture.uasset" 1022
"../../../Engine/Content/EngineSky/VolumetricClouds/T_NoiseShape64.ubulk" 1023
"../../../Engine/Content/EngineSky/VolumetricClouds/T_NoiseShape64.uexp" 1024
"../../../Engine/Content/EngineSky/VolumetricClouds/T_NoiseShape64.uasset" 1025
"../../../Engine/Content/EngineSky/VolumetricClouds/T_VolumeNoiseShape64.uasset" 1026
"../../../Engine/Content/EngineSky/VolumetricClouds/T_VolumeNoiseShape64.uexp" 1027
"../../../Engine/Content/EngineSky/VolumetricClouds/T_NoiseErosion.ubulk" 1028
"../../../Engine/Content/EngineSky/VolumetricClouds/T_NoiseErosion.uexp" 1029
"../../../Engine/Content/EngineSky/VolumetricClouds/T_NoiseErosion.uasset" 1030
"../../../Engine/Content/EngineSky/VolumetricClouds/T_VolumeNoiseErosion32.uasset" 1031
"../../../Engine/Content/EngineSky/VolumetricClouds/T_VolumeNoiseErosion32.uexp" 1032
"../../../Engine/Content/EngineSky/VolumetricClouds/m_SimpleVolumetricCloud.uasset" 1033
"../../../Engine/Content/EngineSky/VolumetricClouds/m_SimpleVolumetricCloud.uexp" 1034
"../../../Engine/Content/EngineSky/VolumetricClouds/m_SimpleVolumetricCloud_Inst.uexp" 1035
"../../../Engine/Content/EngineSky/VolumetricClouds/m_SimpleVolumetricCloud_Inst.uasset" 1036
"../../../Engine/Content/EngineResources/FilmGrains/Marcie_Grain_v3_128_M2_000.uexp" 1037
"../../../Engine/Content/EngineResources/FilmGrains/Marcie_Grain_v3_128_M2_000.uasset" 1038
"../../../Engine/Content/EditorResources/SequenceRecorder/RecordingIndicator.uexp" 1039
"../../../Engine/Content/EditorResources/SequenceRecorder/RecordingIndicator.uasset" 1040
"../../../Engine/Content/EditorResources/SequenceRecorder/Countdown.uasset" 1041
"../../../Engine/Content/EditorResources/SequenceRecorder/Countdown.uexp" 1042
"../../../Engine/Content/EditorResources/LightIcons/S_LightError.uasset" 1043
"../../../Engine/Content/EditorResources/LightIcons/S_LightError.uexp" 1044
"../../../Engine/Content/EditorResources/AudioIcons/S_AudioComponent.uexp" 1045
"../../../Engine/Content/EditorResources/AudioIcons/S_AudioComponent.uasset" 1046
"../../../Engine/Content/EditorResources/AudioIcons/S_AudioComponent_AutoActivate.uasset" 1047
"../../../Engine/Content/EditorResources/AudioIcons/S_AudioComponent_AutoActivate.uexp" 1048
"/Users/cecily_chung/dev/brgd/slinky_dog/SlinkyDog/Content/StarterContent/Shapes/Shape_Torus.uasset" 1049
"/Users/cecily_chung/dev/brgd/slinky_dog/SlinkyDog/Content/StarterContent/Shapes/Shape_Torus.uexp" 1050
"/Users/cecily_chung/dev/brgd/slinky_dog/SlinkyDog/Content/StarterContent/Shapes/Shape_Torus.ubulk" 1051
"/Users/cecily_chung/dev/brgd/slinky_dog/SlinkyDog/Content/StarterContent/Shapes/Shape_Trim_90_In.ubulk" 1052
"/Users/cecily_chung/dev/brgd/slinky_dog/SlinkyDog/Content/StarterContent/Shapes/Shape_Trim_90_In.uexp" 1053
"/Users/cecily_chung/dev/brgd/slinky_dog/SlinkyDog/Content/StarterContent/Shapes/Shape_Trim_90_In.uasset" 1054
"/Users/cecily_chung/dev/brgd/slinky_dog/SlinkyDog/Content/StarterContent/Shapes/Shape_NarrowCapsule.uasset" 1055
"/Users/cecily_chung/dev/brgd/slinky_dog/SlinkyDog/Content/StarterContent/Shapes/Shape_NarrowCapsule.uexp" 1056
"/Users/cecily_chung/dev/brgd/slinky_dog/SlinkyDog/Content/StarterContent/Shapes/Shape_NarrowCapsule.ubulk" 1057
"/Users/cecily_chung/dev/brgd/slinky_dog/SlinkyDog/Content/StarterContent/Shapes/Shape_Wedge_B.uasset" 1058
"/Users/cecily_chung/dev/brgd/slinky_dog/SlinkyDog/Content/StarterContent/Shapes/Shape_Wedge_B.uexp" 1059
"/Users/cecily_chung/dev/brgd/slinky_dog/SlinkyDog/Content/StarterContent/Shapes/Shape_Wedge_B.ubulk" 1060
"/Users/cecily_chung/dev/brgd/slinky_dog/SlinkyDog/Content/StarterContent/Shapes/Shape_Cone.ubulk" 1061
"/Users/cecily_chung/dev/brgd/slinky_dog/SlinkyDog/Content/StarterContent/Shapes/Shape_Cone.uasset" 1062
"/Users/cecily_chung/dev/brgd/slinky_dog/SlinkyDog/Content/StarterContent/Shapes/Shape_Cone.uexp" 1063
"/Users/cecily_chung/dev/brgd/slinky_dog/SlinkyDog/Content/StarterContent/Shapes/Shape_Pipe.ubulk" 1064
"/Users/cecily_chung/dev/brgd/slinky_dog/SlinkyDog/Content/StarterContent/Shapes/Shape_Pipe.uexp" 1065
"/Users/cecily_chung/dev/brgd/slinky_dog/SlinkyDog/Content/StarterContent/Shapes/Shape_Pipe.uasset" 1066
"/Users/cecily_chung/dev/brgd/slinky_dog/SlinkyDog/Content/StarterContent/Shapes/Shape_Pipe_180.uexp" 1067
"/Users/cecily_chung/dev/brgd/slinky_dog/SlinkyDog/Content/StarterContent/Shapes/Shape_Pipe_180.uasset" 1068
"/Users/cecily_chung/dev/brgd/slinky_dog/SlinkyDog/Content/StarterContent/Shapes/Shape_Pipe_180.ubulk" 1069
"/Users/cecily_chung/dev/brgd/slinky_dog/SlinkyDog/Content/StarterContent/Shapes/Shape_Pipe_90.ubulk" 1070
"/Users/cecily_chung/dev/brgd/slinky_dog/SlinkyDog/Content/StarterContent/Shapes/Shape_Pipe_90.uasset" 1071
"/Users/cecily_chung/dev/brgd/slinky_dog/SlinkyDog/Content/StarterContent/Shapes/Shape_Pipe_90.uexp" 1072
"/Users/cecily_chung/dev/brgd/slinky_dog/SlinkyDog/Content/StarterContent/Shapes/Shape_Trim_90_Out.uexp" 1073
"/Users/cecily_chung/dev/brgd/slinky_dog/SlinkyDog/Content/StarterContent/Shapes/Shape_Trim_90_Out.ubulk" 1074
"/Users/cecily_chung/dev/brgd/slinky_dog/SlinkyDog/Content/StarterContent/Shapes/Shape_Trim_90_Out.uasset" 1075
"/Users/cecily_chung/dev/brgd/slinky_dog/SlinkyDog/Content/StarterContent/Shapes/Shape_Plane.uasset" 1076
"/Users/cecily_chung/dev/brgd/slinky_dog/SlinkyDog/Content/StarterContent/Shapes/Shape_Plane.ubulk" 1077
"/Users/cecily_chung/dev/brgd/slinky_dog/SlinkyDog/Content/StarterContent/Shapes/Shape_Plane.uexp" 1078
"/Users/cecily_chung/dev/brgd/slinky_dog/SlinkyDog/Content/StarterContent/Shapes/Shape_Trim.ubulk" 1079
"/Users/cecily_chung/dev/brgd/slinky_dog/SlinkyDog/Content/StarterContent/Shapes/Shape_Trim.uasset" 1080
"/Users/cecily_chung/dev/brgd/slinky_dog/SlinkyDog/Content/StarterContent/Shapes/Shape_Trim.uexp" 1081
"/Users/cecily_chung/dev/brgd/slinky_dog/SlinkyDog/Content/StarterContent/Shapes/Shape_TriPyramid.uexp" 1082
"/Users/cecily_chung/dev/brgd/slinky_dog/SlinkyDog/Content/StarterContent/Shapes/Shape_TriPyramid.ubulk" 1083
"/Users/cecily_chung/dev/brgd/slinky_dog/SlinkyDog/Content/StarterContent/Shapes/Shape_TriPyramid.uasset" 1084
"/Users/cecily_chung/dev/brgd/slinky_dog/SlinkyDog/Content/StarterContent/Shapes/Shape_Cylinder.ubulk" 1085
"/Users/cecily_chung/dev/brgd/slinky_dog/SlinkyDog/Content/StarterContent/Shapes/Shape_Cylinder.uasset" 1086
"/Users/cecily_chung/dev/brgd/slinky_dog/SlinkyDog/Content/StarterContent/Shapes/Shape_Cylinder.uexp" 1087
"/Users/cecily_chung/dev/brgd/slinky_dog/SlinkyDog/Content/StarterContent/Shapes/Shape_Tube.uexp" 1088
"/Users/cecily_chung/dev/brgd/slinky_dog/SlinkyDog/Content/StarterContent/Shapes/Shape_Tube.uasset" 1089
"/Users/cecily_chung/dev/brgd/slinky_dog/SlinkyDog/Content/StarterContent/Shapes/Shape_Tube.ubulk" 1090
"/Users/cecily_chung/dev/brgd/slinky_dog/SlinkyDog/Content/StarterContent/Shapes/Shape_WideCapsule.uexp" 1091
"/Users/cecily_chung/dev/brgd/slinky_dog/SlinkyDog/Content/StarterContent/Shapes/Shape_WideCapsule.uasset" 1092
"/Users/cecily_chung/dev/brgd/slinky_dog/SlinkyDog/Content/StarterContent/Shapes/Shape_WideCapsule.ubulk" 1093
"/Users/cecily_chung/dev/brgd/slinky_dog/SlinkyDog/Content/StarterContent/Shapes/Shape_Wedge_A.ubulk" 1094
"/Users/cecily_chung/dev/brgd/slinky_dog/SlinkyDog/Content/StarterContent/Shapes/Shape_Wedge_A.uasset" 1095
"/Users/cecily_chung/dev/brgd/slinky_dog/SlinkyDog/Content/StarterContent/Shapes/Shape_Wedge_A.uexp" 1096
"/Users/cecily_chung/dev/brgd/slinky_dog/SlinkyDog/Content/StarterContent/Textures/T_Bush_N.uasset" 1097
"/Users/cecily_chung/dev/brgd/slinky_dog/SlinkyDog/Content/StarterContent/Textures/T_Bush_N.uexp" 1098
"/Users/cecily_chung/dev/brgd/slinky_dog/SlinkyDog/Content/StarterContent/Textures/T_Bush_N.ubulk" 1099
"/Users/cecily_chung/dev/brgd/slinky_dog/SlinkyDog/Content/StarterContent/Textures/T_Bush_D.uexp" 1100
"/Users/cecily_chung/dev/brgd/slinky_dog/SlinkyDog/Content/StarterContent/Textures/T_Bush_D.uasset" 1101
"/Users/cecily_chung/dev/brgd/slinky_dog/SlinkyDog/Content/StarterContent/Textures/T_Bush_D.ubulk" 1102
"/Users/cecily_chung/dev/brgd/slinky_dog/SlinkyDog/Content/StarterContent/Props/Materials/M_Bush.uasset" 1103
"/Users/cecily_chung/dev/brgd/slinky_dog/SlinkyDog/Content/StarterContent/Props/Materials/M_Bush.uexp" 1104
"/Users/cecily_chung/dev/brgd/slinky_dog/SlinkyDog/Content/StarterContent/Props/SM_Bush.uexp" 1105
"/Users/cecily_chung/dev/brgd/slinky_dog/SlinkyDog/Content/StarterContent/Props/SM_Bush.ubulk" 1106
"/Users/cecily_chung/dev/brgd/slinky_dog/SlinkyDog/Content/StarterContent/Props/SM_Bush.uasset" 1107
"/Users/cecily_chung/dev/brgd/slinky_dog/SlinkyDog/Content/StarterContent/Materials/M_Basic_Floor.uexp" 1108
"/Users/cecily_chung/dev/brgd/slinky_dog/SlinkyDog/Content/StarterContent/Materials/M_Basic_Floor.uasset" 1109
"/Users/cecily_chung/dev/brgd/slinky_dog/SlinkyDog/Content/StarterContent/Props/SM_Stairs.uasset" 1110
"/Users/cecily_chung/dev/brgd/slinky_dog/SlinkyDog/Content/StarterContent/Props/SM_Stairs.uexp" 1111
"/Users/cecily_chung/dev/brgd/slinky_dog/SlinkyDog/Content/StarterContent/Props/SM_Stairs.ubulk" 1112
"../../../Engine/Content/Functions/Engine_MaterialFunctions02/Utility/BlendAngleCorrectedNormals.uasset" 1113
"../../../Engine/Content/Functions/Engine_MaterialFunctions02/Utility/BlendAngleCorrectedNormals.uexp" 1114
"/Users/cecily_chung/dev/brgd/slinky_dog/SlinkyDog/Content/StarterContent/Textures/T_Detail_Rocky_N.uexp" 1115
"/Users/cecily_chung/dev/brgd/slinky_dog/SlinkyDog/Content/StarterContent/Textures/T_Detail_Rocky_N.uasset" 1116
"/Users/cecily_chung/dev/brgd/slinky_dog/SlinkyDog/Content/StarterContent/Textures/T_Detail_Rocky_N.ubulk" 1117
"/Users/cecily_chung/dev/brgd/slinky_dog/SlinkyDog/Content/StarterContent/Textures/T_Rock_Basalt_D.uexp" 1118
"/Users/cecily_chung/dev/brgd/slinky_dog/SlinkyDog/Content/StarterContent/Textures/T_Rock_Basalt_D.uasset" 1119
"/Users/cecily_chung/dev/brgd/slinky_dog/SlinkyDog/Content/StarterContent/Textures/T_Rock_Basalt_D.ubulk" 1120
"/Users/cecily_chung/dev/brgd/slinky_dog/SlinkyDog/Content/StarterContent/Textures/T_RockMesh_N.uasset" 1121
"/Users/cecily_chung/dev/brgd/slinky_dog/SlinkyDog/Content/StarterContent/Textures/T_RockMesh_N.ubulk" 1122
"/Users/cecily_chung/dev/brgd/slinky_dog/SlinkyDog/Content/StarterContent/Textures/T_RockMesh_N.uexp" 1123
"/Users/cecily_chung/dev/brgd/slinky_dog/SlinkyDog/Content/StarterContent/Textures/T_RockMesh_M.uexp" 1124
"/Users/cecily_chung/dev/brgd/slinky_dog/SlinkyDog/Content/StarterContent/Textures/T_RockMesh_M.uasset" 1125
"/Users/cecily_chung/dev/brgd/slinky_dog/SlinkyDog/Content/StarterContent/Textures/T_RockMesh_M.ubulk" 1126
"/Users/cecily_chung/dev/brgd/slinky_dog/SlinkyDog/Content/StarterContent/Props/Materials/M_Rock.uasset" 1127
"/Users/cecily_chung/dev/brgd/slinky_dog/SlinkyDog/Content/StarterContent/Props/Materials/M_Rock.uexp" 1128
"/Users/cecily_chung/dev/brgd/slinky_dog/SlinkyDog/Content/StarterContent/Props/SM_Rock.ubulk" 1129
"/Users/cecily_chung/dev/brgd/slinky_dog/SlinkyDog/Content/StarterContent/Props/SM_Rock.uexp" 1130
"/Users/cecily_chung/dev/brgd/slinky_dog/SlinkyDog/Content/StarterContent/Props/SM_Rock.uasset" 1131
"/Users/cecily_chung/dev/brgd/slinky_dog/SlinkyDog/Content/StarterContent/Textures/T_Shelf_N.ubulk" 1132
"/Users/cecily_chung/dev/brgd/slinky_dog/SlinkyDog/Content/StarterContent/Textures/T_Shelf_N.uasset" 1133
"/Users/cecily_chung/dev/brgd/slinky_dog/SlinkyDog/Content/StarterContent/Textures/T_Shelf_N.uexp" 1134
"/Users/cecily_chung/dev/brgd/slinky_dog/SlinkyDog/Content/StarterContent/Textures/T_Shelf_M.ubulk" 1135
"/Users/cecily_chung/dev/brgd/slinky_dog/SlinkyDog/Content/StarterContent/Textures/T_Shelf_M.uexp" 1136
"/Users/cecily_chung/dev/brgd/slinky_dog/SlinkyDog/Content/StarterContent/Textures/T_Shelf_M.uasset" 1137
"/Users/cecily_chung/dev/brgd/slinky_dog/SlinkyDog/Content/StarterContent/Props/Materials/M_Shelf.uasset" 1138
"/Users/cecily_chung/dev/brgd/slinky_dog/SlinkyDog/Content/StarterContent/Props/Materials/M_Shelf.uexp" 1139
"/Users/cecily_chung/dev/brgd/slinky_dog/SlinkyDog/Content/StarterContent/Props/SM_Shelf.ubulk" 1140
"/Users/cecily_chung/dev/brgd/slinky_dog/SlinkyDog/Content/StarterContent/Props/SM_Shelf.uexp" 1141
"/Users/cecily_chung/dev/brgd/slinky_dog/SlinkyDog/Content/StarterContent/Props/SM_Shelf.uasset" 1142
"/Users/cecily_chung/dev/brgd/slinky_dog/SlinkyDog/Content/StarterContent/Textures/T_Chair_N.ubulk" 1143
"/Users/cecily_chung/dev/brgd/slinky_dog/SlinkyDog/Content/StarterContent/Textures/T_Chair_N.uexp" 1144
"/Users/cecily_chung/dev/brgd/slinky_dog/SlinkyDog/Content/StarterContent/Textures/T_Chair_N.uasset" 1145
"/Users/cecily_chung/dev/brgd/slinky_dog/SlinkyDog/Content/StarterContent/Textures/T_Chair_M.uasset" 1146
"/Users/cecily_chung/dev/brgd/slinky_dog/SlinkyDog/Content/StarterContent/Textures/T_Chair_M.ubulk" 1147
"/Users/cecily_chung/dev/brgd/slinky_dog/SlinkyDog/Content/StarterContent/Textures/T_Chair_M.uexp" 1148
"/Users/cecily_chung/dev/brgd/slinky_dog/SlinkyDog/Content/StarterContent/Props/Materials/M_Chair.uexp" 1149
"/Users/cecily_chung/dev/brgd/slinky_dog/SlinkyDog/Content/StarterContent/Props/Materials/M_Chair.uasset" 1150
"/Users/cecily_chung/dev/brgd/slinky_dog/SlinkyDog/Content/StarterContent/Props/SM_Couch.uexp" 1151
"/Users/cecily_chung/dev/brgd/slinky_dog/SlinkyDog/Content/StarterContent/Props/SM_Couch.uasset" 1152
"/Users/cecily_chung/dev/brgd/slinky_dog/SlinkyDog/Content/StarterContent/Props/SM_Couch.ubulk" 1153
"/Users/cecily_chung/dev/brgd/slinky_dog/SlinkyDog/Content/StarterContent/Materials/M_Glass.uasset" 1154
"/Users/cecily_chung/dev/brgd/slinky_dog/SlinkyDog/Content/StarterContent/Materials/M_Glass.uexp" 1155
"/Users/cecily_chung/dev/brgd/slinky_dog/SlinkyDog/Content/StarterContent/Textures/T_Door_N.uasset" 1156
"/Users/cecily_chung/dev/brgd/slinky_dog/SlinkyDog/Content/StarterContent/Textures/T_Door_N.ubulk" 1157
"/Users/cecily_chung/dev/brgd/slinky_dog/SlinkyDog/Content/StarterContent/Textures/T_Door_N.uexp" 1158
"/Users/cecily_chung/dev/brgd/slinky_dog/SlinkyDog/Content/StarterContent/Textures/T_Door_M.ubulk" 1159
"/Users/cecily_chung/dev/brgd/slinky_dog/SlinkyDog/Content/StarterContent/Textures/T_Door_M.uexp" 1160
"/Users/cecily_chung/dev/brgd/slinky_dog/SlinkyDog/Content/StarterContent/Textures/T_Door_M.uasset" 1161
"/Users/cecily_chung/dev/brgd/slinky_dog/SlinkyDog/Content/StarterContent/Props/Materials/M_Door.uexp" 1162
"/Users/cecily_chung/dev/brgd/slinky_dog/SlinkyDog/Content/StarterContent/Props/Materials/M_Door.uasset" 1163
"/Users/cecily_chung/dev/brgd/slinky_dog/SlinkyDog/Content/StarterContent/Props/SM_Door.uexp" 1164
"/Users/cecily_chung/dev/brgd/slinky_dog/SlinkyDog/Content/StarterContent/Props/SM_Door.uasset" 1165
"/Users/cecily_chung/dev/brgd/slinky_dog/SlinkyDog/Content/StarterContent/Props/SM_Door.ubulk" 1166
"../../../Engine/Content/EditorMeshes/ColorCalibrator/T_ColorGrid.uasset" 1167
"../../../Engine/Content/EditorMeshes/ColorCalibrator/T_ColorGrid.ubulk" 1168
"../../../Engine/Content/EditorMeshes/ColorCalibrator/T_ColorGrid.uexp" 1169
"/Users/cecily_chung/dev/brgd/slinky_dog/SlinkyDog/Content/StarterContent/Materials/M_ColorGrid_LowSpec.uexp" 1170
"/Users/cecily_chung/dev/brgd/slinky_dog/SlinkyDog/Content/StarterContent/Materials/M_ColorGrid_LowSpec.uasset" 1171
"/Users/cecily_chung/dev/brgd/slinky_dog/SlinkyDog/Content/StarterContent/Textures/T_Smoke_SubUV.ubulk" 1172
"/Users/cecily_chung/dev/brgd/slinky_dog/SlinkyDog/Content/StarterContent/Textures/T_Smoke_SubUV.uasset" 1173
"/Users/cecily_chung/dev/brgd/slinky_dog/SlinkyDog/Content/StarterContent/Textures/T_Smoke_SubUV.uexp" 1174
"/Users/cecily_chung/dev/brgd/slinky_dog/SlinkyDog/Content/StarterContent/Textures/T_Smoke_Tiled_D.uasset" 1175
"/Users/cecily_chung/dev/brgd/slinky_dog/SlinkyDog/Content/StarterContent/Textures/T_Smoke_Tiled_D.ubulk" 1176
"/Users/cecily_chung/dev/brgd/slinky_dog/SlinkyDog/Content/StarterContent/Textures/T_Smoke_Tiled_D.uexp" 1177
"/Users/cecily_chung/dev/brgd/slinky_dog/SlinkyDog/Content/StarterContent/Particles/Materials/M_smoke_subUV.uasset" 1178
"/Users/cecily_chung/dev/brgd/slinky_dog/SlinkyDog/Content/StarterContent/Particles/Materials/M_smoke_subUV.uexp" 1179
"/Users/cecily_chung/dev/brgd/slinky_dog/SlinkyDog/Content/StarterContent/Textures/T_Burst_M.uasset" 1180
"/Users/cecily_chung/dev/brgd/slinky_dog/SlinkyDog/Content/StarterContent/Textures/T_Burst_M.uexp" 1181
"/Users/cecily_chung/dev/brgd/slinky_dog/SlinkyDog/Content/StarterContent/Textures/T_Burst_M.ubulk" 1182
"/Users/cecily_chung/dev/brgd/slinky_dog/SlinkyDog/Content/StarterContent/Particles/Materials/M_Burst.uasset" 1183
"/Users/cecily_chung/dev/brgd/slinky_dog/SlinkyDog/Content/StarterContent/Particles/Materials/M_Burst.uexp" 1184
"/Users/cecily_chung/dev/brgd/slinky_dog/SlinkyDog/Content/StarterContent/Particles/Materials/m_flare_01.uexp" 1185
"/Users/cecily_chung/dev/brgd/slinky_dog/SlinkyDog/Content/StarterContent/Particles/Materials/m_flare_01.uasset" 1186
"/Users/cecily_chung/dev/brgd/slinky_dog/SlinkyDog/Content/StarterContent/Textures/T_Explosion_SubUV.ubulk" 1187
"/Users/cecily_chung/dev/brgd/slinky_dog/SlinkyDog/Content/StarterContent/Textures/T_Explosion_SubUV.uasset" 1188
"/Users/cecily_chung/dev/brgd/slinky_dog/SlinkyDog/Content/StarterContent/Textures/T_Explosion_SubUV.uexp" 1189
"/Users/cecily_chung/dev/brgd/slinky_dog/SlinkyDog/Content/StarterContent/Particles/Materials/M_explosion_subUV.uexp" 1190
"/Users/cecily_chung/dev/brgd/slinky_dog/SlinkyDog/Content/StarterContent/Particles/Materials/M_explosion_subUV.uasset" 1191
"../../../Engine/Content/Functions/Engine_MaterialFunctions01/Gradient/RadialGradient.uasset" 1192
"../../../Engine/Content/Functions/Engine_MaterialFunctions01/Gradient/RadialGradient.uexp" 1193
"/Users/cecily_chung/dev/brgd/slinky_dog/SlinkyDog/Content/StarterContent/Particles/Materials/M_radial_ramp.uexp" 1194
"/Users/cecily_chung/dev/brgd/slinky_dog/SlinkyDog/Content/StarterContent/Particles/Materials/M_radial_ramp.uasset" 1195
"/Users/cecily_chung/dev/brgd/slinky_dog/SlinkyDog/Content/StarterContent/Particles/P_Explosion.uasset" 1196
"/Users/cecily_chung/dev/brgd/slinky_dog/SlinkyDog/Content/StarterContent/Particles/P_Explosion.uexp" 1197
"/Users/cecily_chung/dev/brgd/slinky_dog/SlinkyDog/Content/StarterContent/Audio/Explosion_Cue.uasset" 1198
"/Users/cecily_chung/dev/brgd/slinky_dog/SlinkyDog/Content/StarterContent/Audio/Explosion_Cue.uexp" 1199
"/Users/cecily_chung/dev/brgd/slinky_dog/SlinkyDog/Content/StarterContent/Blueprints/Blueprint_Effect_Explosion.uexp" 1200
"/Users/cecily_chung/dev/brgd/slinky_dog/SlinkyDog/Content/StarterContent/Blueprints/Blueprint_Effect_Explosion.uasset" 1201
"/Users/cecily_chung/dev/brgd/slinky_dog/SlinkyDog/Content/StarterContent/Audio/Collapse02.uasset" 1202
"/Users/cecily_chung/dev/brgd/slinky_dog/SlinkyDog/Content/StarterContent/Audio/Collapse02.uexp" 1203
"/Users/cecily_chung/dev/brgd/slinky_dog/SlinkyDog/Content/StarterContent/Audio/Collapse02.ubulk" 1204
"/Users/cecily_chung/dev/brgd/slinky_dog/SlinkyDog/Content/StarterContent/Audio/Light01.uasset" 1205
"/Users/cecily_chung/dev/brgd/slinky_dog/SlinkyDog/Content/StarterContent/Audio/Light01.ubulk" 1206
"/Users/cecily_chung/dev/brgd/slinky_dog/SlinkyDog/Content/StarterContent/Audio/Light01.uexp" 1207
"/Users/cecily_chung/dev/brgd/slinky_dog/SlinkyDog/Content/StarterContent/Audio/Explosion01.uasset" 1208
"/Users/cecily_chung/dev/brgd/slinky_dog/SlinkyDog/Content/StarterContent/Audio/Explosion01.uexp" 1209
"/Users/cecily_chung/dev/brgd/slinky_dog/SlinkyDog/Content/StarterContent/Audio/Explosion01.ubulk" 1210
"/Users/cecily_chung/dev/brgd/slinky_dog/SlinkyDog/Content/StarterContent/Audio/Starter_Music01.uasset" 1211
"/Users/cecily_chung/dev/brgd/slinky_dog/SlinkyDog/Content/StarterContent/Audio/Starter_Music01.ubulk" 1212
"/Users/cecily_chung/dev/brgd/slinky_dog/SlinkyDog/Content/StarterContent/Audio/Starter_Music01.uexp" 1213
"/Users/cecily_chung/dev/brgd/slinky_dog/SlinkyDog/Content/StarterContent/Audio/Steam01.ubulk" 1214
"/Users/cecily_chung/dev/brgd/slinky_dog/SlinkyDog/Content/StarterContent/Audio/Steam01.uexp" 1215
"/Users/cecily_chung/dev/brgd/slinky_dog/SlinkyDog/Content/StarterContent/Audio/Steam01.uasset" 1216
"/Users/cecily_chung/dev/brgd/slinky_dog/SlinkyDog/Content/StarterContent/Audio/Starter_Wind05.uasset" 1217
"/Users/cecily_chung/dev/brgd/slinky_dog/SlinkyDog/Content/StarterContent/Audio/Starter_Wind05.uexp" 1218
"/Users/cecily_chung/dev/brgd/slinky_dog/SlinkyDog/Content/StarterContent/Audio/Starter_Wind05.ubulk" 1219
"/Users/cecily_chung/dev/brgd/slinky_dog/SlinkyDog/Content/StarterContent/Audio/Light01_Cue.uasset" 1220
"/Users/cecily_chung/dev/brgd/slinky_dog/SlinkyDog/Content/StarterContent/Audio/Light01_Cue.uexp" 1221
"/Users/cecily_chung/dev/brgd/slinky_dog/SlinkyDog/Content/StarterContent/Audio/Fire01.uexp" 1222
"/Users/cecily_chung/dev/brgd/slinky_dog/SlinkyDog/Content/StarterContent/Audio/Fire01.uasset" 1223
"/Users/cecily_chung/dev/brgd/slinky_dog/SlinkyDog/Content/StarterContent/Audio/Fire01.ubulk" 1224
"/Users/cecily_chung/dev/brgd/slinky_dog/SlinkyDog/Content/StarterContent/Audio/Light02_Cue.uexp" 1225
"/Users/cecily_chung/dev/brgd/slinky_dog/SlinkyDog/Content/StarterContent/Audio/Light02_Cue.uasset" 1226
"/Users/cecily_chung/dev/brgd/slinky_dog/SlinkyDog/Content/StarterContent/Audio/Light02.uasset" 1227
"/Users/cecily_chung/dev/brgd/slinky_dog/SlinkyDog/Content/StarterContent/Audio/Light02.uexp" 1228
"/Users/cecily_chung/dev/brgd/slinky_dog/SlinkyDog/Content/StarterContent/Audio/Light02.ubulk" 1229
"/Users/cecily_chung/dev/brgd/slinky_dog/SlinkyDog/Content/StarterContent/Audio/Collapse01.ubulk" 1230
"/Users/cecily_chung/dev/brgd/slinky_dog/SlinkyDog/Content/StarterContent/Audio/Collapse01.uasset" 1231
"/Users/cecily_chung/dev/brgd/slinky_dog/SlinkyDog/Content/StarterContent/Audio/Collapse01.uexp" 1232
"/Users/cecily_chung/dev/brgd/slinky_dog/SlinkyDog/Content/StarterContent/Audio/Smoke01.ubulk" 1233
"/Users/cecily_chung/dev/brgd/slinky_dog/SlinkyDog/Content/StarterContent/Audio/Smoke01.uasset" 1234
"/Users/cecily_chung/dev/brgd/slinky_dog/SlinkyDog/Content/StarterContent/Audio/Smoke01.uexp" 1235
"/Users/cecily_chung/dev/brgd/slinky_dog/SlinkyDog/Content/StarterContent/Audio/Fire_Sparks01.uexp" 1236
"/Users/cecily_chung/dev/brgd/slinky_dog/SlinkyDog/Content/StarterContent/Audio/Fire_Sparks01.uasset" 1237
"/Users/cecily_chung/dev/brgd/slinky_dog/SlinkyDog/Content/StarterContent/Audio/Fire_Sparks01.ubulk" 1238
"/Users/cecily_chung/dev/brgd/slinky_dog/SlinkyDog/Content/StarterContent/Audio/Starter_Birds01.uexp" 1239
"/Users/cecily_chung/dev/brgd/slinky_dog/SlinkyDog/Content/StarterContent/Audio/Starter_Birds01.uasset" 1240
"/Users/cecily_chung/dev/brgd/slinky_dog/SlinkyDog/Content/StarterContent/Audio/Starter_Birds01.ubulk" 1241
"/Users/cecily_chung/dev/brgd/slinky_dog/SlinkyDog/Content/StarterContent/Audio/Starter_Wind06.uexp" 1242
"/Users/cecily_chung/dev/brgd/slinky_dog/SlinkyDog/Content/StarterContent/Audio/Starter_Wind06.uasset" 1243
"/Users/cecily_chung/dev/brgd/slinky_dog/SlinkyDog/Content/StarterContent/Audio/Starter_Wind06.ubulk" 1244
"/Users/cecily_chung/dev/brgd/slinky_dog/SlinkyDog/Content/StarterContent/Audio/Explosion02.uexp" 1245
"/Users/cecily_chung/dev/brgd/slinky_dog/SlinkyDog/Content/StarterContent/Audio/Explosion02.uasset" 1246
"/Users/cecily_chung/dev/brgd/slinky_dog/SlinkyDog/Content/StarterContent/Audio/Explosion02.ubulk" 1247
"/Users/cecily_chung/dev/brgd/slinky_dog/SlinkyDog/Content/SlinkyDog/sound/SlinkyDogLevelMusicLoop.uexp" 1248
"/Users/cecily_chung/dev/brgd/slinky_dog/SlinkyDog/Content/SlinkyDog/sound/SlinkyDogLevelMusicLoop.uasset" 1249
"/Users/cecily_chung/dev/brgd/slinky_dog/SlinkyDog/Content/SlinkyDog/sound/SlinkyDogLevelMusicLoop.ubulk" 1250
"/Users/cecily_chung/dev/brgd/slinky_dog/SlinkyDog/Content/SlinkyDog/sound/bgloop.uexp" 1251
"/Users/cecily_chung/dev/brgd/slinky_dog/SlinkyDog/Content/SlinkyDog/sound/bgloop.uasset" 1252
"/Users/cecily_chung/dev/brgd/slinky_dog/SlinkyDog/Content/SlinkyDog/sound/Back_walk_cycle.uasset" 1253
"/Users/cecily_chung/dev/brgd/slinky_dog/SlinkyDog/Content/SlinkyDog/sound/Back_walk_cycle.uexp" 1254
"/Users/cecily_chung/dev/brgd/slinky_dog/SlinkyDog/Content/SlinkyDog/sound/Back_walk_cycle.ubulk" 1255
"/Users/cecily_chung/dev/brgd/slinky_dog/SlinkyDog/Content/SlinkyDog/sound/back_walk.uasset" 1256
"/Users/cecily_chung/dev/brgd/slinky_dog/SlinkyDog/Content/SlinkyDog/sound/back_walk.uexp" 1257
"/Users/cecily_chung/dev/brgd/slinky_dog/SlinkyDog/Content/SlinkyDog/sound/Dog-butt-jump.ubulk" 1258
"/Users/cecily_chung/dev/brgd/slinky_dog/SlinkyDog/Content/SlinkyDog/sound/Dog-butt-jump.uexp" 1259
"/Users/cecily_chung/dev/brgd/slinky_dog/SlinkyDog/Content/SlinkyDog/sound/Dog-butt-jump.uasset" 1260
"/Users/cecily_chung/dev/brgd/slinky_dog/SlinkyDog/Content/SlinkyDog/sound/dog_butt.uexp" 1261
"/Users/cecily_chung/dev/brgd/slinky_dog/SlinkyDog/Content/SlinkyDog/sound/dog_butt.uasset" 1262
"/Users/cecily_chung/dev/brgd/slinky_dog/SlinkyDog/Content/SlinkyDog/sound/Dog-head-jump.uexp" 1263
"/Users/cecily_chung/dev/brgd/slinky_dog/SlinkyDog/Content/SlinkyDog/sound/Dog-head-jump.uasset" 1264
"/Users/cecily_chung/dev/brgd/slinky_dog/SlinkyDog/Content/SlinkyDog/sound/Dog-head-jump.ubulk" 1265
"/Users/cecily_chung/dev/brgd/slinky_dog/SlinkyDog/Content/SlinkyDog/sound/dog-head.uasset" 1266
"/Users/cecily_chung/dev/brgd/slinky_dog/SlinkyDog/Content/SlinkyDog/sound/dog-head.uexp" 1267
"/Users/cecily_chung/dev/brgd/slinky_dog/SlinkyDog/Content/SlinkyDog/sound/Front_walk_cycle.uexp" 1268
"/Users/cecily_chung/dev/brgd/slinky_dog/SlinkyDog/Content/SlinkyDog/sound/Front_walk_cycle.uasset" 1269
"/Users/cecily_chung/dev/brgd/slinky_dog/SlinkyDog/Content/SlinkyDog/sound/Front_walk_cycle.ubulk" 1270
"/Users/cecily_chung/dev/brgd/slinky_dog/SlinkyDog/Content/SlinkyDog/sound/front_walk.uasset" 1271
"/Users/cecily_chung/dev/brgd/slinky_dog/SlinkyDog/Content/SlinkyDog/sound/front_walk.uexp" 1272
"/Users/cecily_chung/dev/brgd/slinky_dog/SlinkyDog/Content/Characters/April27thDog/ScaledUPVersion/DogButt_Mesh_Skeleton.uasset" 1273
"/Users/cecily_chung/dev/brgd/slinky_dog/SlinkyDog/Content/Characters/April27thDog/ScaledUPVersion/DogButt_Mesh_Skeleton.uexp" 1274
"/Users/cecily_chung/dev/brgd/slinky_dog/SlinkyDog/Content/Characters/April27thDog/ScaledUPVersion/DogButt_Run.uasset" 1275
"/Users/cecily_chung/dev/brgd/slinky_dog/SlinkyDog/Content/Characters/April27thDog/ScaledUPVersion/DogButt_Run.uexp" 1276
"/Users/cecily_chung/dev/brgd/slinky_dog/SlinkyDog/Content/Characters/April27thDog/ScaledUPVersion/DogHead_Mesh_PhysicsAsset.uasset" 1277
"/Users/cecily_chung/dev/brgd/slinky_dog/SlinkyDog/Content/Characters/April27thDog/ScaledUPVersion/DogHead_Mesh_PhysicsAsset.uexp" 1278
"/Users/cecily_chung/dev/brgd/slinky_dog/SlinkyDog/Content/Characters/April27thDog/ScaledUPVersion/Material_003.uexp" 1279
"/Users/cecily_chung/dev/brgd/slinky_dog/SlinkyDog/Content/Characters/April27thDog/ScaledUPVersion/Material_003.uasset" 1280
"/Users/cecily_chung/dev/brgd/slinky_dog/SlinkyDog/Content/Characters/April27thDog/ScaledUPVersion/DogHead_Mesh_Skeleton.uexp" 1281
"/Users/cecily_chung/dev/brgd/slinky_dog/SlinkyDog/Content/Characters/April27thDog/ScaledUPVersion/DogHead_Mesh_Skeleton.uasset" 1282
"/Users/cecily_chung/dev/brgd/slinky_dog/SlinkyDog/Content/Characters/April27thDog/ScaledUPVersion/Material_004.uasset" 1283
"/Users/cecily_chung/dev/brgd/slinky_dog/SlinkyDog/Content/Characters/April27thDog/ScaledUPVersion/Material_004.uexp" 1284
"/Users/cecily_chung/dev/brgd/slinky_dog/SlinkyDog/Content/Characters/April27thDog/ScaledUPVersion/Material_005.uasset" 1285
"/Users/cecily_chung/dev/brgd/slinky_dog/SlinkyDog/Content/Characters/April27thDog/ScaledUPVersion/Material_005.uexp" 1286
"/Users/cecily_chung/dev/brgd/slinky_dog/SlinkyDog/Content/Characters/April27thDog/ScaledUPVersion/Material_002.uasset" 1287
"/Users/cecily_chung/dev/brgd/slinky_dog/SlinkyDog/Content/Characters/April27thDog/ScaledUPVersion/Material_002.uexp" 1288
"/Users/cecily_chung/dev/brgd/slinky_dog/SlinkyDog/Content/Characters/April27thDog/ScaledUPVersion/DogHead_Mesh.uasset" 1289
"/Users/cecily_chung/dev/brgd/slinky_dog/SlinkyDog/Content/Characters/April27thDog/ScaledUPVersion/DogHead_Mesh.uexp" 1290
"/Users/cecily_chung/dev/brgd/slinky_dog/SlinkyDog/Content/Characters/April27thDog/ScaledUPVersion/DogHead_Run2.uasset" 1291
"/Users/cecily_chung/dev/brgd/slinky_dog/SlinkyDog/Content/Characters/April27thDog/ScaledUPVersion/DogHead_Run2.uexp" 1292
"/Users/cecily_chung/dev/brgd/slinky_dog/SlinkyDog/Content/SlinkyDog/proto_twoplayer/BP_BoundingBox.uasset" 1293
"/Users/cecily_chung/dev/brgd/slinky_dog/SlinkyDog/Content/SlinkyDog/proto_twoplayer/BP_BoundingBox.uexp" 1294
"/Users/cecily_chung/dev/brgd/slinky_dog/SlinkyDog/Content/SlinkyDog/proto_twoplayer/spring/Material.uexp" 1295
"/Users/cecily_chung/dev/brgd/slinky_dog/SlinkyDog/Content/SlinkyDog/proto_twoplayer/spring/Material.uasset" 1296
"/Users/cecily_chung/dev/brgd/slinky_dog/SlinkyDog/Content/SlinkyDog/proto_twoplayer/spring/spring_1.ubulk" 1297
"/Users/cecily_chung/dev/brgd/slinky_dog/SlinkyDog/Content/SlinkyDog/proto_twoplayer/spring/spring_1.uexp" 1298
"/Users/cecily_chung/dev/brgd/slinky_dog/SlinkyDog/Content/SlinkyDog/proto_twoplayer/spring/spring_1.uasset" 1299
"/Users/cecily_chung/dev/brgd/slinky_dog/SlinkyDog/Content/Characters/HotdogRig/Material_006.uexp" 1300
"/Users/cecily_chung/dev/brgd/slinky_dog/SlinkyDog/Content/Characters/HotdogRig/Material_006.uasset" 1301
"/Users/cecily_chung/dev/brgd/slinky_dog/SlinkyDog/Content/Characters/April27thDog/ScaledUPVersion/Material_007.uexp" 1302
"/Users/cecily_chung/dev/brgd/slinky_dog/SlinkyDog/Content/Characters/April27thDog/ScaledUPVersion/Material_007.uasset" 1303
"/Users/cecily_chung/dev/brgd/slinky_dog/SlinkyDog/Content/Characters/April27thDog/ScaledUPVersion/DogButt_Mesh_PhysicsAsset.uexp" 1304
"/Users/cecily_chung/dev/brgd/slinky_dog/SlinkyDog/Content/Characters/April27thDog/ScaledUPVersion/DogButt_Mesh_PhysicsAsset.uasset" 1305
"/Users/cecily_chung/dev/brgd/slinky_dog/SlinkyDog/Content/Characters/April27thDog/ScaledUPVersion/DogButt_Mesh.uasset" 1306
"/Users/cecily_chung/dev/brgd/slinky_dog/SlinkyDog/Content/Characters/April27thDog/ScaledUPVersion/DogButt_Mesh.uexp" 1307
"/Users/cecily_chung/dev/brgd/slinky_dog/SlinkyDog/Content/SlinkyDog/proto_twoplayer/BP_Proto_TwoPlayer1.uexp" 1308
"/Users/cecily_chung/dev/brgd/slinky_dog/SlinkyDog/Content/SlinkyDog/proto_twoplayer/BP_Proto_TwoPlayer1.uasset" 1309
"/Users/cecily_chung/dev/brgd/slinky_dog/SlinkyDog/Content/SlinkyDog/proto_twoplayer/BP_Proto_TwoPlayer2.uasset" 1310
"/Users/cecily_chung/dev/brgd/slinky_dog/SlinkyDog/Content/SlinkyDog/proto_twoplayer/BP_Proto_TwoPlayer2.uexp" 1311
"/Users/cecily_chung/dev/brgd/slinky_dog/SlinkyDog/Content/SlinkyDog/proto_twoplayer/BP_Proto_TwoPlayer3.uexp" 1312
"/Users/cecily_chung/dev/brgd/slinky_dog/SlinkyDog/Content/SlinkyDog/proto_twoplayer/BP_Proto_TwoPlayer3.uasset" 1313
"../../../Engine/Content/BasicShapes/Cube.ubulk" 1314
"../../../Engine/Content/BasicShapes/Cube.uasset" 1315
"../../../Engine/Content/BasicShapes/Cube.uexp" 1316
"../../../Engine/Content/BasicShapes/BasicShapeMaterial.uexp" 1317
"../../../Engine/Content/BasicShapes/BasicShapeMaterial.uasset" 1318
"/Users/cecily_chung/dev/brgd/slinky_dog/SlinkyDog/Content/SlinkyDog/proto_twoplayer/TestBlock.uasset" 1319
"/Users/cecily_chung/dev/brgd/slinky_dog/SlinkyDog/Content/SlinkyDog/proto_twoplayer/TestBlock.uexp" 1320
"/Users/cecily_chung/dev/brgd/slinky_dog/SlinkyDog/Content/SlinkyDog/proto_twoplayer/BP_Proto_TwoPlayer4.uasset" 1321
"/Users/cecily_chung/dev/brgd/slinky_dog/SlinkyDog/Content/SlinkyDog/proto_twoplayer/BP_Proto_TwoPlayer4.uexp" 1322
"/Users/cecily_chung/dev/brgd/slinky_dog/SlinkyDog/Content/SlinkyDog/proto_twoplayer/Proto_TwoPlayerActions/IA_Jump1.uasset" 1323
"/Users/cecily_chung/dev/brgd/slinky_dog/SlinkyDog/Content/SlinkyDog/proto_twoplayer/Proto_TwoPlayerActions/IA_Jump1.uexp" 1324
"/Users/cecily_chung/dev/brgd/slinky_dog/SlinkyDog/Content/SlinkyDog/proto_twoplayer/Proto_TwoPlayerActions/IA_Move2.uasset" 1325
"/Users/cecily_chung/dev/brgd/slinky_dog/SlinkyDog/Content/SlinkyDog/proto_twoplayer/Proto_TwoPlayerActions/IA_Move2.uexp" 1326
"/Users/cecily_chung/dev/brgd/slinky_dog/SlinkyDog/Content/SlinkyDog/proto_twoplayer/Proto_TwoPlayerActions/IA_Jump2.uexp" 1327
"/Users/cecily_chung/dev/brgd/slinky_dog/SlinkyDog/Content/SlinkyDog/proto_twoplayer/Proto_TwoPlayerActions/IA_Jump2.uasset" 1328
"/Users/cecily_chung/dev/brgd/slinky_dog/SlinkyDog/Content/SlinkyDog/proto_twoplayer/Proto_TwoPlayerActions/IA_Move1.uexp" 1329
"/Users/cecily_chung/dev/brgd/slinky_dog/SlinkyDog/Content/SlinkyDog/proto_twoplayer/Proto_TwoPlayerActions/IA_Move1.uasset" 1330
"/Users/cecily_chung/dev/brgd/slinky_dog/SlinkyDog/Content/SlinkyDog/proto_twoplayer/Proto_TwoPlayerActions/IA_Anchor2.uexp" 1331
"/Users/cecily_chung/dev/brgd/slinky_dog/SlinkyDog/Content/SlinkyDog/proto_twoplayer/Proto_TwoPlayerActions/IA_Anchor2.uasset" 1332
"/Users/cecily_chung/dev/brgd/slinky_dog/SlinkyDog/Content/SlinkyDog/proto_twoplayer/Proto_TwoPlayerActions/IA_Anchor1.uexp" 1333
"/Users/cecily_chung/dev/brgd/slinky_dog/SlinkyDog/Content/SlinkyDog/proto_twoplayer/Proto_TwoPlayerActions/IA_Anchor1.uasset" 1334
"/Users/cecily_chung/dev/brgd/slinky_dog/SlinkyDog/Content/SlinkyDog/proto_twoplayer/Proto_TwoPlayerActions/IA_Pause.uasset" 1335
"/Users/cecily_chung/dev/brgd/slinky_dog/SlinkyDog/Content/SlinkyDog/proto_twoplayer/Proto_TwoPlayerActions/IA_Pause.uexp" 1336
"/Users/cecily_chung/dev/brgd/slinky_dog/SlinkyDog/Content/SlinkyDog/proto_twoplayer/IMC_Controls.uexp" 1337
"/Users/cecily_chung/dev/brgd/slinky_dog/SlinkyDog/Content/SlinkyDog/proto_twoplayer/IMC_Controls.uasset" 1338
"/Users/cecily_chung/dev/brgd/slinky_dog/SlinkyDog/Content/SlinkyDog/UI/Buttons/resume_hover.uexp" 1339
"/Users/cecily_chung/dev/brgd/slinky_dog/SlinkyDog/Content/SlinkyDog/UI/Buttons/resume_hover.uasset" 1340
"/Users/cecily_chung/dev/brgd/slinky_dog/SlinkyDog/Content/SlinkyDog/UI/Buttons/quit_normal.uasset" 1341
"/Users/cecily_chung/dev/brgd/slinky_dog/SlinkyDog/Content/SlinkyDog/UI/Buttons/quit_normal.uexp" 1342
"/Users/cecily_chung/dev/brgd/slinky_dog/SlinkyDog/Content/SlinkyDog/UI/PauseText.uasset" 1343
"/Users/cecily_chung/dev/brgd/slinky_dog/SlinkyDog/Content/SlinkyDog/UI/PauseText.uexp" 1344
"/Users/cecily_chung/dev/brgd/slinky_dog/SlinkyDog/Content/SlinkyDog/UI/Buttons/resume_normal.uexp" 1345
"/Users/cecily_chung/dev/brgd/slinky_dog/SlinkyDog/Content/SlinkyDog/UI/Buttons/resume_normal.uasset" 1346
"/Users/cecily_chung/dev/brgd/slinky_dog/SlinkyDog/Content/SlinkyDog/UI/Buttons/quit_press.uexp" 1347
"/Users/cecily_chung/dev/brgd/slinky_dog/SlinkyDog/Content/SlinkyDog/UI/Buttons/quit_press.uasset" 1348
"/Users/cecily_chung/dev/brgd/slinky_dog/SlinkyDog/Content/SlinkyDog/UI/Buttons/quit_hover.uasset" 1349
"/Users/cecily_chung/dev/brgd/slinky_dog/SlinkyDog/Content/SlinkyDog/UI/Buttons/quit_hover.uexp" 1350
"/Users/cecily_chung/dev/brgd/slinky_dog/SlinkyDog/Content/SlinkyDog/UI/WB_PauseMenu.uasset" 1351
"/Users/cecily_chung/dev/brgd/slinky_dog/SlinkyDog/Content/SlinkyDog/UI/WB_PauseMenu.uexp" 1352
"/Users/cecily_chung/dev/brgd/slinky_dog/SlinkyDog/Content/SlinkyDog/proto_twoplayer/BP_Proto_TwoPlayerController.uasset" 1353
"/Users/cecily_chung/dev/brgd/slinky_dog/SlinkyDog/Content/SlinkyDog/proto_twoplayer/BP_Proto_TwoPlayerController.uexp" 1354
"/Users/cecily_chung/dev/brgd/slinky_dog/SlinkyDog/Content/SlinkyDog/proto_twoplayer/BP_Proto_TwoPlayerGM.uasset" 1355
"/Users/cecily_chung/dev/brgd/slinky_dog/SlinkyDog/Content/SlinkyDog/proto_twoplayer/BP_Proto_TwoPlayerGM.uexp" 1356
"/Users/cecily_chung/dev/brgd/slinky_dog/SlinkyDog/Content/SlinkyDog/level1/Material_020.uasset" 1357
"/Users/cecily_chung/dev/brgd/slinky_dog/SlinkyDog/Content/SlinkyDog/level1/Material_020.uexp" 1358
"/Users/cecily_chung/dev/brgd/slinky_dog/SlinkyDog/Content/SlinkyDog/level1/shelves_and_books_v2_Cube_016.ubulk" 1359
"/Users/cecily_chung/dev/brgd/slinky_dog/SlinkyDog/Content/SlinkyDog/level1/shelves_and_books_v2_Cube_016.uexp" 1360
"/Users/cecily_chung/dev/brgd/slinky_dog/SlinkyDog/Content/SlinkyDog/level1/shelves_and_books_v2_Cube_016.uasset" 1361
"/Users/cecily_chung/dev/brgd/slinky_dog/SlinkyDog/Content/SlinkyDog/level1/standardSurface1.uasset" 1362
"/Users/cecily_chung/dev/brgd/slinky_dog/SlinkyDog/Content/SlinkyDog/level1/standardSurface1.uexp" 1363
"/Users/cecily_chung/dev/brgd/slinky_dog/SlinkyDog/Content/SlinkyDog/level1/rocket_fueltank.uexp" 1364
"/Users/cecily_chung/dev/brgd/slinky_dog/SlinkyDog/Content/SlinkyDog/level1/rocket_fueltank.ubulk" 1365
"/Users/cecily_chung/dev/brgd/slinky_dog/SlinkyDog/Content/SlinkyDog/level1/rocket_fueltank.uasset" 1366
"/Users/cecily_chung/dev/brgd/slinky_dog/SlinkyDog/Content/SlinkyDog/level1/plane_wheels.ubulk" 1367
"/Users/cecily_chung/dev/brgd/slinky_dog/SlinkyDog/Content/SlinkyDog/level1/plane_wheels.uexp" 1368
"/Users/cecily_chung/dev/brgd/slinky_dog/SlinkyDog/Content/SlinkyDog/level1/plane_wheels.uasset" 1369
"/Users/cecily_chung/dev/brgd/slinky_dog/SlinkyDog/Content/SlinkyDog/level1/rocket_booster4.uasset" 1370
"/Users/cecily_chung/dev/brgd/slinky_dog/SlinkyDog/Content/SlinkyDog/level1/rocket_booster4.uexp" 1371
"/Users/cecily_chung/dev/brgd/slinky_dog/SlinkyDog/Content/SlinkyDog/level1/rocket_booster4.ubulk" 1372
"/Users/cecily_chung/dev/brgd/slinky_dog/SlinkyDog/Content/SlinkyDog/level1/Wall_Design_Concept_2.uexp" 1373
"/Users/cecily_chung/dev/brgd/slinky_dog/SlinkyDog/Content/SlinkyDog/level1/Wall_Design_Concept_2.uasset" 1374
"/Users/cecily_chung/dev/brgd/slinky_dog/SlinkyDog/Content/SlinkyDog/level1/openbook1_Skeleton.uexp" 1375
"/Users/cecily_chung/dev/brgd/slinky_dog/SlinkyDog/Content/SlinkyDog/level1/openbook1_Skeleton.uasset" 1376
"/Users/cecily_chung/dev/brgd/slinky_dog/SlinkyDog/Content/SlinkyDog/level1/openbook1_PhysicsAsset.uasset" 1377
"/Users/cecily_chung/dev/brgd/slinky_dog/SlinkyDog/Content/SlinkyDog/level1/openbook1_PhysicsAsset.uexp" 1378
"/Users/cecily_chung/dev/brgd/slinky_dog/SlinkyDog/Content/SlinkyDog/level1/openbook1.uexp" 1379
"/Users/cecily_chung/dev/brgd/slinky_dog/SlinkyDog/Content/SlinkyDog/level1/openbook1.uasset" 1380
"/Users/cecily_chung/dev/brgd/slinky_dog/SlinkyDog/Content/SlinkyDog/level1/plane_propeller.uasset" 1381
"/Users/cecily_chung/dev/brgd/slinky_dog/SlinkyDog/Content/SlinkyDog/level1/plane_propeller.uexp" 1382
"/Users/cecily_chung/dev/brgd/slinky_dog/SlinkyDog/Content/SlinkyDog/level1/plane_propeller.ubulk" 1383
"/Users/cecily_chung/dev/brgd/slinky_dog/SlinkyDog/Content/SlinkyDog/level1/rocket_booster3.uasset" 1384
"/Users/cecily_chung/dev/brgd/slinky_dog/SlinkyDog/Content/SlinkyDog/level1/rocket_booster3.uexp" 1385
"/Users/cecily_chung/dev/brgd/slinky_dog/SlinkyDog/Content/SlinkyDog/level1/rocket_booster3.ubulk" 1386
"/Users/cecily_chung/dev/brgd/slinky_dog/SlinkyDog/Content/SlinkyDog/level1/Wall_Design_Concept.uasset" 1387
"/Users/cecily_chung/dev/brgd/slinky_dog/SlinkyDog/Content/SlinkyDog/level1/Wall_Design_Concept.uexp" 1388
"/Users/cecily_chung/dev/brgd/slinky_dog/SlinkyDog/Content/SlinkyDog/level1/UV_Grid.uasset" 1389
"/Users/cecily_chung/dev/brgd/slinky_dog/SlinkyDog/Content/SlinkyDog/level1/UV_Grid.uexp" 1390
"/Users/cecily_chung/dev/brgd/slinky_dog/SlinkyDog/Content/SlinkyDog/level1/Doll_-_UV_Unwrapped_and_Posed_Body_Export.uasset" 1391
"/Users/cecily_chung/dev/brgd/slinky_dog/SlinkyDog/Content/SlinkyDog/level1/Doll_-_UV_Unwrapped_and_Posed_Body_Export.ubulk" 1392
"/Users/cecily_chung/dev/brgd/slinky_dog/SlinkyDog/Content/SlinkyDog/level1/Doll_-_UV_Unwrapped_and_Posed_Body_Export.uexp" 1393
"/Users/cecily_chung/dev/brgd/slinky_dog/SlinkyDog/Content/SlinkyDog/level1/Level_1.uexp" 1394
"/Users/cecily_chung/dev/brgd/slinky_dog/SlinkyDog/Content/SlinkyDog/level1/Level_1.uasset" 1395
"/Users/cecily_chung/dev/brgd/slinky_dog/SlinkyDog/Content/SlinkyDog/level1/Material_001.uexp" 1396
"/Users/cecily_chung/dev/brgd/slinky_dog/SlinkyDog/Content/SlinkyDog/level1/Material_001.uasset" 1397
"/Users/cecily_chung/dev/brgd/slinky_dog/SlinkyDog/Content/SlinkyDog/level1/Neptune_Model_Slinky_Dog_Sphere.uexp" 1398
"/Users/cecily_chung/dev/brgd/slinky_dog/SlinkyDog/Content/SlinkyDog/level1/Neptune_Model_Slinky_Dog_Sphere.uasset" 1399
"/Users/cecily_chung/dev/brgd/slinky_dog/SlinkyDog/Content/SlinkyDog/level1/Neptune_Model_Slinky_Dog_Sphere.ubulk" 1400
"/Users/cecily_chung/dev/brgd/slinky_dog/SlinkyDog/Content/LevelPrototyping/Materials/M_Solid.uexp" 1401
"/Users/cecily_chung/dev/brgd/slinky_dog/SlinkyDog/Content/LevelPrototyping/Materials/M_Solid.uasset" 1402
"/Users/cecily_chung/dev/brgd/slinky_dog/SlinkyDog/Content/LevelPrototyping/Materials/MI_Solid_Blue.uexp" 1403
"/Users/cecily_chung/dev/brgd/slinky_dog/SlinkyDog/Content/LevelPrototyping/Materials/MI_Solid_Blue.uasset" 1404
"/Users/cecily_chung/dev/brgd/slinky_dog/SlinkyDog/Content/LevelPrototyping/Meshes/SM_ChamferCube.ubulk" 1405
"/Users/cecily_chung/dev/brgd/slinky_dog/SlinkyDog/Content/LevelPrototyping/Meshes/SM_ChamferCube.uexp" 1406
"/Users/cecily_chung/dev/brgd/slinky_dog/SlinkyDog/Content/LevelPrototyping/Meshes/SM_ChamferCube.uasset" 1407
"/Users/cecily_chung/dev/brgd/slinky_dog/SlinkyDog/Content/LevelPrototyping/Textures/T_GridChecker_A.uasset" 1408
"/Users/cecily_chung/dev/brgd/slinky_dog/SlinkyDog/Content/LevelPrototyping/Textures/T_GridChecker_A.uexp" 1409
"/Users/cecily_chung/dev/brgd/slinky_dog/SlinkyDog/Content/LevelPrototyping/Textures/T_GridChecker_A.ubulk" 1410
"../../../Engine/Content/Functions/Engine_MaterialFunctions01/Gradient/LinearGradient.uasset" 1411
"../../../Engine/Content/Functions/Engine_MaterialFunctions01/Gradient/LinearGradient.uexp" 1412
"../../../Engine/Content/Functions/Engine_MaterialFunctions01/ImageAdjustment/CheapContrast.uasset" 1413
"../../../Engine/Content/Functions/Engine_MaterialFunctions01/ImageAdjustment/CheapContrast.uexp" 1414
"/Users/cecily_chung/dev/brgd/slinky_dog/SlinkyDog/Content/LevelPrototyping/Materials/MF_ProcGrid.uexp" 1415
"/Users/cecily_chung/dev/brgd/slinky_dog/SlinkyDog/Content/LevelPrototyping/Materials/MF_ProcGrid.uasset" 1416
"/Users/cecily_chung/dev/brgd/slinky_dog/SlinkyDog/Content/LevelPrototyping/Materials/M_PrototypeGrid.uexp" 1417
"/Users/cecily_chung/dev/brgd/slinky_dog/SlinkyDog/Content/LevelPrototyping/Materials/M_PrototypeGrid.uasset" 1418
"/Users/cecily_chung/dev/brgd/slinky_dog/SlinkyDog/Content/LevelPrototyping/Materials/MI_PrototypeGrid_Gray.uexp" 1419
"/Users/cecily_chung/dev/brgd/slinky_dog/SlinkyDog/Content/LevelPrototyping/Materials/MI_PrototypeGrid_Gray.uasset" 1420
"/Users/cecily_chung/dev/brgd/slinky_dog/SlinkyDog/Content/LevelPrototyping/Meshes/SM_QuarterCylinder.uasset" 1421
"/Users/cecily_chung/dev/brgd/slinky_dog/SlinkyDog/Content/LevelPrototyping/Meshes/SM_QuarterCylinder.uexp" 1422
"/Users/cecily_chung/dev/brgd/slinky_dog/SlinkyDog/Content/LevelPrototyping/Meshes/SM_QuarterCylinder.ubulk" 1423
"/Users/cecily_chung/dev/brgd/slinky_dog/SlinkyDog/Content/LevelPrototyping/Meshes/SM_Ramp.uasset" 1424
"/Users/cecily_chung/dev/brgd/slinky_dog/SlinkyDog/Content/LevelPrototyping/Meshes/SM_Ramp.uexp" 1425
"/Users/cecily_chung/dev/brgd/slinky_dog/SlinkyDog/Content/LevelPrototyping/Meshes/SM_Ramp.ubulk" 1426
"/Users/cecily_chung/dev/brgd/slinky_dog/SlinkyDog/Content/LevelPrototyping/Meshes/SM_Cylinder.uasset" 1427
"/Users/cecily_chung/dev/brgd/slinky_dog/SlinkyDog/Content/LevelPrototyping/Meshes/SM_Cylinder.ubulk" 1428
"/Users/cecily_chung/dev/brgd/slinky_dog/SlinkyDog/Content/LevelPrototyping/Meshes/SM_Cylinder.uexp" 1429
"/Users/cecily_chung/dev/brgd/slinky_dog/SlinkyDog/Content/LevelPrototyping/Materials/MI_PrototypeGrid_TopDark.uexp" 1430
"/Users/cecily_chung/dev/brgd/slinky_dog/SlinkyDog/Content/LevelPrototyping/Materials/MI_PrototypeGrid_TopDark.uasset" 1431
"/Users/cecily_chung/dev/brgd/slinky_dog/SlinkyDog/Content/LevelPrototyping/Materials/MI_PrototypeGrid_Gray_02.uexp" 1432
"/Users/cecily_chung/dev/brgd/slinky_dog/SlinkyDog/Content/LevelPrototyping/Materials/MI_PrototypeGrid_Gray_02.uasset" 1433
"/Users/cecily_chung/dev/brgd/slinky_dog/SlinkyDog/Content/Characters/HotDogNEW/Material_002.uasset" 1434
"/Users/cecily_chung/dev/brgd/slinky_dog/SlinkyDog/Content/Characters/HotDogNEW/Material_002.uexp" 1435
"/Users/cecily_chung/dev/brgd/slinky_dog/SlinkyDog/Content/Characters/HotDogNEW/Material_003.uexp" 1436
"/Users/cecily_chung/dev/brgd/slinky_dog/SlinkyDog/Content/Characters/HotDogNEW/Material_003.uasset" 1437
"/Users/cecily_chung/dev/brgd/slinky_dog/SlinkyDog/Content/Characters/HotDogNEW/Dog_RIG_NEW2_PhysicsAsset.uasset" 1438
"/Users/cecily_chung/dev/brgd/slinky_dog/SlinkyDog/Content/Characters/HotDogNEW/Dog_RIG_NEW2_PhysicsAsset.uexp" 1439
"/Users/cecily_chung/dev/brgd/slinky_dog/SlinkyDog/Content/Characters/HotDogNEW/Dog_RIG_NEW2.uasset" 1440
"/Users/cecily_chung/dev/brgd/slinky_dog/SlinkyDog/Content/Characters/HotDogNEW/Dog_RIG_NEW2.uexp" 1441
"/Users/cecily_chung/dev/brgd/slinky_dog/SlinkyDog/Content/Characters/April6thDog/Material_003.uexp" 1442
"/Users/cecily_chung/dev/brgd/slinky_dog/SlinkyDog/Content/Characters/April6thDog/Material_003.uasset" 1443
"/Users/cecily_chung/dev/brgd/slinky_dog/SlinkyDog/Content/Characters/April6thDog/Material_002.uasset" 1444
"/Users/cecily_chung/dev/brgd/slinky_dog/SlinkyDog/Content/Characters/April6thDog/Material_002.uexp" 1445
"/Users/cecily_chung/dev/brgd/slinky_dog/SlinkyDog/Content/Characters/April6thDog/HotDogPlzWork_PhysicsAsset.uexp" 1446
"/Users/cecily_chung/dev/brgd/slinky_dog/SlinkyDog/Content/Characters/April6thDog/HotDogPlzWork_PhysicsAsset.uasset" 1447
"/Users/cecily_chung/dev/brgd/slinky_dog/SlinkyDog/Content/Characters/April6thDog/HotDogPlzWork.uexp" 1448
"/Users/cecily_chung/dev/brgd/slinky_dog/SlinkyDog/Content/Characters/April6thDog/HotDogPlzWork.uasset" 1449
"/Users/cecily_chung/dev/brgd/slinky_dog/SlinkyDog/Content/Characters/April27thDog/DogHeadAnimation_Skeleton.uasset" 1450
"/Users/cecily_chung/dev/brgd/slinky_dog/SlinkyDog/Content/Characters/April27thDog/DogHeadAnimation_Skeleton.uexp" 1451
"/Users/cecily_chung/dev/brgd/slinky_dog/SlinkyDog/Content/Characters/April27thDog/DogHead_Idle.uexp" 1452
"/Users/cecily_chung/dev/brgd/slinky_dog/SlinkyDog/Content/Characters/April27thDog/DogHead_Idle.uasset" 1453
"/Users/cecily_chung/dev/brgd/slinky_dog/SlinkyDog/Content/Characters/April27thDog/DogHead_Run.uasset" 1454
"/Users/cecily_chung/dev/brgd/slinky_dog/SlinkyDog/Content/Characters/April27thDog/DogHead_Run.uexp" 1455
"/Users/cecily_chung/dev/brgd/slinky_dog/SlinkyDog/Content/Characters/April27thDog/Material_003.uexp" 1456
"/Users/cecily_chung/dev/brgd/slinky_dog/SlinkyDog/Content/Characters/April27thDog/Material_003.uasset" 1457
"/Users/cecily_chung/dev/brgd/slinky_dog/SlinkyDog/Content/Characters/April27thDog/DogHeadAnimation_PhysicsAsset.uasset" 1458
"/Users/cecily_chung/dev/brgd/slinky_dog/SlinkyDog/Content/Characters/April27thDog/DogHeadAnimation_PhysicsAsset.uexp" 1459
"/Users/cecily_chung/dev/brgd/slinky_dog/SlinkyDog/Content/Characters/April27thDog/Material_005.uasset" 1460
"/Users/cecily_chung/dev/brgd/slinky_dog/SlinkyDog/Content/Characters/April27thDog/Material_005.uexp" 1461
"/Users/cecily_chung/dev/brgd/slinky_dog/SlinkyDog/Content/Characters/April27thDog/Material_002.uasset" 1462
"/Users/cecily_chung/dev/brgd/slinky_dog/SlinkyDog/Content/Characters/April27thDog/Material_002.uexp" 1463
"/Users/cecily_chung/dev/brgd/slinky_dog/SlinkyDog/Content/Characters/April27thDog/Material_004.uasset" 1464
"/Users/cecily_chung/dev/brgd/slinky_dog/SlinkyDog/Content/Characters/April27thDog/Material_004.uexp" 1465
"/Users/cecily_chung/dev/brgd/slinky_dog/SlinkyDog/Content/Characters/April27thDog/DogHeadAnimation.uasset" 1466
"/Users/cecily_chung/dev/brgd/slinky_dog/SlinkyDog/Content/Characters/April27thDog/DogHeadAnimation.uexp" 1467
"/Users/cecily_chung/dev/brgd/slinky_dog/SlinkyDog/Content/Characters/April27thDog/ScaledUPVersion/DogHead_Idle2.uasset" 1468
"/Users/cecily_chung/dev/brgd/slinky_dog/SlinkyDog/Content/Characters/April27thDog/ScaledUPVersion/DogHead_Idle2.uexp" 1469
"/Users/cecily_chung/dev/brgd/slinky_dog/SlinkyDog/Content/Characters/April27thDog/ScaledUPVersion/NewBlendSpace.uexp" 1470
"/Users/cecily_chung/dev/brgd/slinky_dog/SlinkyDog/Content/Characters/April27thDog/ScaledUPVersion/NewBlendSpace.uasset" 1471
"/Users/cecily_chung/dev/brgd/slinky_dog/SlinkyDog/Content/Characters/HotdogRig/Dog_Rig_PhysicsAsset.uexp" 1472
"/Users/cecily_chung/dev/brgd/slinky_dog/SlinkyDog/Content/Characters/HotdogRig/Dog_Rig_PhysicsAsset.uasset" 1473
"/Users/cecily_chung/dev/brgd/slinky_dog/SlinkyDog/Content/Characters/HotdogRig/Material_007.uexp" 1474
"/Users/cecily_chung/dev/brgd/slinky_dog/SlinkyDog/Content/Characters/HotdogRig/Material_007.uasset" 1475
"/Users/cecily_chung/dev/brgd/slinky_dog/SlinkyDog/Content/Characters/HotdogRig/Dog_Rig.uexp" 1476
"/Users/cecily_chung/dev/brgd/slinky_dog/SlinkyDog/Content/Characters/HotdogRig/Dog_Rig.uasset" 1477
"/Users/cecily_chung/dev/brgd/slinky_dog/SlinkyDog/Content/ThirdPerson/Blueprints/BP_ThirdPersonCharacter.uexp" 1478
"/Users/cecily_chung/dev/brgd/slinky_dog/SlinkyDog/Content/ThirdPerson/Blueprints/BP_ThirdPersonCharacter.uasset" 1479
"/Users/cecily_chung/dev/brgd/slinky_dog/SlinkyDog/Content/Characters/April27thDog/ScaledUPVersion/DogHeadAnimBP.uasset" 1480
"/Users/cecily_chung/dev/brgd/slinky_dog/SlinkyDog/Content/Characters/April27thDog/ScaledUPVersion/DogHeadAnimBP.uexp" 1481
"/Users/cecily_chung/dev/brgd/slinky_dog/SlinkyDog/Content/Characters/April27thDog/ScaledUPVersion/DogButt_Idle.uasset" 1482
"/Users/cecily_chung/dev/brgd/slinky_dog/SlinkyDog/Content/Characters/April27thDog/ScaledUPVersion/DogButt_Idle.uexp" 1483
"/Users/cecily_chung/dev/brgd/slinky_dog/SlinkyDog/Content/Characters/April27thDog/ScaledUPVersion/Material_006.uexp" 1484
"/Users/cecily_chung/dev/brgd/slinky_dog/SlinkyDog/Content/Characters/April27thDog/ScaledUPVersion/Material_006.uasset" 1485
"../../../Engine/Content/Maps/Templates/HLODs/HLODLayer_Merged.uexp" 1486
"../../../Engine/Content/Maps/Templates/HLODs/HLODLayer_Merged.uasset" 1487
"../../../Engine/Content/Functions/Engine_MaterialFunctions01/Shading/PowerToRoughness.uexp" 1488
"../../../Engine/Content/Functions/Engine_MaterialFunctions01/Shading/PowerToRoughness.uasset" 1489
"../../../Engine/Content/Functions/Engine_MaterialFunctions01/Shading/ConvertFromDiffSpec.uexp" 1490
"../../../Engine/Content/Functions/Engine_MaterialFunctions01/Shading/ConvertFromDiffSpec.uasset" 1491
"../../../Engine/Content/EngineMaterials/Substrate/Volume/SubstrateSimpleVolumeEnvLUT2D.uasset" 1492
"../../../Engine/Content/EngineMaterials/Substrate/Volume/SubstrateSimpleVolumeEnvLUT2D.uexp" 1493
"../../../Engine/Content/EngineMaterials/Substrate/Volume/SubstrateSimpleVolumeEnvLUT3D.uexp" 1494
"../../../Engine/Content/EngineMaterials/Substrate/Volume/SubstrateSimpleVolumeEnvLUT3D.uasset" 1495
"../../../Engine/Content/EngineMaterials/Substrate/Volume/SubstrateSimpleVolumeLUT2D.uasset" 1496
"../../../Engine/Content/EngineMaterials/Substrate/Volume/SubstrateSimpleVolumeLUT2D.uexp" 1497
"../../../Engine/Content/EngineMaterials/Substrate/Volume/SubstrateSimpleVolumeLUT3D.uasset" 1498
"../../../Engine/Content/EngineMaterials/Substrate/Volume/SubstrateSimpleVolumeLUT3D.uexp" 1499
"../../../Engine/Content/EngineMaterials/Substrate/Glints2/dict_0000_0185.uasset" 1500
"../../../Engine/Content/EngineMaterials/Substrate/Glints2/dict_0000_0185.uexp" 1501
"../../../Engine/Content/EngineMaterials/Substrate/Glints2/dict_0001_0022.uasset" 1502
"../../../Engine/Content/EngineMaterials/Substrate/Glints2/dict_0001_0022.uexp" 1503
"../../../Engine/Content/EngineMaterials/Substrate/Glints2/dict_0007_0226.uexp" 1504
"../../../Engine/Content/EngineMaterials/Substrate/Glints2/dict_0007_0226.uasset" 1505
"../../../Engine/Content/EngineMaterials/Substrate/Glints2/dict_0000_0031.uexp" 1506
"../../../Engine/Content/EngineMaterials/Substrate/Glints2/dict_0000_0031.uasset" 1507
"../../../Engine/Content/EngineMaterials/Substrate/Glints2/dict_0000_0154.uexp" 1508
"../../../Engine/Content/EngineMaterials/Substrate/Glints2/dict_0000_0154.uasset" 1509
"../../../Engine/Content/EngineMaterials/Substrate/Glints2/dict_0002_0188.uasset" 1510
"../../../Engine/Content/EngineMaterials/Substrate/Glints2/dict_0002_0188.uexp" 1511
"../../../Engine/Content/EngineMaterials/Substrate/Glints2/dict_0005_0149.uexp" 1512
"../../../Engine/Content/EngineMaterials/Substrate/Glints2/dict_0005_0149.uasset" 1513
"../../../Engine/Content/EngineMaterials/Substrate/Glints2/dict_0003_0156.uexp" 1514
"../../../Engine/Content/EngineMaterials/Substrate/Glints2/dict_0003_0156.uasset" 1515
"../../../Engine/Content/EngineMaterials/Substrate/Glints2/dict_0001_0186.uexp" 1516
"../../../Engine/Content/EngineMaterials/Substrate/Glints2/dict_0001_0186.uasset" 1517
"../../../Engine/Content/EngineMaterials/Substrate/Glints2/dict_0004_0036.uasset" 1518
"../../../Engine/Content/EngineMaterials/Substrate/Glints2/dict_0004_0036.uexp" 1519
"../../../Engine/Content/EngineMaterials/Substrate/Glints2/dict_0005_0120.uexp" 1520
"../../../Engine/Content/EngineMaterials/Substrate/Glints2/dict_0005_0120.uasset" 1521
"../../../Engine/Content/EngineMaterials/Substrate/Glints2/dict_0000_0213.uasset" 1522
"../../../Engine/Content/EngineMaterials/Substrate/Glints2/dict_0000_0213.uexp" 1523
"../../../Engine/Content/EngineMaterials/Substrate/Glints2/dict_0002_0212.uexp" 1524
"../../../Engine/Content/EngineMaterials/Substrate/Glints2/dict_0002_0212.uasset" 1525
"../../../Engine/Content/EngineMaterials/Substrate/Glints2/dict_0007_0066.uexp" 1526
"../../../Engine/Content/EngineMaterials/Substrate/Glints2/dict_0007_0066.uasset" 1527
"../../../Engine/Content/EngineMaterials/Substrate/Glints2/dict_0004_0069.uexp" 1528
"../../../Engine/Content/EngineMaterials/Substrate/Glints2/dict_0004_0069.uasset" 1529
"../../../Engine/Content/EngineMaterials/Substrate/Glints2/dict_0005_0044.uexp" 1530
"../../../Engine/Content/EngineMaterials/Substrate/Glints2/dict_0005_0044.uasset" 1531
"../../../Engine/Content/EngineMaterials/Substrate/Glints2/dict_0001_0107.uasset" 1532
"../../../Engine/Content/EngineMaterials/Substrate/Glints2/dict_0001_0107.uexp" 1533
"../../../Engine/Content/EngineMaterials/Substrate/Glints2/dict_0002_0119.uexp" 1534
"../../../Engine/Content/EngineMaterials/Substrate/Glints2/dict_0002_0119.uasset" 1535
"../../../Engine/Content/EngineMaterials/Substrate/Glints2/dict_0002_0024.uasset" 1536
"../../../Engine/Content/EngineMaterials/Substrate/Glints2/dict_0002_0024.uexp" 1537
"../../../Engine/Content/EngineMaterials/Substrate/Glints2/dict_0001_0041.uexp" 1538
"../../../Engine/Content/EngineMaterials/Substrate/Glints2/dict_0001_0041.uasset" 1539
"../../../Engine/Content/EngineMaterials/Substrate/Glints2/dict_0002_0219.uasset" 1540
"../../../Engine/Content/EngineMaterials/Substrate/Glints2/dict_0002_0219.uexp" 1541
"../../../Engine/Content/EngineMaterials/Substrate/Glints2/dict_0000_0003.uasset" 1542
"../../../Engine/Content/EngineMaterials/Substrate/Glints2/dict_0000_0003.uexp" 1543
"../../../Engine/Content/EngineMaterials/Substrate/Glints2/dict_0006_0099.uasset" 1544
"../../../Engine/Content/EngineMaterials/Substrate/Glints2/dict_0006_0099.uexp" 1545
"../../../Engine/Content/EngineMaterials/Substrate/Glints2/dict_0001_0068.uexp" 1546
"../../../Engine/Content/EngineMaterials/Substrate/Glints2/dict_0001_0068.uasset" 1547
"../../../Engine/Content/EngineMaterials/Substrate/Glints2/dict_0001_0247.uexp" 1548
"../../../Engine/Content/EngineMaterials/Substrate/Glints2/dict_0001_0247.uasset" 1549
"../../../Engine/Content/EngineMaterials/Substrate/Glints2/dict_0006_0046.uexp" 1550
"../../../Engine/Content/EngineMaterials/Substrate/Glints2/dict_0006_0046.uasset" 1551
"../../../Engine/Content/EngineMaterials/Substrate/Glints2/dict_0005_0078.uasset" 1552
"../../../Engine/Content/EngineMaterials/Substrate/Glints2/dict_0005_0078.uexp" 1553
"../../../Engine/Content/EngineMaterials/Substrate/Glints2/dict_0000_0205.uasset" 1554
"../../../Engine/Content/EngineMaterials/Substrate/Glints2/dict_0000_0205.uexp" 1555
"../../../Engine/Content/EngineMaterials/Substrate/Glints2/dict_0003_0067.uasset" 1556
"../../../Engine/Content/EngineMaterials/Substrate/Glints2/dict_0003_0067.uexp" 1557
"../../../Engine/Content/EngineMaterials/Substrate/Glints2/dict_0000_0178.uexp" 1558
"../../../Engine/Content/EngineMaterials/Substrate/Glints2/dict_0000_0178.uasset" 1559
"../../../Engine/Content/EngineMaterials/Substrate/Glints2/dict_0000_0088.uexp" 1560
"../../../Engine/Content/EngineMaterials/Substrate/Glints2/dict_0000_0088.uasset" 1561
"../../../Engine/Content/EngineMaterials/Substrate/Glints2/dict_0007_0116.uasset" 1562
"../../../Engine/Content/EngineMaterials/Substrate/Glints2/dict_0007_0116.uexp" 1563
"../../../Engine/Content/EngineMaterials/Substrate/Glints2/dict_0002_0076.uasset" 1564
"../../../Engine/Content/EngineMaterials/Substrate/Glints2/dict_0002_0076.uexp" 1565
"../../../Engine/Content/EngineMaterials/Substrate/Glints2/dict_0006_0247.uexp" 1566
"../../../Engine/Content/EngineMaterials/Substrate/Glints2/dict_0006_0247.uasset" 1567
"../../../Engine/Content/EngineMaterials/Substrate/Glints2/dict_0006_0039.uasset" 1568
"../../../Engine/Content/EngineMaterials/Substrate/Glints2/dict_0006_0039.uexp" 1569
"../../../Engine/Content/EngineMaterials/Substrate/Glints2/dict_0003_0055.uexp" 1570
"../../../Engine/Content/EngineMaterials/Substrate/Glints2/dict_0003_0055.uasset" 1571
"../../../Engine/Content/EngineMaterials/Substrate/Glints2/dict_0000_0174.uexp" 1572
"../../../Engine/Content/EngineMaterials/Substrate/Glints2/dict_0000_0174.uasset" 1573
"../../../Engine/Content/EngineMaterials/Substrate/Glints2/dict_0007_0100.uasset" 1574
"../../../Engine/Content/EngineMaterials/Substrate/Glints2/dict_0007_0100.uexp" 1575
"../../../Engine/Content/EngineMaterials/Substrate/Glints2/dict_0005_0179.uexp" 1576
"../../../Engine/Content/EngineMaterials/Substrate/Glints2/dict_0005_0179.uasset" 1577
"../../../Engine/Content/EngineMaterials/Substrate/Glints2/dict_0000_0164.uexp" 1578
"../../../Engine/Content/EngineMaterials/Substrate/Glints2/dict_0000_0164.uasset" 1579
"../../../Engine/Content/EngineMaterials/Substrate/Glints2/dict_0005_0054.uasset" 1580
"../../../Engine/Content/EngineMaterials/Substrate/Glints2/dict_0005_0054.uexp" 1581
"../../../Engine/Content/EngineMaterials/Substrate/Glints2/dict_0005_0072.uasset" 1582
"../../../Engine/Content/EngineMaterials/Substrate/Glints2/dict_0005_0072.uexp" 1583
"../../../Engine/Content/EngineMaterials/Substrate/Glints2/dict_0004_0138.uasset" 1584
"../../../Engine/Content/EngineMaterials/Substrate/Glints2/dict_0004_0138.uexp" 1585
"../../../Engine/Content/EngineMaterials/Substrate/Glints2/dict_0007_0091.uexp" 1586
"../../../Engine/Content/EngineMaterials/Substrate/Glints2/dict_0007_0091.uasset" 1587
"../../../Engine/Content/EngineMaterials/Substrate/Glints2/dict_0006_0006.uexp" 1588
"../../../Engine/Content/EngineMaterials/Substrate/Glints2/dict_0006_0006.uasset" 1589
"../../../Engine/Content/EngineMaterials/Substrate/Glints2/dict_0000_0225.uasset" 1590
"../../../Engine/Content/EngineMaterials/Substrate/Glints2/dict_0000_0225.uexp" 1591
"../../../Engine/Content/EngineMaterials/Substrate/Glints2/dict_0007_0213.uasset" 1592
"../../../Engine/Content/EngineMaterials/Substrate/Glints2/dict_0007_0213.uexp" 1593
"../../../Engine/Content/EngineMaterials/Substrate/Glints2/dict_0005_0064.uexp" 1594
"../../../Engine/Content/EngineMaterials/Substrate/Glints2/dict_0005_0064.uasset" 1595
"../../../Engine/Content/EngineMaterials/Substrate/Glints2/dict_0004_0132.uasset" 1596
"../../../Engine/Content/EngineMaterials/Substrate/Glints2/dict_0004_0132.uexp" 1597
"../../../Engine/Content/EngineMaterials/Substrate/Glints2/dict_0006_0164.uasset" 1598
"../../../Engine/Content/EngineMaterials/Substrate/Glints2/dict_0006_0164.uexp" 1599
"../../../Engine/Content/EngineMaterials/Substrate/Glints2/dict_0001_0230.uexp" 1600
"../../../Engine/Content/EngineMaterials/Substrate/Glints2/dict_0001_0230.uasset" 1601
"../../../Engine/Content/EngineMaterials/Substrate/Glints2/dict_0001_0115.uexp" 1602
"../../../Engine/Content/EngineMaterials/Substrate/Glints2/dict_0001_0115.uasset" 1603
"../../../Engine/Content/EngineMaterials/Substrate/Glints2/dict_0007_0252.uasset" 1604
"../../../Engine/Content/EngineMaterials/Substrate/Glints2/dict_0007_0252.uexp" 1605
"../../../Engine/Content/EngineMaterials/Substrate/Glints2/dict_0004_0171.uexp" 1606
"../../../Engine/Content/EngineMaterials/Substrate/Glints2/dict_0004_0171.uasset" 1607
"../../../Engine/Content/EngineMaterials/Substrate/Glints2/dict_0007_0099.uexp" 1608
"../../../Engine/Content/EngineMaterials/Substrate/Glints2/dict_0007_0099.uasset" 1609
"../../../Engine/Content/EngineMaterials/Substrate/Glints2/dict_0004_0135.uasset" 1610
"../../../Engine/Content/EngineMaterials/Substrate/Glints2/dict_0004_0135.uexp" 1611
"../../../Engine/Content/EngineMaterials/Substrate/Glints2/dict_0002_0116.uasset" 1612
"../../../Engine/Content/EngineMaterials/Substrate/Glints2/dict_0002_0116.uexp" 1613
"../../../Engine/Content/EngineMaterials/Substrate/Glints2/dict_0006_0253.uasset" 1614
"../../../Engine/Content/EngineMaterials/Substrate/Glints2/dict_0006_0253.uexp" 1615
"../../../Engine/Content/EngineMaterials/Substrate/Glints2/dict_0001_0007.uexp" 1616
"../../../Engine/Content/EngineMaterials/Substrate/Glints2/dict_0001_0007.uasset" 1617
"../../../Engine/Content/EngineMaterials/Substrate/Glints2/dict_0004_0086.uexp" 1618
"../../../Engine/Content/EngineMaterials/Substrate/Glints2/dict_0004_0086.uasset" 1619
"../../../Engine/Content/EngineMaterials/Substrate/Glints2/dict_0003_0095.uasset" 1620
"../../../Engine/Content/EngineMaterials/Substrate/Glints2/dict_0003_0095.uexp" 1621
"../../../Engine/Content/EngineMaterials/Substrate/Glints2/dict_0000_0053.uexp" 1622
"../../../Engine/Content/EngineMaterials/Substrate/Glints2/dict_0000_0053.uasset" 1623
"../../../Engine/Content/EngineMaterials/Substrate/Glints2/dict_0002_0178.uexp" 1624
"../../../Engine/Content/EngineMaterials/Substrate/Glints2/dict_0002_0178.uasset" 1625
"../../../Engine/Content/EngineMaterials/Substrate/Glints2/dict_0001_0052.uexp" 1626
"../../../Engine/Content/EngineMaterials/Substrate/Glints2/dict_0001_0052.uasset" 1627
"../../../Engine/Content/EngineMaterials/Substrate/Glints2/dict_0005_0164.uasset" 1628
"../../../Engine/Content/EngineMaterials/Substrate/Glints2/dict_0005_0164.uexp" 1629
"../../../Engine/Content/EngineMaterials/Substrate/Glints2/dict_0000_0059.uasset" 1630
"../../../Engine/Content/EngineMaterials/Substrate/Glints2/dict_0000_0059.uexp" 1631
"../../../Engine/Content/EngineMaterials/Substrate/Glints2/dict_0000_0076.uexp" 1632
"../../../Engine/Content/EngineMaterials/Substrate/Glints2/dict_0000_0076.uasset" 1633
"../../../Engine/Content/EngineMaterials/Substrate/Glints2/dict_0007_0175.uasset" 1634
"../../../Engine/Content/EngineMaterials/Substrate/Glints2/dict_0007_0175.uexp" 1635
"../../../Engine/Content/EngineMaterials/Substrate/Glints2/dict_0003_0177.uexp" 1636
"../../../Engine/Content/EngineMaterials/Substrate/Glints2/dict_0003_0177.uasset" 1637
"../../../Engine/Content/EngineMaterials/Substrate/Glints2/dict_0002_0128.uasset" 1638
"../../../Engine/Content/EngineMaterials/Substrate/Glints2/dict_0002_0128.uexp" 1639
"../../../Engine/Content/EngineMaterials/Substrate/Glints2/dict_0004_0238.uexp" 1640
"../../../Engine/Content/EngineMaterials/Substrate/Glints2/dict_0004_0238.uasset" 1641
"../../../Engine/Content/EngineMaterials/Substrate/Glints2/dict_0002_0061.uasset" 1642
"../../../Engine/Content/EngineMaterials/Substrate/Glints2/dict_0002_0061.uexp" 1643
"../../../Engine/Content/EngineMaterials/Substrate/Glints2/dict_0003_0229.uexp" 1644
"../../../Engine/Content/EngineMaterials/Substrate/Glints2/dict_0003_0229.uasset" 1645
"../../../Engine/Content/EngineMaterials/Substrate/Glints2/dict_0006_0130.uexp" 1646
"../../../Engine/Content/EngineMaterials/Substrate/Glints2/dict_0006_0130.uasset" 1647
"../../../Engine/Content/EngineMaterials/Substrate/Glints2/dict_0004_0220.uexp" 1648
"../../../Engine/Content/EngineMaterials/Substrate/Glints2/dict_0004_0220.uasset" 1649
"../../../Engine/Content/EngineMaterials/Substrate/Glints2/dict_0005_0057.uexp" 1650
"../../../Engine/Content/EngineMaterials/Substrate/Glints2/dict_0005_0057.uasset" 1651
"../../../Engine/Content/EngineMaterials/Substrate/Glints2/dict_0003_0222.uasset" 1652
"../../../Engine/Content/EngineMaterials/Substrate/Glints2/dict_0003_0222.uexp" 1653
"../../../Engine/Content/EngineMaterials/Substrate/Glints2/dict_0007_0077.uasset" 1654
"../../../Engine/Content/EngineMaterials/Substrate/Glints2/dict_0007_0077.uexp" 1655
"../../../Engine/Content/EngineMaterials/Substrate/Glints2/dict_0000_0132.uexp" 1656
"../../../Engine/Content/EngineMaterials/Substrate/Glints2/dict_0000_0132.uasset" 1657
"../../../Engine/Content/EngineMaterials/Substrate/Glints2/dict_0000_0091.uasset" 1658
"../../../Engine/Content/EngineMaterials/Substrate/Glints2/dict_0000_0091.uexp" 1659
"../../../Engine/Content/EngineMaterials/Substrate/Glints2/dict_0000_0161.uasset" 1660
"../../../Engine/Content/EngineMaterials/Substrate/Glints2/dict_0000_0161.uexp" 1661
"../../../Engine/Content/EngineMaterials/Substrate/Glints2/dict_0003_0241.uasset" 1662
"../../../Engine/Content/EngineMaterials/Substrate/Glints2/dict_0003_0241.uexp" 1663
"../../../Engine/Content/EngineMaterials/Substrate/Glints2/dict_0002_0091.uexp" 1664
"../../../Engine/Content/EngineMaterials/Substrate/Glints2/dict_0002_0091.uasset" 1665
"../../../Engine/Content/EngineMaterials/Substrate/Glints2/dict_0006_0238.uasset" 1666
"../../../Engine/Content/EngineMaterials/Substrate/Glints2/dict_0006_0238.uexp" 1667
"../../../Engine/Content/EngineMaterials/Substrate/Glints2/dict_0004_0029.uexp" 1668
"../../../Engine/Content/EngineMaterials/Substrate/Glints2/dict_0004_0029.uasset" 1669
"../../../Engine/Content/EngineMaterials/Substrate/Glints2/dict_0004_0247.uasset" 1670
"../../../Engine/Content/EngineMaterials/Substrate/Glints2/dict_0004_0247.uexp" 1671
"../../../Engine/Content/EngineMaterials/Substrate/Glints2/dict_0007_0223.uasset" 1672
"../../../Engine/Content/EngineMaterials/Substrate/Glints2/dict_0007_0223.uexp" 1673
"../../../Engine/Content/EngineMaterials/Substrate/Glints2/dict_0005_0056.uasset" 1674
"../../../Engine/Content/EngineMaterials/Substrate/Glints2/dict_0005_0056.uexp" 1675
"../../../Engine/Content/EngineMaterials/Substrate/Glints2/dict_0006_0235.uexp" 1676
"../../../Engine/Content/EngineMaterials/Substrate/Glints2/dict_0006_0235.uasset" 1677
"../../../Engine/Content/EngineMaterials/Substrate/Glints2/dict_0003_0252.uexp" 1678
"../../../Engine/Content/EngineMaterials/Substrate/Glints2/dict_0003_0252.uasset" 1679
"../../../Engine/Content/EngineMaterials/Substrate/Glints2/dict_0005_0039.uasset" 1680
"../../../Engine/Content/EngineMaterials/Substrate/Glints2/dict_0005_0039.uexp" 1681
"../../../Engine/Content/EngineMaterials/Substrate/Glints2/dict_0003_0017.uasset" 1682
"../../../Engine/Content/EngineMaterials/Substrate/Glints2/dict_0003_0017.uexp" 1683
"../../../Engine/Content/EngineMaterials/Substrate/Glints2/dict_0003_0255.uexp" 1684
"../../../Engine/Content/EngineMaterials/Substrate/Glints2/dict_0003_0255.uasset" 1685
"../../../Engine/Content/EngineMaterials/Substrate/Glints2/dict_0003_0056.uasset" 1686
"../../../Engine/Content/EngineMaterials/Substrate/Glints2/dict_0003_0056.uexp" 1687
"../../../Engine/Content/EngineMaterials/Substrate/Glints2/dict_0004_0167.uexp" 1688
"../../../Engine/Content/EngineMaterials/Substrate/Glints2/dict_0004_0167.uasset" 1689
"../../../Engine/Content/EngineMaterials/Substrate/Glints2/dict_0005_0238.uasset" 1690
"../../../Engine/Content/EngineMaterials/Substrate/Glints2/dict_0005_0238.uexp" 1691
"../../../Engine/Content/EngineMaterials/Substrate/Glints2/dict_0006_0215.uexp" 1692
"../../../Engine/Content/EngineMaterials/Substrate/Glints2/dict_0006_0215.uasset" 1693
"../../../Engine/Content/EngineMaterials/Substrate/Glints2/dict_0003_0165.uasset" 1694
"../../../Engine/Content/EngineMaterials/Substrate/Glints2/dict_0003_0165.uexp" 1695
"../../../Engine/Content/EngineMaterials/Substrate/Glints2/dict_0003_0069.uexp" 1696
"../../../Engine/Content/EngineMaterials/Substrate/Glints2/dict_0003_0069.uasset" 1697
"../../../Engine/Content/EngineMaterials/Substrate/Glints2/dict_0004_0045.uasset" 1698
"../../../Engine/Content/EngineMaterials/Substrate/Glints2/dict_0004_0045.uexp" 1699
"../../../Engine/Content/EngineMaterials/Substrate/Glints2/dict_0004_0064.uexp" 1700
"../../../Engine/Content/EngineMaterials/Substrate/Glints2/dict_0004_0064.uasset" 1701
"../../../Engine/Content/EngineMaterials/Substrate/Glints2/dict_0001_0089.uexp" 1702
"../../../Engine/Content/EngineMaterials/Substrate/Glints2/dict_0001_0089.uasset" 1703
"../../../Engine/Content/EngineMaterials/Substrate/Glints2/dict_0004_0102.uasset" 1704
"../../../Engine/Content/EngineMaterials/Substrate/Glints2/dict_0004_0102.uexp" 1705
"../../../Engine/Content/EngineMaterials/Substrate/Glints2/dict_0007_0230.uexp" 1706
"../../../Engine/Content/EngineMaterials/Substrate/Glints2/dict_0007_0230.uasset" 1707
"../../../Engine/Content/EngineMaterials/Substrate/Glints2/dict_0006_0053.uasset" 1708
"../../../Engine/Content/EngineMaterials/Substrate/Glints2/dict_0006_0053.uexp" 1709
"../../../Engine/Content/EngineMaterials/Substrate/Glints2/dict_0006_0051.uexp" 1710
"../../../Engine/Content/EngineMaterials/Substrate/Glints2/dict_0006_0051.uasset" 1711
"../../../Engine/Content/EngineMaterials/Substrate/Glints2/dict_0006_0003.uasset" 1712
"../../../Engine/Content/EngineMaterials/Substrate/Glints2/dict_0006_0003.uexp" 1713
"../../../Engine/Content/EngineMaterials/Substrate/Glints2/dict_0005_0127.uasset" 1714
"../../../Engine/Content/EngineMaterials/Substrate/Glints2/dict_0005_0127.uexp" 1715
"../../../Engine/Content/EngineMaterials/Substrate/Glints2/dict_0005_0005.uexp" 1716
"../../../Engine/Content/EngineMaterials/Substrate/Glints2/dict_0005_0005.uasset" 1717
"../../../Engine/Content/EngineMaterials/Substrate/Glints2/dict_0000_0035.uasset" 1718
"../../../Engine/Content/EngineMaterials/Substrate/Glints2/dict_0000_0035.uexp" 1719
"../../../Engine/Content/EngineMaterials/Substrate/Glints2/dict_0004_0003.uexp" 1720
"../../../Engine/Content/EngineMaterials/Substrate/Glints2/dict_0004_0003.uasset" 1721
"../../../Engine/Content/EngineMaterials/Substrate/Glints2/dict_0003_0114.uasset" 1722
"../../../Engine/Content/EngineMaterials/Substrate/Glints2/dict_0003_0114.uexp" 1723
"../../../Engine/Content/EngineMaterials/Substrate/Glints2/dict_0006_0001.uexp" 1724
"../../../Engine/Content/EngineMaterials/Substrate/Glints2/dict_0006_0001.uasset" 1725
"../../../Engine/Content/EngineMaterials/Substrate/Glints2/dict_0002_0099.uasset" 1726
"../../../Engine/Content/EngineMaterials/Substrate/Glints2/dict_0002_0099.uexp" 1727
"../../../Engine/Content/EngineMaterials/Substrate/Glints2/dict_0001_0175.uexp" 1728
"../../../Engine/Content/EngineMaterials/Substrate/Glints2/dict_0001_0175.uasset" 1729
"../../../Engine/Content/EngineMaterials/Substrate/Glints2/dict_0001_0233.uasset" 1730
"../../../Engine/Content/EngineMaterials/Substrate/Glints2/dict_0001_0233.uexp" 1731
"../../../Engine/Content/EngineMaterials/Substrate/Glints2/dict_0006_0160.uasset" 1732
"../../../Engine/Content/EngineMaterials/Substrate/Glints2/dict_0006_0160.uexp" 1733
"../../../Engine/Content/EngineMaterials/Substrate/Glints2/dict_0002_0088.uasset" 1734
"../../../Engine/Content/EngineMaterials/Substrate/Glints2/dict_0002_0088.uexp" 1735
"../../../Engine/Content/EngineMaterials/Substrate/Glints2/dict_0001_0195.uexp" 1736
"../../../Engine/Content/EngineMaterials/Substrate/Glints2/dict_0001_0195.uasset" 1737
"../../../Engine/Content/EngineMaterials/Substrate/Glints2/dict_0001_0091.uexp" 1738
"../../../Engine/Content/EngineMaterials/Substrate/Glints2/dict_0001_0091.uasset" 1739
"../../../Engine/Content/EngineMaterials/Substrate/Glints2/dict_0001_0153.uexp" 1740
"../../../Engine/Content/EngineMaterials/Substrate/Glints2/dict_0001_0153.uasset" 1741
"../../../Engine/Content/EngineMaterials/Substrate/Glints2/dict_0006_0134.uexp" 1742
"../../../Engine/Content/EngineMaterials/Substrate/Glints2/dict_0006_0134.uasset" 1743
"../../../Engine/Content/EngineMaterials/Substrate/Glints2/dict_0005_0030.uasset" 1744
"../../../Engine/Content/EngineMaterials/Substrate/Glints2/dict_0005_0030.uexp" 1745
"../../../Engine/Content/EngineMaterials/Substrate/Glints2/dict_0006_0129.uasset" 1746
"../../../Engine/Content/EngineMaterials/Substrate/Glints2/dict_0006_0129.uexp" 1747
"../../../Engine/Content/EngineMaterials/Substrate/Glints2/dict_0002_0250.uasset" 1748
"../../../Engine/Content/EngineMaterials/Substrate/Glints2/dict_0002_0250.uexp" 1749
"../../../Engine/Content/EngineMaterials/Substrate/Glints2/dict_0003_0076.uasset" 1750
"../../../Engine/Content/EngineMaterials/Substrate/Glints2/dict_0003_0076.uexp" 1751
"../../../Engine/Content/EngineMaterials/Substrate/Glints2/dict_0000_0239.uexp" 1752
"../../../Engine/Content/EngineMaterials/Substrate/Glints2/dict_0000_0239.uasset" 1753
"../../../Engine/Content/EngineMaterials/Substrate/Glints2/dict_0002_0004.uasset" 1754
"../../../Engine/Content/EngineMaterials/Substrate/Glints2/dict_0002_0004.uexp" 1755
"../../../Engine/Content/EngineMaterials/Substrate/Glints2/dict_0001_0051.uasset" 1756
"../../../Engine/Content/EngineMaterials/Substrate/Glints2/dict_0001_0051.uexp" 1757
"../../../Engine/Content/EngineMaterials/Substrate/Glints2/dict_0007_0034.uasset" 1758
"../../../Engine/Content/EngineMaterials/Substrate/Glints2/dict_0007_0034.uexp" 1759
"../../../Engine/Content/EngineMaterials/Substrate/Glints2/dict_0005_0176.uexp" 1760
"../../../Engine/Content/EngineMaterials/Substrate/Glints2/dict_0005_0176.uasset" 1761
"../../../Engine/Content/EngineMaterials/Substrate/Glints2/dict_0003_0123.uasset" 1762
"../../../Engine/Content/EngineMaterials/Substrate/Glints2/dict_0003_0123.uexp" 1763
"../../../Engine/Content/EngineMaterials/Substrate/Glints2/dict_0005_0192.uexp" 1764
"../../../Engine/Content/EngineMaterials/Substrate/Glints2/dict_0005_0192.uasset" 1765
"../../../Engine/Content/EngineMaterials/Substrate/Glints2/dict_0007_0050.uexp" 1766
"../../../Engine/Content/EngineMaterials/Substrate/Glints2/dict_0007_0050.uasset" 1767
"../../../Engine/Content/EngineMaterials/Substrate/Glints2/dict_0006_0075.uasset" 1768
"../../../Engine/Content/EngineMaterials/Substrate/Glints2/dict_0006_0075.uexp" 1769
"../../../Engine/Content/EngineMaterials/Substrate/Glints2/dict_0002_0126.uexp" 1770
"../../../Engine/Content/EngineMaterials/Substrate/Glints2/dict_0002_0126.uasset" 1771
"../../../Engine/Content/EngineMaterials/Substrate/Glints2/dict_0004_0071.uasset" 1772
"../../../Engine/Content/EngineMaterials/Substrate/Glints2/dict_0004_0071.uexp" 1773
"../../../Engine/Content/EngineMaterials/Substrate/Glints2/dict_0005_0062.uasset" 1774
"../../../Engine/Content/EngineMaterials/Substrate/Glints2/dict_0005_0062.uexp" 1775
"../../../Engine/Content/EngineMaterials/Substrate/Glints2/dict_0002_0158.uexp" 1776
"../../../Engine/Content/EngineMaterials/Substrate/Glints2/dict_0002_0158.uasset" 1777
"../../../Engine/Content/EngineMaterials/Substrate/Glints2/dict_0005_0050.uasset" 1778
"../../../Engine/Content/EngineMaterials/Substrate/Glints2/dict_0005_0050.uexp" 1779
"../../../Engine/Content/EngineMaterials/Substrate/Glints2/dict_0007_0032.uasset" 1780
"../../../Engine/Content/EngineMaterials/Substrate/Glints2/dict_0007_0032.uexp" 1781
"../../../Engine/Content/EngineMaterials/Substrate/Glints2/dict_0007_0217.uexp" 1782
"../../../Engine/Content/EngineMaterials/Substrate/Glints2/dict_0007_0217.uasset" 1783
"../../../Engine/Content/EngineMaterials/Substrate/Glints2/dict_0005_0169.uexp" 1784
"../../../Engine/Content/EngineMaterials/Substrate/Glints2/dict_0005_0169.uasset" 1785
"../../../Engine/Content/EngineMaterials/Substrate/Glints2/dict_0006_0077.uexp" 1786
"../../../Engine/Content/EngineMaterials/Substrate/Glints2/dict_0006_0077.uasset" 1787
"../../../Engine/Content/EngineMaterials/Substrate/Glints2/dict_0000_0028.uasset" 1788
"../../../Engine/Content/EngineMaterials/Substrate/Glints2/dict_0000_0028.uexp" 1789
"../../../Engine/Content/EngineMaterials/Substrate/Glints2/dict_0002_0002.uexp" 1790
"../../../Engine/Content/EngineMaterials/Substrate/Glints2/dict_0002_0002.uasset" 1791
"../../../Engine/Content/EngineMaterials/Substrate/Glints2/dict_0007_0038.uasset" 1792
"../../../Engine/Content/EngineMaterials/Substrate/Glints2/dict_0007_0038.uexp" 1793
"../../../Engine/Content/EngineMaterials/Substrate/Glints2/dict_0006_0103.uexp" 1794
"../../../Engine/Content/EngineMaterials/Substrate/Glints2/dict_0006_0103.uasset" 1795
"../../../Engine/Content/EngineMaterials/Substrate/Glints2/dict_0004_0094.uasset" 1796
"../../../Engine/Content/EngineMaterials/Substrate/Glints2/dict_0004_0094.uexp" 1797
"../../../Engine/Content/EngineMaterials/Substrate/Glints2/dict_0002_0120.uasset" 1798
"../../../Engine/Content/EngineMaterials/Substrate/Glints2/dict_0002_0120.uexp" 1799
"../../../Engine/Content/EngineMaterials/Substrate/Glints2/dict_0003_0188.uexp" 1800
"../../../Engine/Content/EngineMaterials/Substrate/Glints2/dict_0003_0188.uasset" 1801
"../../../Engine/Content/EngineMaterials/Substrate/Glints2/dict_0001_0203.uasset" 1802
"../../../Engine/Content/EngineMaterials/Substrate/Glints2/dict_0001_0203.uexp" 1803
"../../../Engine/Content/EngineMaterials/Substrate/Glints2/dict_0007_0249.uexp" 1804
"../../../Engine/Content/EngineMaterials/Substrate/Glints2/dict_0007_0249.uasset" 1805
"../../../Engine/Content/EngineMaterials/Substrate/Glints2/dict_0006_0107.uasset" 1806
"../../../Engine/Content/EngineMaterials/Substrate/Glints2/dict_0006_0107.uexp" 1807
"../../../Engine/Content/EngineMaterials/Substrate/Glints2/dict_0005_0183.uasset" 1808
"../../../Engine/Content/EngineMaterials/Substrate/Glints2/dict_0005_0183.uexp" 1809
"../../../Engine/Content/EngineMaterials/Substrate/Glints2/dict_0007_0162.uexp" 1810
"../../../Engine/Content/EngineMaterials/Substrate/Glints2/dict_0007_0162.uasset" 1811
"../../../Engine/Content/EngineMaterials/Substrate/Glints2/dict_0003_0009.uexp" 1812
"../../../Engine/Content/EngineMaterials/Substrate/Glints2/dict_0003_0009.uasset" 1813
"../../../Engine/Content/EngineMaterials/Substrate/Glints2/dict_0003_0038.uexp" 1814
"../../../Engine/Content/EngineMaterials/Substrate/Glints2/dict_0003_0038.uasset" 1815
"../../../Engine/Content/EngineMaterials/Substrate/Glints2/dict_0004_0106.uexp" 1816
"../../../Engine/Content/EngineMaterials/Substrate/Glints2/dict_0004_0106.uasset" 1817
"../../../Engine/Content/EngineMaterials/Substrate/Glints2/dict_0003_0135.uasset" 1818
"../../../Engine/Content/EngineMaterials/Substrate/Glints2/dict_0003_0135.uexp" 1819
"../../../Engine/Content/EngineMaterials/Substrate/Glints2/dict_0001_0219.uasset" 1820
"../../../Engine/Content/EngineMaterials/Substrate/Glints2/dict_0001_0219.uexp" 1821
"../../../Engine/Content/EngineMaterials/Substrate/Glints2/dict_0001_0201.uexp" 1822
"../../../Engine/Content/EngineMaterials/Substrate/Glints2/dict_0001_0201.uasset" 1823
"../../../Engine/Content/EngineMaterials/Substrate/Glints2/dict_0007_0210.uexp" 1824
"../../../Engine/Content/EngineMaterials/Substrate/Glints2/dict_0007_0210.uasset" 1825
"../../../Engine/Content/EngineMaterials/Substrate/Glints2/dict_0001_0106.uasset" 1826
"../../../Engine/Content/EngineMaterials/Substrate/Glints2/dict_0001_0106.uexp" 1827
"../../../Engine/Content/EngineMaterials/Substrate/Glints2/dict_0002_0199.uexp" 1828
"../../../Engine/Content/EngineMaterials/Substrate/Glints2/dict_0002_0199.uasset" 1829
"../../../Engine/Content/EngineMaterials/Substrate/Glints2/dict_0003_0224.uexp" 1830
"../../../Engine/Content/EngineMaterials/Substrate/Glints2/dict_0003_0224.uasset" 1831
"../../../Engine/Content/EngineMaterials/Substrate/Glints2/dict_0007_0106.uasset" 1832
"../../../Engine/Content/EngineMaterials/Substrate/Glints2/dict_0007_0106.uexp" 1833
"../../../Engine/Content/EngineMaterials/Substrate/Glints2/dict_0000_0165.uexp" 1834
"../../../Engine/Content/EngineMaterials/Substrate/Glints2/dict_0000_0165.uasset" 1835
"../../../Engine/Content/EngineMaterials/Substrate/Glints2/dict_0003_0022.uexp" 1836
"../../../Engine/Content/EngineMaterials/Substrate/Glints2/dict_0003_0022.uasset" 1837
"../../../Engine/Content/EngineMaterials/Substrate/Glints2/dict_0004_0241.uasset" 1838
"../../../Engine/Content/EngineMaterials/Substrate/Glints2/dict_0004_0241.uexp" 1839
"../../../Engine/Content/EngineMaterials/Substrate/Glints2/dict_0005_0134.uasset" 1840
"../../../Engine/Content/EngineMaterials/Substrate/Glints2/dict_0005_0134.uexp" 1841
"../../../Engine/Content/EngineMaterials/Substrate/Glints2/dict_0003_0109.uasset" 1842
"../../../Engine/Content/EngineMaterials/Substrate/Glints2/dict_0003_0109.uexp" 1843
"../../../Engine/Content/EngineMaterials/Substrate/Glints2/dict_0007_0082.uexp" 1844
"../../../Engine/Content/EngineMaterials/Substrate/Glints2/dict_0007_0082.uasset" 1845
"../../../Engine/Content/EngineMaterials/Substrate/Glints2/dict_0000_0200.uasset" 1846
"../../../Engine/Content/EngineMaterials/Substrate/Glints2/dict_0000_0200.uexp" 1847
"../../../Engine/Content/EngineMaterials/Substrate/Glints2/dict_0004_0100.uasset" 1848
"../../../Engine/Content/EngineMaterials/Substrate/Glints2/dict_0004_0100.uexp" 1849
"../../../Engine/Content/EngineMaterials/Substrate/Glints2/dict_0006_0167.uasset" 1850
"../../../Engine/Content/EngineMaterials/Substrate/Glints2/dict_0006_0167.uexp" 1851
"../../../Engine/Content/EngineMaterials/Substrate/Glints2/dict_0001_0217.uexp" 1852
"../../../Engine/Content/EngineMaterials/Substrate/Glints2/dict_0001_0217.uasset" 1853
"../../../Engine/Content/EngineMaterials/Substrate/Glints2/dict_0002_0006.uasset" 1854
"../../../Engine/Content/EngineMaterials/Substrate/Glints2/dict_0002_0006.uexp" 1855
"../../../Engine/Content/EngineMaterials/Substrate/Glints2/dict_0007_0194.uasset" 1856
"../../../Engine/Content/EngineMaterials/Substrate/Glints2/dict_0007_0194.uexp" 1857
"../../../Engine/Content/EngineMaterials/Substrate/Glints2/dict_0006_0237.uexp" 1858
"../../../Engine/Content/EngineMaterials/Substrate/Glints2/dict_0006_0237.uasset" 1859
"../../../Engine/Content/EngineMaterials/Substrate/Glints2/dict_0006_0181.uexp" 1860
"../../../Engine/Content/EngineMaterials/Substrate/Glints2/dict_0006_0181.uasset" 1861
"../../../Engine/Content/EngineMaterials/Substrate/Glints2/dict_0005_0063.uexp" 1862
"../../../Engine/Content/EngineMaterials/Substrate/Glints2/dict_0005_0063.uasset" 1863
"../../../Engine/Content/EngineMaterials/Substrate/Glints2/dict_0002_0155.uasset" 1864
"../../../Engine/Content/EngineMaterials/Substrate/Glints2/dict_0002_0155.uexp" 1865
"../../../Engine/Content/EngineMaterials/Substrate/Glints2/dict_0001_0246.uasset" 1866
"../../../Engine/Content/EngineMaterials/Substrate/Glints2/dict_0001_0246.uexp" 1867
"../../../Engine/Content/EngineMaterials/Substrate/Glints2/dict_0005_0209.uexp" 1868
"../../../Engine/Content/EngineMaterials/Substrate/Glints2/dict_0005_0209.uasset" 1869
"../../../Engine/Content/EngineMaterials/Substrate/Glints2/dict_0003_0006.uasset" 1870
"../../../Engine/Content/EngineMaterials/Substrate/Glints2/dict_0003_0006.uexp" 1871
"../../../Engine/Content/EngineMaterials/Substrate/Glints2/dict_0003_0103.uasset" 1872
"../../../Engine/Content/EngineMaterials/Substrate/Glints2/dict_0003_0103.uexp" 1873
"../../../Engine/Content/EngineMaterials/Substrate/Glints2/dict_0005_0084.uasset" 1874
"../../../Engine/Content/EngineMaterials/Substrate/Glints2/dict_0005_0084.uexp" 1875
"../../../Engine/Content/EngineMaterials/Substrate/Glints2/dict_0002_0160.uexp" 1876
"../../../Engine/Content/EngineMaterials/Substrate/Glints2/dict_0002_0160.uasset" 1877
"../../../Engine/Content/EngineMaterials/Substrate/Glints2/dict_0005_0076.uasset" 1878
"../../../Engine/Content/EngineMaterials/Substrate/Glints2/dict_0005_0076.uexp" 1879
"../../../Engine/Content/EngineMaterials/Substrate/Glints2/dict_0003_0161.uexp" 1880
"../../../Engine/Content/EngineMaterials/Substrate/Glints2/dict_0003_0161.uasset" 1881
"../../../Engine/Content/EngineMaterials/Substrate/Glints2/dict_0007_0218.uasset" 1882
"../../../Engine/Content/EngineMaterials/Substrate/Glints2/dict_0007_0218.uexp" 1883
"../../../Engine/Content/EngineMaterials/Substrate/Glints2/dict_0006_0113.uexp" 1884
"../../../Engine/Content/EngineMaterials/Substrate/Glints2/dict_0006_0113.uasset" 1885
"../../../Engine/Content/EngineMaterials/Substrate/Glints2/dict_0006_0088.uexp" 1886
"../../../Engine/Content/EngineMaterials/Substrate/Glints2/dict_0006_0088.uasset" 1887
"../../../Engine/Content/EngineMaterials/Substrate/Glints2/dict_0000_0055.uasset" 1888
"../../../Engine/Content/EngineMaterials/Substrate/Glints2/dict_0000_0055.uexp" 1889
"../../../Engine/Content/EngineMaterials/Substrate/Glints2/dict_0007_0080.uasset" 1890
"../../../Engine/Content/EngineMaterials/Substrate/Glints2/dict_0007_0080.uexp" 1891
"../../../Engine/Content/EngineMaterials/Substrate/Glints2/dict_0005_0105.uasset" 1892
"../../../Engine/Content/EngineMaterials/Substrate/Glints2/dict_0005_0105.uexp" 1893
"../../../Engine/Content/EngineMaterials/Substrate/Glints2/dict_0004_0217.uasset" 1894
"../../../Engine/Content/EngineMaterials/Substrate/Glints2/dict_0004_0217.uexp" 1895
"../../../Engine/Content/EngineMaterials/Substrate/Glints2/dict_0006_0021.uasset" 1896
"../../../Engine/Content/EngineMaterials/Substrate/Glints2/dict_0006_0021.uexp" 1897
"../../../Engine/Content/EngineMaterials/Substrate/Glints2/dict_0001_0035.uasset" 1898
"../../../Engine/Content/EngineMaterials/Substrate/Glints2/dict_0001_0035.uexp" 1899
"../../../Engine/Content/EngineMaterials/Substrate/Glints2/dict_0000_0126.uasset" 1900
"../../../Engine/Content/EngineMaterials/Substrate/Glints2/dict_0000_0126.uexp" 1901
"../../../Engine/Content/EngineMaterials/Substrate/Glints2/dict_0000_0114.uexp" 1902
"../../../Engine/Content/EngineMaterials/Substrate/Glints2/dict_0000_0114.uasset" 1903
"../../../Engine/Content/EngineMaterials/Substrate/Glints2/dict_0003_0064.uasset" 1904
"../../../Engine/Content/EngineMaterials/Substrate/Glints2/dict_0003_0064.uexp" 1905
"../../../Engine/Content/EngineMaterials/Substrate/Glints2/dict_0006_0040.uasset" 1906
"../../../Engine/Content/EngineMaterials/Substrate/Glints2/dict_0006_0040.uexp" 1907
"../../../Engine/Content/EngineMaterials/Substrate/Glints2/dict_0004_0127.uexp" 1908
"../../../Engine/Content/EngineMaterials/Substrate/Glints2/dict_0004_0127.uasset" 1909
"../../../Engine/Content/EngineMaterials/Substrate/Glints2/dict_0004_0126.uexp" 1910
"../../../Engine/Content/EngineMaterials/Substrate/Glints2/dict_0004_0126.uasset" 1911
"../../../Engine/Content/EngineMaterials/Substrate/Glints2/dict_0000_0106.uexp" 1912
"../../../Engine/Content/EngineMaterials/Substrate/Glints2/dict_0000_0106.uasset" 1913
"../../../Engine/Content/EngineMaterials/Substrate/Glints2/dict_0007_0089.uexp" 1914
"../../../Engine/Content/EngineMaterials/Substrate/Glints2/dict_0007_0089.uasset" 1915
"../../../Engine/Content/EngineMaterials/Substrate/Glints2/dict_0002_0063.uexp" 1916
"../../../Engine/Content/EngineMaterials/Substrate/Glints2/dict_0002_0063.uasset" 1917
"../../../Engine/Content/EngineMaterials/Substrate/Glints2/dict_0002_0238.uexp" 1918
"../../../Engine/Content/EngineMaterials/Substrate/Glints2/dict_0002_0238.uasset" 1919
"../../../Engine/Content/EngineMaterials/Substrate/Glints2/dict_0006_0047.uexp" 1920
"../../../Engine/Content/EngineMaterials/Substrate/Glints2/dict_0006_0047.uasset" 1921
"../../../Engine/Content/EngineMaterials/Substrate/Glints2/dict_0005_0130.uexp" 1922
"../../../Engine/Content/EngineMaterials/Substrate/Glints2/dict_0005_0130.uasset" 1923
"../../../Engine/Content/EngineMaterials/Substrate/Glints2/dict_0007_0111.uasset" 1924
"../../../Engine/Content/EngineMaterials/Substrate/Glints2/dict_0007_0111.uexp" 1925
"../../../Engine/Content/EngineMaterials/Substrate/Glints2/dict_0003_0186.uexp" 1926
"../../../Engine/Content/EngineMaterials/Substrate/Glints2/dict_0003_0186.uasset" 1927
"../../../Engine/Content/EngineMaterials/Substrate/Glints2/dict_0001_0167.uasset" 1928
"../../../Engine/Content/EngineMaterials/Substrate/Glints2/dict_0001_0167.uexp" 1929
"../../../Engine/Content/EngineMaterials/Substrate/Glints2/dict_0002_0118.uasset" 1930
"../../../Engine/Content/EngineMaterials/Substrate/Glints2/dict_0002_0118.uexp" 1931
"../../../Engine/Content/EngineMaterials/Substrate/Glints2/dict_0000_0061.uexp" 1932
"../../../Engine/Content/EngineMaterials/Substrate/Glints2/dict_0000_0061.uasset" 1933
"../../../Engine/Content/EngineMaterials/Substrate/Glints2/dict_0005_0219.uexp" 1934
"../../../Engine/Content/EngineMaterials/Substrate/Glints2/dict_0005_0219.uasset" 1935
"../../../Engine/Content/EngineMaterials/Substrate/Glints2/dict_0002_0191.uexp" 1936
"../../../Engine/Content/EngineMaterials/Substrate/Glints2/dict_0002_0191.uasset" 1937
"../../../Engine/Content/EngineMaterials/Substrate/Glints2/dict_0007_0073.uasset" 1938
"../../../Engine/Content/EngineMaterials/Substrate/Glints2/dict_0007_0073.uexp" 1939
"../../../Engine/Content/EngineMaterials/Substrate/Glints2/dict_0007_0122.uasset" 1940
"../../../Engine/Content/EngineMaterials/Substrate/Glints2/dict_0007_0122.uexp" 1941
"../../../Engine/Content/EngineMaterials/Substrate/Glints2/dict_0004_0196.uasset" 1942
"../../../Engine/Content/EngineMaterials/Substrate/Glints2/dict_0004_0196.uexp" 1943
"../../../Engine/Content/EngineMaterials/Substrate/Glints2/dict_0007_0203.uasset" 1944
"../../../Engine/Content/EngineMaterials/Substrate/Glints2/dict_0007_0203.uexp" 1945
"../../../Engine/Content/EngineMaterials/Substrate/Glints2/dict_0000_0139.uexp" 1946
"../../../Engine/Content/EngineMaterials/Substrate/Glints2/dict_0000_0139.uasset" 1947
"../../../Engine/Content/EngineMaterials/Substrate/Glints2/dict_0003_0115.uasset" 1948
"../../../Engine/Content/EngineMaterials/Substrate/Glints2/dict_0003_0115.uexp" 1949
"../../../Engine/Content/EngineMaterials/Substrate/Glints2/dict_0007_0169.uexp" 1950
"../../../Engine/Content/EngineMaterials/Substrate/Glints2/dict_0007_0169.uasset" 1951
"../../../Engine/Content/EngineMaterials/Substrate/Glints2/dict_0001_0009.uexp" 1952
"../../../Engine/Content/EngineMaterials/Substrate/Glints2/dict_0001_0009.uasset" 1953
"../../../Engine/Content/EngineMaterials/Substrate/Glints2/dict_0001_0218.uexp" 1954
"../../../Engine/Content/EngineMaterials/Substrate/Glints2/dict_0001_0218.uasset" 1955
"../../../Engine/Content/EngineMaterials/Substrate/Glints2/dict_0002_0009.uexp" 1956
"../../../Engine/Content/EngineMaterials/Substrate/Glints2/dict_0002_0009.uasset" 1957
"../../../Engine/Content/EngineMaterials/Substrate/Glints2/dict_0006_0138.uexp" 1958
"../../../Engine/Content/EngineMaterials/Substrate/Glints2/dict_0006_0138.uasset" 1959
"../../../Engine/Content/EngineMaterials/Substrate/Glints2/dict_0000_0167.uexp" 1960
"../../../Engine/Content/EngineMaterials/Substrate/Glints2/dict_0000_0167.uasset" 1961
"../../../Engine/Content/EngineMaterials/Substrate/Glints2/dict_0005_0038.uexp" 1962
"../../../Engine/Content/EngineMaterials/Substrate/Glints2/dict_0005_0038.uasset" 1963
"../../../Engine/Content/EngineMaterials/Substrate/Glints2/dict_0000_0147.uasset" 1964
"../../../Engine/Content/EngineMaterials/Substrate/Glints2/dict_0000_0147.uexp" 1965
"../../../Engine/Content/EngineMaterials/Substrate/Glints2/dict_0007_0068.uasset" 1966
"../../../Engine/Content/EngineMaterials/Substrate/Glints2/dict_0007_0068.uexp" 1967
"../../../Engine/Content/EngineMaterials/Substrate/Glints2/dict_0005_0203.uexp" 1968
"../../../Engine/Content/EngineMaterials/Substrate/Glints2/dict_0005_0203.uasset" 1969
"../../../Engine/Content/EngineMaterials/Substrate/Glints2/dict_0001_0100.uasset" 1970
"../../../Engine/Content/EngineMaterials/Substrate/Glints2/dict_0001_0100.uexp" 1971
"../../../Engine/Content/EngineMaterials/Substrate/Glints2/dict_0003_0230.uasset" 1972
"../../../Engine/Content/EngineMaterials/Substrate/Glints2/dict_0003_0230.uexp" 1973
"../../../Engine/Content/EngineMaterials/Substrate/Glints2/dict_0007_0198.uasset" 1974
"../../../Engine/Content/EngineMaterials/Substrate/Glints2/dict_0007_0198.uexp" 1975
"../../../Engine/Content/EngineMaterials/Substrate/Glints2/dict_0005_0004.uexp" 1976
"../../../Engine/Content/EngineMaterials/Substrate/Glints2/dict_0005_0004.uasset" 1977
"../../../Engine/Content/EngineMaterials/Substrate/Glints2/dict_0003_0180.uasset" 1978
"../../../Engine/Content/EngineMaterials/Substrate/Glints2/dict_0003_0180.uexp" 1979
"../../../Engine/Content/EngineMaterials/Substrate/Glints2/dict_0006_0249.uasset" 1980
"../../../Engine/Content/EngineMaterials/Substrate/Glints2/dict_0006_0249.uexp" 1981
"../../../Engine/Content/EngineMaterials/Substrate/Glints2/dict_0001_0146.uasset" 1982
"../../../Engine/Content/EngineMaterials/Substrate/Glints2/dict_0001_0146.uexp" 1983
"../../../Engine/Content/EngineMaterials/Substrate/Glints2/dict_0005_0185.uasset" 1984
"../../../Engine/Content/EngineMaterials/Substrate/Glints2/dict_0005_0185.uexp" 1985
"../../../Engine/Content/EngineMaterials/Substrate/Glints2/dict_0007_0009.uasset" 1986
"../../../Engine/Content/EngineMaterials/Substrate/Glints2/dict_0007_0009.uexp" 1987
"../../../Engine/Content/EngineMaterials/Substrate/Glints2/dict_0001_0206.uexp" 1988
"../../../Engine/Content/EngineMaterials/Substrate/Glints2/dict_0001_0206.uasset" 1989
"../../../Engine/Content/EngineMaterials/Substrate/Glints2/dict_0002_0048.uexp" 1990
"../../../Engine/Content/EngineMaterials/Substrate/Glints2/dict_0002_0048.uasset" 1991
"../../../Engine/Content/EngineMaterials/Substrate/Glints2/dict_0004_0011.uasset" 1992
"../../../Engine/Content/EngineMaterials/Substrate/Glints2/dict_0004_0011.uexp" 1993
"../../../Engine/Content/EngineMaterials/Substrate/Glints2/dict_0006_0116.uasset" 1994
"../../../Engine/Content/EngineMaterials/Substrate/Glints2/dict_0006_0116.uexp" 1995
"../../../Engine/Content/EngineMaterials/Substrate/Glints2/dict_0001_0207.uasset" 1996
"../../../Engine/Content/EngineMaterials/Substrate/Glints2/dict_0001_0207.uexp" 1997
"../../../Engine/Content/EngineMaterials/Substrate/Glints2/dict_0000_0252.uasset" 1998
"../../../Engine/Content/EngineMaterials/Substrate/Glints2/dict_0000_0252.uexp" 1999
"../../../Engine/Content/EngineMaterials/Substrate/Glints2/dict_0003_0238.uasset" 2000
"../../../Engine/Content/EngineMaterials/Substrate/Glints2/dict_0003_0238.uexp" 2001
"../../../Engine/Content/EngineMaterials/Substrate/Glints2/dict_0002_0248.uexp" 2002
"../../../Engine/Content/EngineMaterials/Substrate/Glints2/dict_0002_0248.uasset" 2003
"../../../Engine/Content/EngineMaterials/Substrate/Glints2/dict_0002_0001.uexp" 2004
"../../../Engine/Content/EngineMaterials/Substrate/Glints2/dict_0002_0001.uasset" 2005
"../../../Engine/Content/EngineMaterials/Substrate/Glints2/dict_0006_0019.uasset" 2006
"../../../Engine/Content/EngineMaterials/Substrate/Glints2/dict_0006_0019.uexp" 2007
"../../../Engine/Content/EngineMaterials/Substrate/Glints2/dict_0004_0172.uasset" 2008
"../../../Engine/Content/EngineMaterials/Substrate/Glints2/dict_0004_0172.uexp" 2009
"../../../Engine/Content/EngineMaterials/Substrate/Glints2/dict_0004_0218.uexp" 2010
"../../../Engine/Content/EngineMaterials/Substrate/Glints2/dict_0004_0218.uasset" 2011
"../../../Engine/Content/EngineMaterials/Substrate/Glints2/dict_0002_0090.uasset" 2012
"../../../Engine/Content/EngineMaterials/Substrate/Glints2/dict_0002_0090.uexp" 2013
"../../../Engine/Content/EngineMaterials/Substrate/Glints2/dict_0001_0002.uasset" 2014
"../../../Engine/Content/EngineMaterials/Substrate/Glints2/dict_0001_0002.uexp" 2015
"../../../Engine/Content/EngineMaterials/Substrate/Glints2/dict_0004_0243.uexp" 2016
"../../../Engine/Content/EngineMaterials/Substrate/Glints2/dict_0004_0243.uasset" 2017
"../../../Engine/Content/EngineMaterials/Substrate/Glints2/dict_0006_0184.uexp" 2018
"../../../Engine/Content/EngineMaterials/Substrate/Glints2/dict_0006_0184.uasset" 2019
"../../../Engine/Content/EngineMaterials/Substrate/Glints2/dict_0002_0142.uexp" 2020
"../../../Engine/Content/EngineMaterials/Substrate/Glints2/dict_0002_0142.uasset" 2021
"../../../Engine/Content/EngineMaterials/Substrate/Glints2/dict_0004_0240.uasset" 2022
"../../../Engine/Content/EngineMaterials/Substrate/Glints2/dict_0004_0240.uexp" 2023
"../../../Engine/Content/EngineMaterials/Substrate/Glints2/dict_0000_0081.uasset" 2024
"../../../Engine/Content/EngineMaterials/Substrate/Glints2/dict_0000_0081.uexp" 2025
"../../../Engine/Content/EngineMaterials/Substrate/Glints2/dict_0000_0101.uasset" 2026
"../../../Engine/Content/EngineMaterials/Substrate/Glints2/dict_0000_0101.uexp" 2027
"../../../Engine/Content/EngineMaterials/Substrate/Glints2/dict_0001_0059.uasset" 2028
"../../../Engine/Content/EngineMaterials/Substrate/Glints2/dict_0001_0059.uexp" 2029
"../../../Engine/Content/EngineMaterials/Substrate/Glints2/dict_0003_0105.uasset" 2030
"../../../Engine/Content/EngineMaterials/Substrate/Glints2/dict_0003_0105.uexp" 2031
"../../../Engine/Content/EngineMaterials/Substrate/Glints2/dict_0006_0050.uasset" 2032
"../../../Engine/Content/EngineMaterials/Substrate/Glints2/dict_0006_0050.uexp" 2033
"../../../Engine/Content/EngineMaterials/Substrate/Glints2/dict_0006_0143.uexp" 2034
"../../../Engine/Content/EngineMaterials/Substrate/Glints2/dict_0006_0143.uasset" 2035
"../../../Engine/Content/EngineMaterials/Substrate/Glints2/dict_0001_0158.uexp" 2036
"../../../Engine/Content/EngineMaterials/Substrate/Glints2/dict_0001_0158.uasset" 2037
"../../../Engine/Content/EngineMaterials/Substrate/Glints2/dict_0000_0083.uasset" 2038
"../../../Engine/Content/EngineMaterials/Substrate/Glints2/dict_0000_0083.uexp" 2039
"../../../Engine/Content/EngineMaterials/Substrate/Glints2/dict_0003_0185.uasset" 2040
"../../../Engine/Content/EngineMaterials/Substrate/Glints2/dict_0003_0185.uexp" 2041
"../../../Engine/Content/EngineMaterials/Substrate/Glints2/dict_0000_0220.uexp" 2042
"../../../Engine/Content/EngineMaterials/Substrate/Glints2/dict_0000_0220.uasset" 2043
"../../../Engine/Content/EngineMaterials/Substrate/Glints2/dict_0007_0057.uexp" 2044
"../../../Engine/Content/EngineMaterials/Substrate/Glints2/dict_0007_0057.uasset" 2045
"../../../Engine/Content/EngineMaterials/Substrate/Glints2/dict_0002_0008.uasset" 2046
"../../../Engine/Content/EngineMaterials/Substrate/Glints2/dict_0002_0008.uexp" 2047
"../../../Engine/Content/EngineMaterials/Substrate/Glints2/dict_0007_0195.uexp" 2048
"../../../Engine/Content/EngineMaterials/Substrate/Glints2/dict_0007_0195.uasset" 2049
"../../../Engine/Content/EngineMaterials/Substrate/Glints2/dict_0006_0064.uasset" 2050
"../../../Engine/Content/EngineMaterials/Substrate/Glints2/dict_0006_0064.uexp" 2051
"../../../Engine/Content/EngineMaterials/Substrate/Glints2/dict_0001_0198.uasset" 2052
"../../../Engine/Content/EngineMaterials/Substrate/Glints2/dict_0001_0198.uexp" 2053
"../../../Engine/Content/EngineMaterials/Substrate/Glints2/dict_0007_0041.uexp" 2054
"../../../Engine/Content/EngineMaterials/Substrate/Glints2/dict_0007_0041.uasset" 2055
"../../../Engine/Content/EngineMaterials/Substrate/Glints2/dict_0000_0155.uexp" 2056
"../../../Engine/Content/EngineMaterials/Substrate/Glints2/dict_0000_0155.uasset" 2057
"../../../Engine/Content/EngineMaterials/Substrate/Glints2/dict_0002_0021.uasset" 2058
"../../../Engine/Content/EngineMaterials/Substrate/Glints2/dict_0002_0021.uexp" 2059
"../../../Engine/Content/EngineMaterials/Substrate/Glints2/dict_0000_0007.uexp" 2060
"../../../Engine/Content/EngineMaterials/Substrate/Glints2/dict_0000_0007.uasset" 2061
"../../../Engine/Content/EngineMaterials/Substrate/Glints2/dict_0007_0164.uexp" 2062
"../../../Engine/Content/EngineMaterials/Substrate/Glints2/dict_0007_0164.uasset" 2063
"../../../Engine/Content/EngineMaterials/Substrate/Glints2/dict_0001_0119.uexp" 2064
"../../../Engine/Content/EngineMaterials/Substrate/Glints2/dict_0001_0119.uasset" 2065
"../../../Engine/Content/EngineMaterials/Substrate/Glints2/dict_0007_0243.uasset" 2066
"../../../Engine/Content/EngineMaterials/Substrate/Glints2/dict_0007_0243.uexp" 2067
"../../../Engine/Content/EngineMaterials/Substrate/Glints2/dict_0003_0070.uasset" 2068
"../../../Engine/Content/EngineMaterials/Substrate/Glints2/dict_0003_0070.uexp" 2069
"../../../Engine/Content/EngineMaterials/Substrate/Glints2/dict_0000_0233.uasset" 2070
"../../../Engine/Content/EngineMaterials/Substrate/Glints2/dict_0000_0233.uexp" 2071
"../../../Engine/Content/EngineMaterials/Substrate/Glints2/dict_0002_0226.uexp" 2072
"../../../Engine/Content/EngineMaterials/Substrate/Glints2/dict_0002_0226.uasset" 2073
"../../../Engine/Content/EngineMaterials/Substrate/Glints2/dict_0000_0010.uexp" 2074
"../../../Engine/Content/EngineMaterials/Substrate/Glints2/dict_0000_0010.uasset" 2075
"../../../Engine/Content/EngineMaterials/Substrate/Glints2/dict_0001_0113.uexp" 2076
"../../../Engine/Content/EngineMaterials/Substrate/Glints2/dict_0001_0113.uasset" 2077
"../../../Engine/Content/EngineMaterials/Substrate/Glints2/dict_0004_0163.uasset" 2078
"../../../Engine/Content/EngineMaterials/Substrate/Glints2/dict_0004_0163.uexp" 2079
"../../../Engine/Content/EngineMaterials/Substrate/Glints2/dict_0005_0016.uexp" 2080
"../../../Engine/Content/EngineMaterials/Substrate/Glints2/dict_0005_0016.uasset" 2081
"../../../Engine/Content/EngineMaterials/Substrate/Glints2/dict_0001_0208.uexp" 2082
"../../../Engine/Content/EngineMaterials/Substrate/Glints2/dict_0001_0208.uasset" 2083
"../../../Engine/Content/EngineMaterials/Substrate/Glints2/dict_0001_0037.uexp" 2084
"../../../Engine/Content/EngineMaterials/Substrate/Glints2/dict_0001_0037.uasset" 2085
"../../../Engine/Content/EngineMaterials/Substrate/Glints2/dict_0005_0246.uasset" 2086
"../../../Engine/Content/EngineMaterials/Substrate/Glints2/dict_0005_0246.uexp" 2087
"../../../Engine/Content/EngineMaterials/Substrate/Glints2/dict_0007_0115.uexp" 2088
"../../../Engine/Content/EngineMaterials/Substrate/Glints2/dict_0007_0115.uasset" 2089
"../../../Engine/Content/EngineMaterials/Substrate/Glints2/dict_0002_0235.uexp" 2090
"../../../Engine/Content/EngineMaterials/Substrate/Glints2/dict_0002_0235.uasset" 2091
"../../../Engine/Content/EngineMaterials/Substrate/Glints2/dict_0006_0168.uasset" 2092
"../../../Engine/Content/EngineMaterials/Substrate/Glints2/dict_0006_0168.uexp" 2093
"../../../Engine/Content/EngineMaterials/Substrate/Glints2/dict_0005_0031.uasset" 2094
"../../../Engine/Content/EngineMaterials/Substrate/Glints2/dict_0005_0031.uexp" 2095
"../../../Engine/Content/EngineMaterials/Substrate/Glints2/dict_0004_0008.uasset" 2096
"../../../Engine/Content/EngineMaterials/Substrate/Glints2/dict_0004_0008.uexp" 2097
"../../../Engine/Content/EngineMaterials/Substrate/Glints2/dict_0006_0178.uasset" 2098
"../../../Engine/Content/EngineMaterials/Substrate/Glints2/dict_0006_0178.uexp" 2099
"../../../Engine/Content/EngineMaterials/Substrate/Glints2/dict_0004_0181.uasset" 2100
"../../../Engine/Content/EngineMaterials/Substrate/Glints2/dict_0004_0181.uexp" 2101
"../../../Engine/Content/EngineMaterials/Substrate/Glints2/dict_0004_0060.uasset" 2102
"../../../Engine/Content/EngineMaterials/Substrate/Glints2/dict_0004_0060.uexp" 2103
"../../../Engine/Content/EngineMaterials/Substrate/Glints2/dict_0000_0089.uexp" 2104
"../../../Engine/Content/EngineMaterials/Substrate/Glints2/dict_0000_0089.uasset" 2105
"../../../Engine/Content/EngineMaterials/Substrate/Glints2/dict_0006_0137.uasset" 2106
"../../../Engine/Content/EngineMaterials/Substrate/Glints2/dict_0006_0137.uexp" 2107
"../../../Engine/Content/EngineMaterials/Substrate/Glints2/dict_0001_0225.uasset" 2108
"../../../Engine/Content/EngineMaterials/Substrate/Glints2/dict_0001_0225.uexp" 2109
"../../../Engine/Content/EngineMaterials/Substrate/Glints2/dict_0004_0020.uasset" 2110
"../../../Engine/Content/EngineMaterials/Substrate/Glints2/dict_0004_0020.uexp" 2111
"../../../Engine/Content/EngineMaterials/Substrate/Glints2/dict_0003_0140.uexp" 2112
"../../../Engine/Content/EngineMaterials/Substrate/Glints2/dict_0003_0140.uasset" 2113
"../../../Engine/Content/EngineMaterials/Substrate/Glints2/dict_0000_0024.uasset" 2114
"../../../Engine/Content/EngineMaterials/Substrate/Glints2/dict_0000_0024.uexp" 2115
"../../../Engine/Content/EngineMaterials/Substrate/Glints2/dict_0000_0158.uexp" 2116
"../../../Engine/Content/EngineMaterials/Substrate/Glints2/dict_0000_0158.uasset" 2117
"../../../Engine/Content/EngineMaterials/Substrate/Glints2/dict_0003_0128.uexp" 2118
"../../../Engine/Content/EngineMaterials/Substrate/Glints2/dict_0003_0128.uasset" 2119
"../../../Engine/Content/EngineMaterials/Substrate/Glints2/dict_0003_0016.uexp" 2120
"../../../Engine/Content/EngineMaterials/Substrate/Glints2/dict_0003_0016.uasset" 2121
"../../../Engine/Content/EngineMaterials/Substrate/Glints2/dict_0000_0211.uexp" 2122
"../../../Engine/Content/EngineMaterials/Substrate/Glints2/dict_0000_0211.uasset" 2123
"../../../Engine/Content/EngineMaterials/Substrate/Glints2/dict_0000_0109.uexp" 2124
"../../../Engine/Content/EngineMaterials/Substrate/Glints2/dict_0000_0109.uasset" 2125
"../../../Engine/Content/EngineMaterials/Substrate/Glints2/dict_0001_0194.uasset" 2126
"../../../Engine/Content/EngineMaterials/Substrate/Glints2/dict_0001_0194.uexp" 2127
"../../../Engine/Content/EngineMaterials/Substrate/Glints2/dict_0002_0149.uasset" 2128
"../../../Engine/Content/EngineMaterials/Substrate/Glints2/dict_0002_0149.uexp" 2129
"../../../Engine/Content/EngineMaterials/Substrate/Glints2/dict_0006_0141.uasset" 2130
"../../../Engine/Content/EngineMaterials/Substrate/Glints2/dict_0006_0141.uexp" 2131
"../../../Engine/Content/EngineMaterials/Substrate/Glints2/dict_0007_0017.uexp" 2132
"../../../Engine/Content/EngineMaterials/Substrate/Glints2/dict_0007_0017.uasset" 2133
"../../../Engine/Content/EngineMaterials/Substrate/Glints2/dict_0006_0139.uexp" 2134
"../../../Engine/Content/EngineMaterials/Substrate/Glints2/dict_0006_0139.uasset" 2135
"../../../Engine/Content/EngineMaterials/Substrate/Glints2/dict_0005_0102.uasset" 2136
"../../../Engine/Content/EngineMaterials/Substrate/Glints2/dict_0005_0102.uexp" 2137
"../../../Engine/Content/EngineMaterials/Substrate/Glints2/dict_0001_0244.uasset" 2138
"../../../Engine/Content/EngineMaterials/Substrate/Glints2/dict_0001_0244.uexp" 2139
"../../../Engine/Content/EngineMaterials/Substrate/Glints2/dict_0000_0026.uexp" 2140
"../../../Engine/Content/EngineMaterials/Substrate/Glints2/dict_0000_0026.uasset" 2141
"../../../Engine/Content/EngineMaterials/Substrate/Glints2/dict_0005_0058.uasset" 2142
"../../../Engine/Content/EngineMaterials/Substrate/Glints2/dict_0005_0058.uexp" 2143
"../../../Engine/Content/EngineMaterials/Substrate/Glints2/dict_0006_0244.uexp" 2144
"../../../Engine/Content/EngineMaterials/Substrate/Glints2/dict_0006_0244.uasset" 2145
"../../../Engine/Content/EngineMaterials/Substrate/Glints2/dict_0005_0250.uasset" 2146
"../../../Engine/Content/EngineMaterials/Substrate/Glints2/dict_0005_0250.uexp" 2147
"../../../Engine/Content/EngineMaterials/Substrate/Glints2/dict_0006_0211.uexp" 2148
"../../../Engine/Content/EngineMaterials/Substrate/Glints2/dict_0006_0211.uasset" 2149
"../../../Engine/Content/EngineMaterials/Substrate/Glints2/dict_0007_0085.uexp" 2150
"../../../Engine/Content/EngineMaterials/Substrate/Glints2/dict_0007_0085.uasset" 2151
"../../../Engine/Content/EngineMaterials/Substrate/Glints2/dict_0005_0153.uexp" 2152
"../../../Engine/Content/EngineMaterials/Substrate/Glints2/dict_0005_0153.uasset" 2153
"../../../Engine/Content/EngineMaterials/Substrate/Glints2/dict_0005_0186.uexp" 2154
"../../../Engine/Content/EngineMaterials/Substrate/Glints2/dict_0005_0186.uasset" 2155
"../../../Engine/Content/EngineMaterials/Substrate/Glints2/dict_0005_0245.uasset" 2156
"../../../Engine/Content/EngineMaterials/Substrate/Glints2/dict_0005_0245.uexp" 2157
"../../../Engine/Content/EngineMaterials/Substrate/Glints2/dict_0000_0041.uexp" 2158
"../../../Engine/Content/EngineMaterials/Substrate/Glints2/dict_0000_0041.uasset" 2159
"../../../Engine/Content/EngineMaterials/Substrate/Glints2/dict_0000_0152.uexp" 2160
"../../../Engine/Content/EngineMaterials/Substrate/Glints2/dict_0000_0152.uasset" 2161
"../../../Engine/Content/EngineMaterials/Substrate/Glints2/dict_0005_0225.uexp" 2162
"../../../Engine/Content/EngineMaterials/Substrate/Glints2/dict_0005_0225.uasset" 2163
"../../../Engine/Content/EngineMaterials/Substrate/Glints2/dict_0002_0190.uasset" 2164
"../../../Engine/Content/EngineMaterials/Substrate/Glints2/dict_0002_0190.uexp" 2165
"../../../Engine/Content/EngineMaterials/Substrate/Glints2/dict_0004_0098.uasset" 2166
"../../../Engine/Content/EngineMaterials/Substrate/Glints2/dict_0004_0098.uexp" 2167
"../../../Engine/Content/EngineMaterials/Substrate/Glints2/dict_0007_0079.uasset" 2168
"../../../Engine/Content/EngineMaterials/Substrate/Glints2/dict_0007_0079.uexp" 2169
"../../../Engine/Content/EngineMaterials/Substrate/Glints2/dict_0003_0110.uexp" 2170
"../../../Engine/Content/EngineMaterials/Substrate/Glints2/dict_0003_0110.uasset" 2171
"../../../Engine/Content/EngineMaterials/Substrate/Glints2/dict_0000_0103.uasset" 2172
"../../../Engine/Content/EngineMaterials/Substrate/Glints2/dict_0000_0103.uexp" 2173
"../../../Engine/Content/EngineMaterials/Substrate/Glints2/dict_0000_0240.uexp" 2174
"../../../Engine/Content/EngineMaterials/Substrate/Glints2/dict_0000_0240.uasset" 2175
"../../../Engine/Content/EngineMaterials/Substrate/Glints2/dict_0000_0005.uasset" 2176
"../../../Engine/Content/EngineMaterials/Substrate/Glints2/dict_0000_0005.uexp" 2177
"../../../Engine/Content/EngineMaterials/Substrate/Glints2/dict_0007_0022.uasset" 2178
"../../../Engine/Content/EngineMaterials/Substrate/Glints2/dict_0007_0022.uexp" 2179
"../../../Engine/Content/EngineMaterials/Substrate/Glints2/dict_0005_0201.uexp" 2180
"../../../Engine/Content/EngineMaterials/Substrate/Glints2/dict_0005_0201.uasset" 2181
"../../../Engine/Content/EngineMaterials/Substrate/Glints2/dict_0004_0048.uexp" 2182
"../../../Engine/Content/EngineMaterials/Substrate/Glints2/dict_0004_0048.uasset" 2183
"../../../Engine/Content/EngineMaterials/Substrate/Glints2/dict_0003_0189.uasset" 2184
"../../../Engine/Content/EngineMaterials/Substrate/Glints2/dict_0003_0189.uexp" 2185
"../../../Engine/Content/EngineMaterials/Substrate/Glints2/dict_0001_0074.uexp" 2186
"../../../Engine/Content/EngineMaterials/Substrate/Glints2/dict_0001_0074.uasset" 2187
"../../../Engine/Content/EngineMaterials/Substrate/Glints2/dict_0000_0144.uasset" 2188
"../../../Engine/Content/EngineMaterials/Substrate/Glints2/dict_0000_0144.uexp" 2189
"../../../Engine/Content/EngineMaterials/Substrate/Glints2/dict_0006_0026.uexp" 2190
"../../../Engine/Content/EngineMaterials/Substrate/Glints2/dict_0006_0026.uasset" 2191
"../../../Engine/Content/EngineMaterials/Substrate/Glints2/dict_0002_0007.uexp" 2192
"../../../Engine/Content/EngineMaterials/Substrate/Glints2/dict_0002_0007.uasset" 2193
"../../../Engine/Content/EngineMaterials/Substrate/Glints2/dict_0000_0216.uexp" 2194
"../../../Engine/Content/EngineMaterials/Substrate/Glints2/dict_0000_0216.uasset" 2195
"../../../Engine/Content/EngineMaterials/Substrate/Glints2/dict_0003_0085.uasset" 2196
"../../../Engine/Content/EngineMaterials/Substrate/Glints2/dict_0003_0085.uexp" 2197
"../../../Engine/Content/EngineMaterials/Substrate/Glints2/dict_0003_0181.uasset" 2198
"../../../Engine/Content/EngineMaterials/Substrate/Glints2/dict_0003_0181.uexp" 2199
"../../../Engine/Content/EngineMaterials/Substrate/Glints2/dict_0006_0200.uasset" 2200
"../../../Engine/Content/EngineMaterials/Substrate/Glints2/dict_0006_0200.uexp" 2201
"../../../Engine/Content/EngineMaterials/Substrate/Glints2/dict_0006_0166.uasset" 2202
"../../../Engine/Content/EngineMaterials/Substrate/Glints2/dict_0006_0166.uexp" 2203
"../../../Engine/Content/EngineMaterials/Substrate/Glints2/dict_0007_0067.uasset" 2204
"../../../Engine/Content/EngineMaterials/Substrate/Glints2/dict_0007_0067.uexp" 2205
"../../../Engine/Content/EngineMaterials/Substrate/Glints2/dict_0002_0200.uexp" 2206
"../../../Engine/Content/EngineMaterials/Substrate/Glints2/dict_0002_0200.uasset" 2207
"../../../Engine/Content/EngineMaterials/Substrate/Glints2/dict_0003_0231.uasset" 2208
"../../../Engine/Content/EngineMaterials/Substrate/Glints2/dict_0003_0231.uexp" 2209
"../../../Engine/Content/EngineMaterials/Substrate/Glints2/dict_0007_0096.uasset" 2210
"../../../Engine/Content/EngineMaterials/Substrate/Glints2/dict_0007_0096.uexp" 2211
"../../../Engine/Content/EngineMaterials/Substrate/Glints2/dict_0000_0196.uexp" 2212
"../../../Engine/Content/EngineMaterials/Substrate/Glints2/dict_0000_0196.uasset" 2213
"../../../Engine/Content/EngineMaterials/Substrate/Glints2/dict_0000_0119.uexp" 2214
"../../../Engine/Content/EngineMaterials/Substrate/Glints2/dict_0000_0119.uasset" 2215
"../../../Engine/Content/EngineMaterials/Substrate/Glints2/dict_0004_0090.uasset" 2216
"../../../Engine/Content/EngineMaterials/Substrate/Glints2/dict_0004_0090.uexp" 2217
"../../../Engine/Content/EngineMaterials/Substrate/Glints2/dict_0006_0254.uexp" 2218
"../../../Engine/Content/EngineMaterials/Substrate/Glints2/dict_0006_0254.uasset" 2219
"../../../Engine/Content/EngineMaterials/Substrate/Glints2/dict_0001_0213.uasset" 2220
"../../../Engine/Content/EngineMaterials/Substrate/Glints2/dict_0001_0213.uexp" 2221
"../../../Engine/Content/EngineMaterials/Substrate/Glints2/dict_0006_0066.uasset" 2222
"../../../Engine/Content/EngineMaterials/Substrate/Glints2/dict_0006_0066.uexp" 2223
"../../../Engine/Content/EngineMaterials/Substrate/Glints2/dict_0003_0111.uexp" 2224
"../../../Engine/Content/EngineMaterials/Substrate/Glints2/dict_0003_0111.uasset" 2225
"../../../Engine/Content/EngineMaterials/Substrate/Glints2/dict_0004_0250.uasset" 2226
"../../../Engine/Content/EngineMaterials/Substrate/Glints2/dict_0004_0250.uexp" 2227
"../../../Engine/Content/EngineMaterials/Substrate/Glints2/dict_0004_0143.uasset" 2228
"../../../Engine/Content/EngineMaterials/Substrate/Glints2/dict_0004_0143.uexp" 2229
"../../../Engine/Content/EngineMaterials/Substrate/Glints2/dict_0004_0017.uasset" 2230
"../../../Engine/Content/EngineMaterials/Substrate/Glints2/dict_0004_0017.uexp" 2231
"../../../Engine/Content/EngineMaterials/Substrate/Glints2/dict_0004_0118.uasset" 2232
"../../../Engine/Content/EngineMaterials/Substrate/Glints2/dict_0004_0118.uexp" 2233
"../../../Engine/Content/EngineMaterials/Substrate/Glints2/dict_0006_0061.uexp" 2234
"../../../Engine/Content/EngineMaterials/Substrate/Glints2/dict_0006_0061.uasset" 2235
"../../../Engine/Content/EngineMaterials/Substrate/Glints2/dict_0006_0224.uasset" 2236
"../../../Engine/Content/EngineMaterials/Substrate/Glints2/dict_0006_0224.uexp" 2237
"../../../Engine/Content/EngineMaterials/Substrate/Glints2/dict_0006_0187.uasset" 2238
"../../../Engine/Content/EngineMaterials/Substrate/Glints2/dict_0006_0187.uexp" 2239
"../../../Engine/Content/EngineMaterials/Substrate/Glints2/dict_0000_0032.uasset" 2240
"../../../Engine/Content/EngineMaterials/Substrate/Glints2/dict_0000_0032.uexp" 2241
"../../../Engine/Content/EngineMaterials/Substrate/Glints2/dict_0005_0151.uexp" 2242
"../../../Engine/Content/EngineMaterials/Substrate/Glints2/dict_0005_0151.uasset" 2243
"../../../Engine/Content/EngineMaterials/Substrate/Glints2/dict_0004_0075.uexp" 2244
"../../../Engine/Content/EngineMaterials/Substrate/Glints2/dict_0004_0075.uasset" 2245
"../../../Engine/Content/EngineMaterials/Substrate/Glints2/dict_0001_0005.uexp" 2246
"../../../Engine/Content/EngineMaterials/Substrate/Glints2/dict_0001_0005.uasset" 2247
"../../../Engine/Content/EngineMaterials/Substrate/Glints2/dict_0004_0146.uexp" 2248
"../../../Engine/Content/EngineMaterials/Substrate/Glints2/dict_0004_0146.uasset" 2249
"../../../Engine/Content/EngineMaterials/Substrate/Glints2/dict_0001_0210.uexp" 2250
"../../../Engine/Content/EngineMaterials/Substrate/Glints2/dict_0001_0210.uasset" 2251
"../../../Engine/Content/EngineMaterials/Substrate/Glints2/dict_0001_0181.uexp" 2252
"../../../Engine/Content/EngineMaterials/Substrate/Glints2/dict_0001_0181.uasset" 2253
"../../../Engine/Content/EngineMaterials/Substrate/Glints2/dict_0000_0209.uexp" 2254
"../../../Engine/Content/EngineMaterials/Substrate/Glints2/dict_0000_0209.uasset" 2255
"../../../Engine/Content/EngineMaterials/Substrate/Glints2/dict_0001_0063.uasset" 2256
"../../../Engine/Content/EngineMaterials/Substrate/Glints2/dict_0001_0063.uexp" 2257
"../../../Engine/Content/EngineMaterials/Substrate/Glints2/dict_0003_0208.uasset" 2258
"../../../Engine/Content/EngineMaterials/Substrate/Glints2/dict_0003_0208.uexp" 2259
"../../../Engine/Content/EngineMaterials/Substrate/Glints2/dict_0001_0121.uexp" 2260
"../../../Engine/Content/EngineMaterials/Substrate/Glints2/dict_0001_0121.uasset" 2261
"../../../Engine/Content/EngineMaterials/Substrate/Glints2/dict_0000_0045.uasset" 2262
"../../../Engine/Content/EngineMaterials/Substrate/Glints2/dict_0000_0045.uexp" 2263
"../../../Engine/Content/EngineMaterials/Substrate/Glints2/dict_0002_0253.uexp" 2264
"../../../Engine/Content/EngineMaterials/Substrate/Glints2/dict_0002_0253.uasset" 2265
"../../../Engine/Content/EngineMaterials/Substrate/Glints2/dict_0007_0118.uasset" 2266
"../../../Engine/Content/EngineMaterials/Substrate/Glints2/dict_0007_0118.uexp" 2267
"../../../Engine/Content/EngineMaterials/Substrate/Glints2/dict_0002_0244.uexp" 2268
"../../../Engine/Content/EngineMaterials/Substrate/Glints2/dict_0002_0244.uasset" 2269
"../../../Engine/Content/EngineMaterials/Substrate/Glints2/dict_0002_0194.uasset" 2270
"../../../Engine/Content/EngineMaterials/Substrate/Glints2/dict_0002_0194.uexp" 2271
"../../../Engine/Content/EngineMaterials/Substrate/Glints2/dict_0005_0255.uasset" 2272
"../../../Engine/Content/EngineMaterials/Substrate/Glints2/dict_0005_0255.uexp" 2273
"../../../Engine/Content/EngineMaterials/Substrate/Glints2/dict_0001_0017.uexp" 2274
"../../../Engine/Content/EngineMaterials/Substrate/Glints2/dict_0001_0017.uasset" 2275
"../../../Engine/Content/EngineMaterials/Substrate/Glints2/dict_0003_0127.uexp" 2276
"../../../Engine/Content/EngineMaterials/Substrate/Glints2/dict_0003_0127.uasset" 2277
"../../../Engine/Content/EngineMaterials/Substrate/Glints2/dict_0001_0117.uexp" 2278
"../../../Engine/Content/EngineMaterials/Substrate/Glints2/dict_0001_0117.uasset" 2279
"../../../Engine/Content/EngineMaterials/Substrate/Glints2/dict_0001_0011.uexp" 2280
"../../../Engine/Content/EngineMaterials/Substrate/Glints2/dict_0001_0011.uasset" 2281
"../../../Engine/Content/EngineMaterials/Substrate/Glints2/dict_0006_0171.uexp" 2282
"../../../Engine/Content/EngineMaterials/Substrate/Glints2/dict_0006_0171.uasset" 2283
"../../../Engine/Content/EngineMaterials/Substrate/Glints2/dict_0003_0175.uasset" 2284
"../../../Engine/Content/EngineMaterials/Substrate/Glints2/dict_0003_0175.uexp" 2285
"../../../Engine/Content/EngineMaterials/Substrate/Glints2/dict_0000_0056.uasset" 2286
"../../../Engine/Content/EngineMaterials/Substrate/Glints2/dict_0000_0056.uexp" 2287
"../../../Engine/Content/EngineMaterials/Substrate/Glints2/dict_0007_0035.uexp" 2288
"../../../Engine/Content/EngineMaterials/Substrate/Glints2/dict_0007_0035.uasset" 2289
"../../../Engine/Content/EngineMaterials/Substrate/Glints2/dict_0001_0070.uexp" 2290
"../../../Engine/Content/EngineMaterials/Substrate/Glints2/dict_0001_0070.uasset" 2291
"../../../Engine/Content/EngineMaterials/Substrate/Glints2/dict_0006_0159.uexp" 2292
"../../../Engine/Content/EngineMaterials/Substrate/Glints2/dict_0006_0159.uasset" 2293
"../../../Engine/Content/EngineMaterials/Substrate/Glints2/dict_0004_0049.uasset" 2294
"../../../Engine/Content/EngineMaterials/Substrate/Glints2/dict_0004_0049.uexp" 2295
"../../../Engine/Content/EngineMaterials/Substrate/Glints2/dict_0004_0023.uexp" 2296
"../../../Engine/Content/EngineMaterials/Substrate/Glints2/dict_0004_0023.uasset" 2297
"../../../Engine/Content/EngineMaterials/Substrate/Glints2/dict_0001_0204.uexp" 2298
"../../../Engine/Content/EngineMaterials/Substrate/Glints2/dict_0001_0204.uasset" 2299
"../../../Engine/Content/EngineMaterials/Substrate/Glints2/dict_0004_0170.uexp" 2300
"../../../Engine/Content/EngineMaterials/Substrate/Glints2/dict_0004_0170.uasset" 2301
"../../../Engine/Content/EngineMaterials/Substrate/Glints2/dict_0004_0041.uasset" 2302
"../../../Engine/Content/EngineMaterials/Substrate/Glints2/dict_0004_0041.uexp" 2303
"../../../Engine/Content/EngineMaterials/Substrate/Glints2/dict_0003_0129.uasset" 2304
"../../../Engine/Content/EngineMaterials/Substrate/Glints2/dict_0003_0129.uexp" 2305
"../../../Engine/Content/EngineMaterials/Substrate/Glints2/dict_0005_0191.uasset" 2306
"../../../Engine/Content/EngineMaterials/Substrate/Glints2/dict_0005_0191.uexp" 2307
"../../../Engine/Content/EngineMaterials/Substrate/Glints2/dict_0007_0030.uasset" 2308
"../../../Engine/Content/EngineMaterials/Substrate/Glints2/dict_0007_0030.uexp" 2309
"../../../Engine/Content/EngineMaterials/Substrate/Glints2/dict_0004_0042.uexp" 2310
"../../../Engine/Content/EngineMaterials/Substrate/Glints2/dict_0004_0042.uasset" 2311
"../../../Engine/Content/EngineMaterials/Substrate/Glints2/dict_0005_0100.uexp" 2312
"../../../Engine/Content/EngineMaterials/Substrate/Glints2/dict_0005_0100.uasset" 2313
"../../../Engine/Content/EngineMaterials/Substrate/Glints2/dict_0004_0244.uasset" 2314
"../../../Engine/Content/EngineMaterials/Substrate/Glints2/dict_0004_0244.uexp" 2315
"../../../Engine/Content/EngineMaterials/Substrate/Glints2/dict_0001_0152.uexp" 2316
"../../../Engine/Content/EngineMaterials/Substrate/Glints2/dict_0001_0152.uasset" 2317
"../../../Engine/Content/EngineMaterials/Substrate/Glints2/dict_0004_0180.uasset" 2318
"../../../Engine/Content/EngineMaterials/Substrate/Glints2/dict_0004_0180.uexp" 2319
"../../../Engine/Content/EngineMaterials/Substrate/Glints2/dict_0001_0214.uexp" 2320
"../../../Engine/Content/EngineMaterials/Substrate/Glints2/dict_0001_0214.uasset" 2321
"../../../Engine/Content/EngineMaterials/Substrate/Glints2/dict_0001_0048.uexp" 2322
"../../../Engine/Content/EngineMaterials/Substrate/Glints2/dict_0001_0048.uasset" 2323
"../../../Engine/Content/EngineMaterials/Substrate/Glints2/dict_0007_0142.uexp" 2324
"../../../Engine/Content/EngineMaterials/Substrate/Glints2/dict_0007_0142.uasset" 2325
"../../../Engine/Content/EngineMaterials/Substrate/Glints2/dict_0005_0126.uexp" 2326
"../../../Engine/Content/EngineMaterials/Substrate/Glints2/dict_0005_0126.uasset" 2327
"../../../Engine/Content/EngineMaterials/Substrate/Glints2/dict_0001_0182.uasset" 2328
"../../../Engine/Content/EngineMaterials/Substrate/Glints2/dict_0001_0182.uexp" 2329
"../../../Engine/Content/EngineMaterials/Substrate/Glints2/dict_0007_0126.uasset" 2330
"../../../Engine/Content/EngineMaterials/Substrate/Glints2/dict_0007_0126.uexp" 2331
"../../../Engine/Content/EngineMaterials/Substrate/Glints2/dict_0002_0041.uasset" 2332
"../../../Engine/Content/EngineMaterials/Substrate/Glints2/dict_0002_0041.uexp" 2333
"../../../Engine/Content/EngineMaterials/Substrate/Glints2/dict_0000_0113.uasset" 2334
"../../../Engine/Content/EngineMaterials/Substrate/Glints2/dict_0000_0113.uexp" 2335
"../../../Engine/Content/EngineMaterials/Substrate/Glints2/dict_0006_0005.uasset" 2336
"../../../Engine/Content/EngineMaterials/Substrate/Glints2/dict_0006_0005.uexp" 2337
"../../../Engine/Content/EngineMaterials/Substrate/Glints2/dict_0004_0076.uasset" 2338
"../../../Engine/Content/EngineMaterials/Substrate/Glints2/dict_0004_0076.uexp" 2339
"../../../Engine/Content/EngineMaterials/Substrate/Glints2/dict_0004_0251.uexp" 2340
"../../../Engine/Content/EngineMaterials/Substrate/Glints2/dict_0004_0251.uasset" 2341
"../../../Engine/Content/EngineMaterials/Substrate/Glints2/dict_0003_0028.uexp" 2342
"../../../Engine/Content/EngineMaterials/Substrate/Glints2/dict_0003_0028.uasset" 2343
"../../../Engine/Content/EngineMaterials/Substrate/Glints2/dict_0001_0168.uexp" 2344
"../../../Engine/Content/EngineMaterials/Substrate/Glints2/dict_0001_0168.uasset" 2345
"../../../Engine/Content/EngineMaterials/Substrate/Glints2/dict_0006_0229.uasset" 2346
"../../../Engine/Content/EngineMaterials/Substrate/Glints2/dict_0006_0229.uexp" 2347
"../../../Engine/Content/EngineMaterials/Substrate/Glints2/dict_0000_0115.uexp" 2348
"../../../Engine/Content/EngineMaterials/Substrate/Glints2/dict_0000_0115.uasset" 2349
"../../../Engine/Content/EngineMaterials/Substrate/Glints2/dict_0000_0013.uasset" 2350
"../../../Engine/Content/EngineMaterials/Substrate/Glints2/dict_0000_0013.uexp" 2351
"../../../Engine/Content/EngineMaterials/Substrate/Glints2/dict_0002_0225.uasset" 2352
"../../../Engine/Content/EngineMaterials/Substrate/Glints2/dict_0002_0225.uexp" 2353
"../../../Engine/Content/EngineMaterials/Substrate/Glints2/dict_0003_0196.uasset" 2354
"../../../Engine/Content/EngineMaterials/Substrate/Glints2/dict_0003_0196.uexp" 2355
"../../../Engine/Content/EngineMaterials/Substrate/Glints2/dict_0006_0078.uasset" 2356
"../../../Engine/Content/EngineMaterials/Substrate/Glints2/dict_0006_0078.uexp" 2357
"../../../Engine/Content/EngineMaterials/Substrate/Glints2/dict_0007_0166.uasset" 2358
"../../../Engine/Content/EngineMaterials/Substrate/Glints2/dict_0007_0166.uexp" 2359
"../../../Engine/Content/EngineMaterials/Substrate/Glints2/dict_0004_0144.uasset" 2360
"../../../Engine/Content/EngineMaterials/Substrate/Glints2/dict_0004_0144.uexp" 2361
"../../../Engine/Content/EngineMaterials/Substrate/Glints2/dict_0000_0049.uasset" 2362
"../../../Engine/Content/EngineMaterials/Substrate/Glints2/dict_0000_0049.uexp" 2363
"../../../Engine/Content/EngineMaterials/Substrate/Glints2/dict_0001_0004.uasset" 2364
"../../../Engine/Content/EngineMaterials/Substrate/Glints2/dict_0001_0004.uexp" 2365
"../../../Engine/Content/EngineMaterials/Substrate/Glints2/dict_0006_0205.uasset" 2366
"../../../Engine/Content/EngineMaterials/Substrate/Glints2/dict_0006_0205.uexp" 2367
"../../../Engine/Content/EngineMaterials/Substrate/Glints2/dict_0002_0173.uasset" 2368
"../../../Engine/Content/EngineMaterials/Substrate/Glints2/dict_0002_0173.uexp" 2369
"../../../Engine/Content/EngineMaterials/Substrate/Glints2/dict_0007_0134.uexp" 2370
"../../../Engine/Content/EngineMaterials/Substrate/Glints2/dict_0007_0134.uasset" 2371
"../../../Engine/Content/EngineMaterials/Substrate/Glints2/dict_0002_0156.uexp" 2372
"../../../Engine/Content/EngineMaterials/Substrate/Glints2/dict_0002_0156.uasset" 2373
"../../../Engine/Content/EngineMaterials/Substrate/Glints2/dict_0006_0070.uexp" 2374
"../../../Engine/Content/EngineMaterials/Substrate/Glints2/dict_0006_0070.uasset" 2375
"../../../Engine/Content/EngineMaterials/Substrate/Glints2/dict_0000_0169.uexp" 2376
"../../../Engine/Content/EngineMaterials/Substrate/Glints2/dict_0000_0169.uasset" 2377
"../../../Engine/Content/EngineMaterials/Substrate/Glints2/dict_0003_0125.uasset" 2378
"../../../Engine/Content/EngineMaterials/Substrate/Glints2/dict_0003_0125.uexp" 2379
"../../../Engine/Content/EngineMaterials/Substrate/Glints2/dict_0007_0124.uexp" 2380
"../../../Engine/Content/EngineMaterials/Substrate/Glints2/dict_0007_0124.uasset" 2381
"../../../Engine/Content/EngineMaterials/Substrate/Glints2/dict_0003_0107.uasset" 2382
"../../../Engine/Content/EngineMaterials/Substrate/Glints2/dict_0003_0107.uexp" 2383
"../../../Engine/Content/EngineMaterials/Substrate/Glints2/dict_0007_0165.uasset" 2384
"../../../Engine/Content/EngineMaterials/Substrate/Glints2/dict_0007_0165.uexp" 2385
"../../../Engine/Content/EngineMaterials/Substrate/Glints2/dict_0003_0002.uexp" 2386
"../../../Engine/Content/EngineMaterials/Substrate/Glints2/dict_0003_0002.uasset" 2387
"../../../Engine/Content/EngineMaterials/Substrate/Glints2/dict_0002_0121.uexp" 2388
"../../../Engine/Content/EngineMaterials/Substrate/Glints2/dict_0002_0121.uasset" 2389
"../../../Engine/Content/EngineMaterials/Substrate/Glints2/dict_0002_0022.uexp" 2390
"../../../Engine/Content/EngineMaterials/Substrate/Glints2/dict_0002_0022.uasset" 2391
"../../../Engine/Content/EngineMaterials/Substrate/Glints2/dict_0006_0031.uasset" 2392
"../../../Engine/Content/EngineMaterials/Substrate/Glints2/dict_0006_0031.uexp" 2393
"../../../Engine/Content/EngineMaterials/Substrate/Glints2/dict_0003_0122.uasset" 2394
"../../../Engine/Content/EngineMaterials/Substrate/Glints2/dict_0003_0122.uexp" 2395
"../../../Engine/Content/EngineMaterials/Substrate/Glints2/dict_0004_0084.uasset" 2396
"../../../Engine/Content/EngineMaterials/Substrate/Glints2/dict_0004_0084.uexp" 2397
"../../../Engine/Content/EngineMaterials/Substrate/Glints2/dict_0003_0052.uexp" 2398
"../../../Engine/Content/EngineMaterials/Substrate/Glints2/dict_0003_0052.uasset" 2399
"../../../Engine/Content/EngineMaterials/Substrate/Glints2/dict_0003_0142.uasset" 2400
"../../../Engine/Content/EngineMaterials/Substrate/Glints2/dict_0003_0142.uexp" 2401
"../../../Engine/Content/EngineMaterials/Substrate/Glints2/dict_0004_0110.uexp" 2402
"../../../Engine/Content/EngineMaterials/Substrate/Glints2/dict_0004_0110.uasset" 2403
"../../../Engine/Content/EngineMaterials/Substrate/Glints2/dict_0002_0029.uexp" 2404
"../../../Engine/Content/EngineMaterials/Substrate/Glints2/dict_0002_0029.uasset" 2405
"../../../Engine/Content/EngineMaterials/Substrate/Glints2/dict_0007_0070.uexp" 2406
"../../../Engine/Content/EngineMaterials/Substrate/Glints2/dict_0007_0070.uasset" 2407
"../../../Engine/Content/EngineMaterials/Substrate/Glints2/dict_0002_0197.uexp" 2408
"../../../Engine/Content/EngineMaterials/Substrate/Glints2/dict_0002_0197.uasset" 2409
"../../../Engine/Content/EngineMaterials/Substrate/Glints2/dict_0006_0073.uexp" 2410
"../../../Engine/Content/EngineMaterials/Substrate/Glints2/dict_0006_0073.uasset" 2411
"../../../Engine/Content/EngineMaterials/Substrate/Glints2/dict_0001_0226.uexp" 2412
"../../../Engine/Content/EngineMaterials/Substrate/Glints2/dict_0001_0226.uasset" 2413
"../../../Engine/Content/EngineMaterials/Substrate/Glints2/dict_0003_0108.uexp" 2414
"../../../Engine/Content/EngineMaterials/Substrate/Glints2/dict_0003_0108.uasset" 2415
"../../../Engine/Content/EngineMaterials/Substrate/Glints2/dict_0002_0030.uasset" 2416
"../../../Engine/Content/EngineMaterials/Substrate/Glints2/dict_0002_0030.uexp" 2417
"../../../Engine/Content/EngineMaterials/Substrate/Glints2/dict_0004_0000.uasset" 2418
"../../../Engine/Content/EngineMaterials/Substrate/Glints2/dict_0004_0000.uexp" 2419
"../../../Engine/Content/EngineMaterials/Substrate/Glints2/dict_0004_0115.uexp" 2420
"../../../Engine/Content/EngineMaterials/Substrate/Glints2/dict_0004_0115.uasset" 2421
"../../../Engine/Content/EngineMaterials/Substrate/Glints2/dict_0006_0120.uasset" 2422
"../../../Engine/Content/EngineMaterials/Substrate/Glints2/dict_0006_0120.uexp" 2423
"../../../Engine/Content/EngineMaterials/Substrate/Glints2/dict_0001_0136.uasset" 2424
"../../../Engine/Content/EngineMaterials/Substrate/Glints2/dict_0001_0136.uexp" 2425
"../../../Engine/Content/EngineMaterials/Substrate/Glints2/dict_0006_0161.uexp" 2426
"../../../Engine/Content/EngineMaterials/Substrate/Glints2/dict_0006_0161.uasset" 2427
"../../../Engine/Content/EngineMaterials/Substrate/Glints2/dict_0002_0057.uasset" 2428
"../../../Engine/Content/EngineMaterials/Substrate/Glints2/dict_0002_0057.uexp" 2429
"../../../Engine/Content/EngineMaterials/Substrate/Glints2/dict_0001_0154.uexp" 2430
"../../../Engine/Content/EngineMaterials/Substrate/Glints2/dict_0001_0154.uasset" 2431
"../../../Engine/Content/EngineMaterials/Substrate/Glints2/dict_0000_0075.uexp" 2432
"../../../Engine/Content/EngineMaterials/Substrate/Glints2/dict_0000_0075.uasset" 2433
"../../../Engine/Content/EngineMaterials/Substrate/Glints2/dict_0006_0091.uasset" 2434
"../../../Engine/Content/EngineMaterials/Substrate/Glints2/dict_0006_0091.uexp" 2435
"../../../Engine/Content/EngineMaterials/Substrate/Glints2/dict_0005_0204.uexp" 2436
"../../../Engine/Content/EngineMaterials/Substrate/Glints2/dict_0005_0204.uasset" 2437
"../../../Engine/Content/EngineMaterials/Substrate/Glints2/dict_0001_0166.uexp" 2438
"../../../Engine/Content/EngineMaterials/Substrate/Glints2/dict_0001_0166.uasset" 2439
"../../../Engine/Content/EngineMaterials/Substrate/Glints2/dict_0000_0086.uasset" 2440
"../../../Engine/Content/EngineMaterials/Substrate/Glints2/dict_0000_0086.uexp" 2441
"../../../Engine/Content/EngineMaterials/Substrate/Glints2/dict_0005_0033.uexp" 2442
"../../../Engine/Content/EngineMaterials/Substrate/Glints2/dict_0005_0033.uasset" 2443
"../../../Engine/Content/EngineMaterials/Substrate/Glints2/dict_0001_0212.uexp" 2444
"../../../Engine/Content/EngineMaterials/Substrate/Glints2/dict_0001_0212.uasset" 2445
"../../../Engine/Content/EngineMaterials/Substrate/Glints2/dict_0002_0218.uexp" 2446
"../../../Engine/Content/EngineMaterials/Substrate/Glints2/dict_0002_0218.uasset" 2447
"../../../Engine/Content/EngineMaterials/Substrate/Glints2/dict_0006_0011.uexp" 2448
"../../../Engine/Content/EngineMaterials/Substrate/Glints2/dict_0006_0011.uasset" 2449
"../../../Engine/Content/EngineMaterials/Substrate/Glints2/dict_0004_0124.uasset" 2450
"../../../Engine/Content/EngineMaterials/Substrate/Glints2/dict_0004_0124.uexp" 2451
"../../../Engine/Content/EngineMaterials/Substrate/Glints2/dict_0007_0005.uasset" 2452
"../../../Engine/Content/EngineMaterials/Substrate/Glints2/dict_0007_0005.uexp" 2453
"../../../Engine/Content/EngineMaterials/Substrate/Glints2/dict_0007_0216.uexp" 2454
"../../../Engine/Content/EngineMaterials/Substrate/Glints2/dict_0007_0216.uasset" 2455
"../../../Engine/Content/EngineMaterials/Substrate/Glints2/dict_0003_0030.uasset" 2456
"../../../Engine/Content/EngineMaterials/Substrate/Glints2/dict_0003_0030.uexp" 2457
"../../../Engine/Content/EngineMaterials/Substrate/Glints2/dict_0001_0053.uasset" 2458
"../../../Engine/Content/EngineMaterials/Substrate/Glints2/dict_0001_0053.uexp" 2459
"../../../Engine/Content/EngineMaterials/Substrate/Glints2/dict_0004_0206.uexp" 2460
"../../../Engine/Content/EngineMaterials/Substrate/Glints2/dict_0004_0206.uasset" 2461
"../../../Engine/Content/EngineMaterials/Substrate/Glints2/dict_0006_0076.uasset" 2462
"../../../Engine/Content/EngineMaterials/Substrate/Glints2/dict_0006_0076.uexp" 2463
"../../../Engine/Content/EngineMaterials/Substrate/Glints2/dict_0002_0070.uexp" 2464
"../../../Engine/Content/EngineMaterials/Substrate/Glints2/dict_0002_0070.uasset" 2465
"../../../Engine/Content/EngineMaterials/Substrate/Glints2/dict_0004_0031.uexp" 2466
"../../../Engine/Content/EngineMaterials/Substrate/Glints2/dict_0004_0031.uasset" 2467
"../../../Engine/Content/EngineMaterials/Substrate/Glints2/dict_0005_0007.uasset" 2468
"../../../Engine/Content/EngineMaterials/Substrate/Glints2/dict_0005_0007.uexp" 2469
"../../../Engine/Content/EngineMaterials/Substrate/Glints2/dict_0002_0249.uexp" 2470
"../../../Engine/Content/EngineMaterials/Substrate/Glints2/dict_0002_0249.uasset" 2471
"../../../Engine/Content/EngineMaterials/Substrate/Glints2/dict_0000_0135.uasset" 2472
"../../../Engine/Content/EngineMaterials/Substrate/Glints2/dict_0000_0135.uexp" 2473
"../../../Engine/Content/EngineMaterials/Substrate/Glints2/dict_0000_0210.uexp" 2474
"../../../Engine/Content/EngineMaterials/Substrate/Glints2/dict_0000_0210.uasset" 2475
"../../../Engine/Content/EngineMaterials/Substrate/Glints2/dict_0006_0123.uasset" 2476
"../../../Engine/Content/EngineMaterials/Substrate/Glints2/dict_0006_0123.uexp" 2477
"../../../Engine/Content/EngineMaterials/Substrate/Glints2/dict_0001_0076.uexp" 2478
"../../../Engine/Content/EngineMaterials/Substrate/Glints2/dict_0001_0076.uasset" 2479
"../../../Engine/Content/EngineMaterials/Substrate/Glints2/dict_0000_0207.uexp" 2480
"../../../Engine/Content/EngineMaterials/Substrate/Glints2/dict_0000_0207.uasset" 2481
"../../../Engine/Content/EngineMaterials/Substrate/Glints2/dict_0007_0083.uexp" 2482
"../../../Engine/Content/EngineMaterials/Substrate/Glints2/dict_0007_0083.uasset" 2483
"../../../Engine/Content/EngineMaterials/Substrate/Glints2/dict_0006_0180.uexp" 2484
"../../../Engine/Content/EngineMaterials/Substrate/Glints2/dict_0006_0180.uasset" 2485
"../../../Engine/Content/EngineMaterials/Substrate/Glints2/dict_0007_0010.uexp" 2486
"../../../Engine/Content/EngineMaterials/Substrate/Glints2/dict_0007_0010.uasset" 2487
"../../../Engine/Content/EngineMaterials/Substrate/Glints2/dict_0000_0121.uasset" 2488
"../../../Engine/Content/EngineMaterials/Substrate/Glints2/dict_0000_0121.uexp" 2489
"../../../Engine/Content/EngineMaterials/Substrate/Glints2/dict_0002_0081.uexp" 2490
"../../../Engine/Content/EngineMaterials/Substrate/Glints2/dict_0002_0081.uasset" 2491
"../../../Engine/Content/EngineMaterials/Substrate/Glints2/dict_0003_0053.uexp" 2492
"../../../Engine/Content/EngineMaterials/Substrate/Glints2/dict_0003_0053.uasset" 2493
"../../../Engine/Content/EngineMaterials/Substrate/Glints2/dict_0002_0071.uasset" 2494
"../../../Engine/Content/EngineMaterials/Substrate/Glints2/dict_0002_0071.uexp" 2495
"../../../Engine/Content/EngineMaterials/Substrate/Glints2/dict_0007_0045.uasset" 2496
"../../../Engine/Content/EngineMaterials/Substrate/Glints2/dict_0007_0045.uexp" 2497
"../../../Engine/Content/EngineMaterials/Substrate/Glints2/dict_0005_0092.uasset" 2498
"../../../Engine/Content/EngineMaterials/Substrate/Glints2/dict_0005_0092.uexp" 2499
"../../../Engine/Content/EngineMaterials/Substrate/Glints2/dict_0000_0117.uasset" 2500
"../../../Engine/Content/EngineMaterials/Substrate/Glints2/dict_0000_0117.uexp" 2501
"../../../Engine/Content/EngineMaterials/Substrate/Glints2/dict_0005_0086.uexp" 2502
"../../../Engine/Content/EngineMaterials/Substrate/Glints2/dict_0005_0086.uasset" 2503
"../../../Engine/Content/EngineMaterials/Substrate/Glints2/dict_0006_0226.uexp" 2504
"../../../Engine/Content/EngineMaterials/Substrate/Glints2/dict_0006_0226.uasset" 2505
"../../../Engine/Content/EngineMaterials/Substrate/Glints2/dict_0003_0045.uexp" 2506
"../../../Engine/Content/EngineMaterials/Substrate/Glints2/dict_0003_0045.uasset" 2507
"../../../Engine/Content/EngineMaterials/Substrate/Glints2/dict_0001_0108.uexp" 2508
"../../../Engine/Content/EngineMaterials/Substrate/Glints2/dict_0001_0108.uasset" 2509
"../../../Engine/Content/EngineMaterials/Substrate/Glints2/dict_0005_0150.uasset" 2510
"../../../Engine/Content/EngineMaterials/Substrate/Glints2/dict_0005_0150.uexp" 2511
"../../../Engine/Content/EngineMaterials/Substrate/Glints2/dict_0005_0015.uasset" 2512
"../../../Engine/Content/EngineMaterials/Substrate/Glints2/dict_0005_0015.uexp" 2513
"../../../Engine/Content/EngineMaterials/Substrate/Glints2/dict_0001_0179.uasset" 2514
"../../../Engine/Content/EngineMaterials/Substrate/Glints2/dict_0001_0179.uexp" 2515
"../../../Engine/Content/EngineMaterials/Substrate/Glints2/dict_0006_0054.uasset" 2516
"../../../Engine/Content/EngineMaterials/Substrate/Glints2/dict_0006_0054.uexp" 2517
"../../../Engine/Content/EngineMaterials/Substrate/Glints2/dict_0002_0079.uasset" 2518
"../../../Engine/Content/EngineMaterials/Substrate/Glints2/dict_0002_0079.uexp" 2519
"../../../Engine/Content/EngineMaterials/Substrate/Glints2/dict_0002_0084.uasset" 2520
"../../../Engine/Content/EngineMaterials/Substrate/Glints2/dict_0002_0084.uexp" 2521
"../../../Engine/Content/EngineMaterials/Substrate/Glints2/dict_0001_0228.uexp" 2522
"../../../Engine/Content/EngineMaterials/Substrate/Glints2/dict_0001_0228.uasset" 2523
"../../../Engine/Content/EngineMaterials/Substrate/Glints2/dict_0007_0232.uasset" 2524
"../../../Engine/Content/EngineMaterials/Substrate/Glints2/dict_0007_0232.uexp" 2525
"../../../Engine/Content/EngineMaterials/Substrate/Glints2/dict_0000_0023.uasset" 2526
"../../../Engine/Content/EngineMaterials/Substrate/Glints2/dict_0000_0023.uexp" 2527
"../../../Engine/Content/EngineMaterials/Substrate/Glints2/dict_0001_0253.uexp" 2528
"../../../Engine/Content/EngineMaterials/Substrate/Glints2/dict_0001_0253.uasset" 2529
"../../../Engine/Content/EngineMaterials/Substrate/Glints2/dict_0001_0077.uexp" 2530
"../../../Engine/Content/EngineMaterials/Substrate/Glints2/dict_0001_0077.uasset" 2531
"../../../Engine/Content/EngineMaterials/Substrate/Glints2/dict_0002_0165.uasset" 2532
"../../../Engine/Content/EngineMaterials/Substrate/Glints2/dict_0002_0165.uexp" 2533
"../../../Engine/Content/EngineMaterials/Substrate/Glints2/dict_0001_0060.uexp" 2534
"../../../Engine/Content/EngineMaterials/Substrate/Glints2/dict_0001_0060.uasset" 2535
"../../../Engine/Content/EngineMaterials/Substrate/Glints2/dict_0001_0096.uasset" 2536
"../../../Engine/Content/EngineMaterials/Substrate/Glints2/dict_0001_0096.uexp" 2537
"../../../Engine/Content/EngineMaterials/Substrate/Glints2/dict_0007_0103.uexp" 2538
"../../../Engine/Content/EngineMaterials/Substrate/Glints2/dict_0007_0103.uasset" 2539
"../../../Engine/Content/EngineMaterials/Substrate/Glints2/dict_0003_0157.uexp" 2540
"../../../Engine/Content/EngineMaterials/Substrate/Glints2/dict_0003_0157.uasset" 2541
"../../../Engine/Content/EngineMaterials/Substrate/Glints2/dict_0006_0045.uexp" 2542
"../../../Engine/Content/EngineMaterials/Substrate/Glints2/dict_0006_0045.uasset" 2543
"../../../Engine/Content/EngineMaterials/Substrate/Glints2/dict_0004_0056.uasset" 2544
"../../../Engine/Content/EngineMaterials/Substrate/Glints2/dict_0004_0056.uexp" 2545
"../../../Engine/Content/EngineMaterials/Substrate/Glints2/dict_0000_0140.uasset" 2546
"../../../Engine/Content/EngineMaterials/Substrate/Glints2/dict_0000_0140.uexp" 2547
"../../../Engine/Content/EngineMaterials/Substrate/Glints2/dict_0001_0155.uasset" 2548
"../../../Engine/Content/EngineMaterials/Substrate/Glints2/dict_0001_0155.uexp" 2549
"../../../Engine/Content/EngineMaterials/Substrate/Glints2/dict_0003_0007.uasset" 2550
"../../../Engine/Content/EngineMaterials/Substrate/Glints2/dict_0003_0007.uexp" 2551
"../../../Engine/Content/EngineMaterials/Substrate/Glints2/dict_0003_0120.uexp" 2552
"../../../Engine/Content/EngineMaterials/Substrate/Glints2/dict_0003_0120.uasset" 2553
"../../../Engine/Content/EngineMaterials/Substrate/Glints2/dict_0000_0219.uexp" 2554
"../../../Engine/Content/EngineMaterials/Substrate/Glints2/dict_0000_0219.uasset" 2555
"../../../Engine/Content/EngineMaterials/Substrate/Glints2/dict_0007_0176.uasset" 2556
"../../../Engine/Content/EngineMaterials/Substrate/Glints2/dict_0007_0176.uexp" 2557
"../../../Engine/Content/EngineMaterials/Substrate/Glints2/dict_0006_0096.uexp" 2558
"../../../Engine/Content/EngineMaterials/Substrate/Glints2/dict_0006_0096.uasset" 2559
"../../../Engine/Content/EngineMaterials/Substrate/Glints2/dict_0000_0017.uasset" 2560
"../../../Engine/Content/EngineMaterials/Substrate/Glints2/dict_0000_0017.uexp" 2561
"../../../Engine/Content/EngineMaterials/Substrate/Glints2/dict_0006_0052.uasset" 2562
"../../../Engine/Content/EngineMaterials/Substrate/Glints2/dict_0006_0052.uexp" 2563
"../../../Engine/Content/EngineMaterials/Substrate/Glints2/dict_0000_0156.uasset" 2564
"../../../Engine/Content/EngineMaterials/Substrate/Glints2/dict_0000_0156.uexp" 2565
"../../../Engine/Content/EngineMaterials/Substrate/Glints2/dict_0006_0085.uexp" 2566
"../../../Engine/Content/EngineMaterials/Substrate/Glints2/dict_0006_0085.uasset" 2567
"../../../Engine/Content/EngineMaterials/Substrate/Glints2/dict_0002_0161.uasset" 2568
"../../../Engine/Content/EngineMaterials/Substrate/Glints2/dict_0002_0161.uexp" 2569
"../../../Engine/Content/EngineMaterials/Substrate/Glints2/dict_0002_0205.uasset" 2570
"../../../Engine/Content/EngineMaterials/Substrate/Glints2/dict_0002_0205.uexp" 2571
"../../../Engine/Content/EngineMaterials/Substrate/Glints2/dict_0004_0053.uexp" 2572
"../../../Engine/Content/EngineMaterials/Substrate/Glints2/dict_0004_0053.uasset" 2573
"../../../Engine/Content/EngineMaterials/Substrate/Glints2/dict_0007_0233.uasset" 2574
"../../../Engine/Content/EngineMaterials/Substrate/Glints2/dict_0007_0233.uexp" 2575
"../../../Engine/Content/EngineMaterials/Substrate/Glints2/dict_0005_0237.uexp" 2576
"../../../Engine/Content/EngineMaterials/Substrate/Glints2/dict_0005_0237.uasset" 2577
"../../../Engine/Content/EngineMaterials/Substrate/Glints2/dict_0003_0094.uexp" 2578
"../../../Engine/Content/EngineMaterials/Substrate/Glints2/dict_0003_0094.uasset" 2579
"../../../Engine/Content/EngineMaterials/Substrate/Glints2/dict_0000_0072.uasset" 2580
"../../../Engine/Content/EngineMaterials/Substrate/Glints2/dict_0000_0072.uexp" 2581
"../../../Engine/Content/EngineMaterials/Substrate/Glints2/dict_0007_0031.uexp" 2582
"../../../Engine/Content/EngineMaterials/Substrate/Glints2/dict_0007_0031.uasset" 2583
"../../../Engine/Content/EngineMaterials/Substrate/Glints2/dict_0006_0017.uasset" 2584
"../../../Engine/Content/EngineMaterials/Substrate/Glints2/dict_0006_0017.uexp" 2585
"../../../Engine/Content/EngineMaterials/Substrate/Glints2/dict_0004_0166.uexp" 2586
"../../../Engine/Content/EngineMaterials/Substrate/Glints2/dict_0004_0166.uasset" 2587
"../../../Engine/Content/EngineMaterials/Substrate/Glints2/dict_0001_0093.uexp" 2588
"../../../Engine/Content/EngineMaterials/Substrate/Glints2/dict_0001_0093.uasset" 2589
"../../../Engine/Content/EngineMaterials/Substrate/Glints2/dict_0004_0012.uasset" 2590
"../../../Engine/Content/EngineMaterials/Substrate/Glints2/dict_0004_0012.uexp" 2591
"../../../Engine/Content/EngineMaterials/Substrate/Glints2/dict_0007_0186.uexp" 2592
"../../../Engine/Content/EngineMaterials/Substrate/Glints2/dict_0007_0186.uasset" 2593
"../../../Engine/Content/EngineMaterials/Substrate/Glints2/dict_0002_0035.uexp" 2594
"../../../Engine/Content/EngineMaterials/Substrate/Glints2/dict_0002_0035.uasset" 2595
"../../../Engine/Content/EngineMaterials/Substrate/Glints2/dict_0005_0047.uasset" 2596
"../../../Engine/Content/EngineMaterials/Substrate/Glints2/dict_0005_0047.uexp" 2597
"../../../Engine/Content/EngineMaterials/Substrate/Glints2/dict_0006_0115.uexp" 2598
"../../../Engine/Content/EngineMaterials/Substrate/Glints2/dict_0006_0115.uasset" 2599
"../../../Engine/Content/EngineMaterials/Substrate/Glints2/dict_0004_0154.uexp" 2600
"../../../Engine/Content/EngineMaterials/Substrate/Glints2/dict_0004_0154.uasset" 2601
"../../../Engine/Content/EngineMaterials/Substrate/Glints2/dict_0007_0244.uasset" 2602
"../../../Engine/Content/EngineMaterials/Substrate/Glints2/dict_0007_0244.uexp" 2603
"../../../Engine/Content/EngineMaterials/Substrate/Glints2/dict_0001_0087.uexp" 2604
"../../../Engine/Content/EngineMaterials/Substrate/Glints2/dict_0001_0087.uasset" 2605
"../../../Engine/Content/EngineMaterials/Substrate/Glints2/dict_0002_0044.uexp" 2606
"../../../Engine/Content/EngineMaterials/Substrate/Glints2/dict_0002_0044.uasset" 2607
"../../../Engine/Content/EngineMaterials/Substrate/Glints2/dict_0000_0038.uasset" 2608
"../../../Engine/Content/EngineMaterials/Substrate/Glints2/dict_0000_0038.uexp" 2609
"../../../Engine/Content/EngineMaterials/Substrate/Glints2/dict_0005_0010.uasset" 2610
"../../../Engine/Content/EngineMaterials/Substrate/Glints2/dict_0005_0010.uexp" 2611
"../../../Engine/Content/EngineMaterials/Substrate/Glints2/dict_0003_0015.uasset" 2612
"../../../Engine/Content/EngineMaterials/Substrate/Glints2/dict_0003_0015.uexp" 2613
"../../../Engine/Content/EngineMaterials/Substrate/Glints2/dict_0006_0104.uexp" 2614
"../../../Engine/Content/EngineMaterials/Substrate/Glints2/dict_0006_0104.uasset" 2615
"../../../Engine/Content/EngineMaterials/Substrate/Glints2/dict_0005_0202.uasset" 2616
"../../../Engine/Content/EngineMaterials/Substrate/Glints2/dict_0005_0202.uexp" 2617
"../../../Engine/Content/EngineMaterials/Substrate/Glints2/dict_0004_0088.uasset" 2618
"../../../Engine/Content/EngineMaterials/Substrate/Glints2/dict_0004_0088.uexp" 2619
"../../../Engine/Content/EngineMaterials/Substrate/Glints2/dict_0002_0186.uasset" 2620
"../../../Engine/Content/EngineMaterials/Substrate/Glints2/dict_0002_0186.uexp" 2621
"../../../Engine/Content/EngineMaterials/Substrate/Glints2/dict_0002_0072.uexp" 2622
"../../../Engine/Content/EngineMaterials/Substrate/Glints2/dict_0002_0072.uasset" 2623
"../../../Engine/Content/EngineMaterials/Substrate/Glints2/dict_0000_0095.uasset" 2624
"../../../Engine/Content/EngineMaterials/Substrate/Glints2/dict_0000_0095.uexp" 2625
"../../../Engine/Content/EngineMaterials/Substrate/Glints2/dict_0002_0177.uasset" 2626
"../../../Engine/Content/EngineMaterials/Substrate/Glints2/dict_0002_0177.uexp" 2627
"../../../Engine/Content/EngineMaterials/Substrate/Glints2/dict_0003_0011.uasset" 2628
"../../../Engine/Content/EngineMaterials/Substrate/Glints2/dict_0003_0011.uexp" 2629
"../../../Engine/Content/EngineMaterials/Substrate/Glints2/dict_0007_0060.uexp" 2630
"../../../Engine/Content/EngineMaterials/Substrate/Glints2/dict_0007_0060.uasset" 2631
"../../../Engine/Content/EngineMaterials/Substrate/Glints2/dict_0006_0035.uasset" 2632
"../../../Engine/Content/EngineMaterials/Substrate/Glints2/dict_0006_0035.uexp" 2633
"../../../Engine/Content/EngineMaterials/Substrate/Glints2/dict_0005_0001.uasset" 2634
"../../../Engine/Content/EngineMaterials/Substrate/Glints2/dict_0005_0001.uexp" 2635
"../../../Engine/Content/EngineMaterials/Substrate/Glints2/dict_0005_0046.uasset" 2636
"../../../Engine/Content/EngineMaterials/Substrate/Glints2/dict_0005_0046.uexp" 2637
"../../../Engine/Content/EngineMaterials/Substrate/Glints2/dict_0000_0047.uexp" 2638
"../../../Engine/Content/EngineMaterials/Substrate/Glints2/dict_0000_0047.uasset" 2639
"../../../Engine/Content/EngineMaterials/Substrate/Glints2/dict_0006_0032.uasset" 2640
"../../../Engine/Content/EngineMaterials/Substrate/Glints2/dict_0006_0032.uexp" 2641
"../../../Engine/Content/EngineMaterials/Substrate/Glints2/dict_0004_0047.uasset" 2642
"../../../Engine/Content/EngineMaterials/Substrate/Glints2/dict_0004_0047.uexp" 2643
"../../../Engine/Content/EngineMaterials/Substrate/Glints2/dict_0007_0074.uasset" 2644
"../../../Engine/Content/EngineMaterials/Substrate/Glints2/dict_0007_0074.uexp" 2645
"../../../Engine/Content/EngineMaterials/Substrate/Glints2/dict_0003_0101.uexp" 2646
"../../../Engine/Content/EngineMaterials/Substrate/Glints2/dict_0003_0101.uasset" 2647
"../../../Engine/Content/EngineMaterials/Substrate/Glints2/dict_0006_0144.uasset" 2648
"../../../Engine/Content/EngineMaterials/Substrate/Glints2/dict_0006_0144.uexp" 2649
"../../../Engine/Content/EngineMaterials/Substrate/Glints2/dict_0003_0100.uexp" 2650
"../../../Engine/Content/EngineMaterials/Substrate/Glints2/dict_0003_0100.uasset" 2651
"../../../Engine/Content/EngineMaterials/Substrate/Glints2/dict_0007_0174.uexp" 2652
"../../../Engine/Content/EngineMaterials/Substrate/Glints2/dict_0007_0174.uasset" 2653
"../../../Engine/Content/EngineMaterials/Substrate/Glints2/dict_0000_0180.uexp" 2654
"../../../Engine/Content/EngineMaterials/Substrate/Glints2/dict_0000_0180.uasset" 2655
"../../../Engine/Content/EngineMaterials/Substrate/Glints2/dict_0000_0181.uexp" 2656
"../../../Engine/Content/EngineMaterials/Substrate/Glints2/dict_0000_0181.uasset" 2657
"../../../Engine/Content/EngineMaterials/Substrate/Glints2/dict_0000_0069.uexp" 2658
"../../../Engine/Content/EngineMaterials/Substrate/Glints2/dict_0000_0069.uasset" 2659
"../../../Engine/Content/EngineMaterials/Substrate/Glints2/dict_0001_0019.uexp" 2660
"../../../Engine/Content/EngineMaterials/Substrate/Glints2/dict_0001_0019.uasset" 2661
"../../../Engine/Content/EngineMaterials/Substrate/Glints2/dict_0000_0063.uasset" 2662
"../../../Engine/Content/EngineMaterials/Substrate/Glints2/dict_0000_0063.uexp" 2663
"../../../Engine/Content/EngineMaterials/Substrate/Glints2/dict_0006_0186.uexp" 2664
"../../../Engine/Content/EngineMaterials/Substrate/Glints2/dict_0006_0186.uasset" 2665
"../../../Engine/Content/EngineMaterials/Substrate/Glints2/dict_0000_0037.uasset" 2666
"../../../Engine/Content/EngineMaterials/Substrate/Glints2/dict_0000_0037.uexp" 2667
"../../../Engine/Content/EngineMaterials/Substrate/Glints2/dict_0000_0184.uexp" 2668
"../../../Engine/Content/EngineMaterials/Substrate/Glints2/dict_0000_0184.uasset" 2669
"../../../Engine/Content/EngineMaterials/Substrate/Glints2/dict_0001_0029.uasset" 2670
"../../../Engine/Content/EngineMaterials/Substrate/Glints2/dict_0001_0029.uexp" 2671
"../../../Engine/Content/EngineMaterials/Substrate/Glints2/dict_0007_0221.uasset" 2672
"../../../Engine/Content/EngineMaterials/Substrate/Glints2/dict_0007_0221.uexp" 2673
"../../../Engine/Content/EngineMaterials/Substrate/Glints2/dict_0007_0125.uexp" 2674
"../../../Engine/Content/EngineMaterials/Substrate/Glints2/dict_0007_0125.uasset" 2675
"../../../Engine/Content/EngineMaterials/Substrate/Glints2/dict_0007_0190.uexp" 2676
"../../../Engine/Content/EngineMaterials/Substrate/Glints2/dict_0007_0190.uasset" 2677
"../../../Engine/Content/EngineMaterials/Substrate/Glints2/dict_0003_0042.uasset" 2678
"../../../Engine/Content/EngineMaterials/Substrate/Glints2/dict_0003_0042.uexp" 2679
"../../../Engine/Content/EngineMaterials/Substrate/Glints2/dict_0002_0166.uexp" 2680
"../../../Engine/Content/EngineMaterials/Substrate/Glints2/dict_0002_0166.uasset" 2681
"../../../Engine/Content/EngineMaterials/Substrate/Glints2/dict_0007_0138.uexp" 2682
"../../../Engine/Content/EngineMaterials/Substrate/Glints2/dict_0007_0138.uasset" 2683
"../../../Engine/Content/EngineMaterials/Substrate/Glints2/dict_0001_0114.uasset" 2684
"../../../Engine/Content/EngineMaterials/Substrate/Glints2/dict_0001_0114.uexp" 2685
"../../../Engine/Content/EngineMaterials/Substrate/Glints2/dict_0005_0008.uexp" 2686
"../../../Engine/Content/EngineMaterials/Substrate/Glints2/dict_0005_0008.uasset" 2687
"../../../Engine/Content/EngineMaterials/Substrate/Glints2/dict_0005_0155.uasset" 2688
"../../../Engine/Content/EngineMaterials/Substrate/Glints2/dict_0005_0155.uexp" 2689
"../../../Engine/Content/EngineMaterials/Substrate/Glints2/dict_0006_0236.uasset" 2690
"../../../Engine/Content/EngineMaterials/Substrate/Glints2/dict_0006_0236.uexp" 2691
"../../../Engine/Content/EngineMaterials/Substrate/Glints2/dict_0002_0254.uexp" 2692
"../../../Engine/Content/EngineMaterials/Substrate/Glints2/dict_0002_0254.uasset" 2693
"../../../Engine/Content/EngineMaterials/Substrate/Glints2/dict_0003_0025.uexp" 2694
"../../../Engine/Content/EngineMaterials/Substrate/Glints2/dict_0003_0025.uasset" 2695
"../../../Engine/Content/EngineMaterials/Substrate/Glints2/dict_0000_0236.uasset" 2696
"../../../Engine/Content/EngineMaterials/Substrate/Glints2/dict_0000_0236.uexp" 2697
"../../../Engine/Content/EngineMaterials/Substrate/Glints2/dict_0005_0037.uasset" 2698
"../../../Engine/Content/EngineMaterials/Substrate/Glints2/dict_0005_0037.uexp" 2699
"../../../Engine/Content/EngineMaterials/Substrate/Glints2/dict_0003_0068.uexp" 2700
"../../../Engine/Content/EngineMaterials/Substrate/Glints2/dict_0003_0068.uasset" 2701
"../../../Engine/Content/EngineMaterials/Substrate/Glints2/dict_0006_0030.uexp" 2702
"../../../Engine/Content/EngineMaterials/Substrate/Glints2/dict_0006_0030.uasset" 2703
"../../../Engine/Content/EngineMaterials/Substrate/Glints2/dict_0002_0230.uasset" 2704
"../../../Engine/Content/EngineMaterials/Substrate/Glints2/dict_0002_0230.uexp" 2705
"../../../Engine/Content/EngineMaterials/Substrate/Glints2/dict_0000_0087.uasset" 2706
"../../../Engine/Content/EngineMaterials/Substrate/Glints2/dict_0000_0087.uexp" 2707
"../../../Engine/Content/EngineMaterials/Substrate/Glints2/dict_0004_0254.uasset" 2708
"../../../Engine/Content/EngineMaterials/Substrate/Glints2/dict_0004_0254.uexp" 2709
"../../../Engine/Content/EngineMaterials/Substrate/Glints2/dict_0002_0060.uasset" 2710
"../../../Engine/Content/EngineMaterials/Substrate/Glints2/dict_0002_0060.uexp" 2711
"../../../Engine/Content/EngineMaterials/Substrate/Glints2/dict_0007_0183.uexp" 2712
"../../../Engine/Content/EngineMaterials/Substrate/Glints2/dict_0007_0183.uasset" 2713
"../../../Engine/Content/EngineMaterials/Substrate/Glints2/dict_0003_0225.uexp" 2714
"../../../Engine/Content/EngineMaterials/Substrate/Glints2/dict_0003_0225.uasset" 2715
"../../../Engine/Content/EngineMaterials/Substrate/Glints2/dict_0006_0199.uasset" 2716
"../../../Engine/Content/EngineMaterials/Substrate/Glints2/dict_0006_0199.uexp" 2717
"../../../Engine/Content/EngineMaterials/Substrate/Glints2/dict_0006_0036.uexp" 2718
"../../../Engine/Content/EngineMaterials/Substrate/Glints2/dict_0006_0036.uasset" 2719
"../../../Engine/Content/EngineMaterials/Substrate/Glints2/dict_0007_0149.uexp" 2720
"../../../Engine/Content/EngineMaterials/Substrate/Glints2/dict_0007_0149.uasset" 2721
"../../../Engine/Content/EngineMaterials/Substrate/Glints2/dict_0007_0098.uexp" 2722
"../../../Engine/Content/EngineMaterials/Substrate/Glints2/dict_0007_0098.uasset" 2723
"../../../Engine/Content/EngineMaterials/Substrate/Glints2/dict_0005_0053.uexp" 2724
"../../../Engine/Content/EngineMaterials/Substrate/Glints2/dict_0005_0053.uasset" 2725
"../../../Engine/Content/EngineMaterials/Substrate/Glints2/dict_0000_0090.uasset" 2726
"../../../Engine/Content/EngineMaterials/Substrate/Glints2/dict_0000_0090.uexp" 2727
"../../../Engine/Content/EngineMaterials/Substrate/Glints2/dict_0002_0251.uexp" 2728
"../../../Engine/Content/EngineMaterials/Substrate/Glints2/dict_0002_0251.uasset" 2729
"../../../Engine/Content/EngineMaterials/Substrate/Glints2/dict_0004_0249.uexp" 2730
"../../../Engine/Content/EngineMaterials/Substrate/Glints2/dict_0004_0249.uasset" 2731
"../../../Engine/Content/EngineMaterials/Substrate/Glints2/dict_0004_0006.uasset" 2732
"../../../Engine/Content/EngineMaterials/Substrate/Glints2/dict_0004_0006.uexp" 2733
"../../../Engine/Content/EngineMaterials/Substrate/Glints2/dict_0005_0088.uexp" 2734
"../../../Engine/Content/EngineMaterials/Substrate/Glints2/dict_0005_0088.uasset" 2735
"../../../Engine/Content/EngineMaterials/Substrate/Glints2/dict_0004_0044.uexp" 2736
"../../../Engine/Content/EngineMaterials/Substrate/Glints2/dict_0004_0044.uasset" 2737
"../../../Engine/Content/EngineMaterials/Substrate/Glints2/dict_0005_0121.uexp" 2738
"../../../Engine/Content/EngineMaterials/Substrate/Glints2/dict_0005_0121.uasset" 2739
"../../../Engine/Content/EngineMaterials/Substrate/Glints2/dict_0004_0116.uasset" 2740
"../../../Engine/Content/EngineMaterials/Substrate/Glints2/dict_0004_0116.uexp" 2741
"../../../Engine/Content/EngineMaterials/Substrate/Glints2/dict_0002_0152.uasset" 2742
"../../../Engine/Content/EngineMaterials/Substrate/Glints2/dict_0002_0152.uexp" 2743
"../../../Engine/Content/EngineMaterials/Substrate/Glints2/dict_0004_0152.uasset" 2744
"../../../Engine/Content/EngineMaterials/Substrate/Glints2/dict_0004_0152.uexp" 2745
"../../../Engine/Content/EngineMaterials/Substrate/Glints2/dict_0002_0003.uexp" 2746
"../../../Engine/Content/EngineMaterials/Substrate/Glints2/dict_0002_0003.uasset" 2747
"../../../Engine/Content/EngineMaterials/Substrate/Glints2/dict_0004_0156.uexp" 2748
"../../../Engine/Content/EngineMaterials/Substrate/Glints2/dict_0004_0156.uasset" 2749
"../../../Engine/Content/EngineMaterials/Substrate/Glints2/dict_0002_0153.uasset" 2750
"../../../Engine/Content/EngineMaterials/Substrate/Glints2/dict_0002_0153.uexp" 2751
"../../../Engine/Content/EngineMaterials/Substrate/Glints2/dict_0002_0025.uexp" 2752
"../../../Engine/Content/EngineMaterials/Substrate/Glints2/dict_0002_0025.uasset" 2753
"../../../Engine/Content/EngineMaterials/Substrate/Glints2/dict_0003_0027.uasset" 2754
"../../../Engine/Content/EngineMaterials/Substrate/Glints2/dict_0003_0027.uexp" 2755
"../../../Engine/Content/EngineMaterials/Substrate/Glints2/dict_0004_0130.uexp" 2756
"../../../Engine/Content/EngineMaterials/Substrate/Glints2/dict_0004_0130.uasset" 2757
"../../../Engine/Content/EngineMaterials/Substrate/Glints2/dict_0005_0163.uasset" 2758
"../../../Engine/Content/EngineMaterials/Substrate/Glints2/dict_0005_0163.uexp" 2759
"../../../Engine/Content/EngineMaterials/Substrate/Glints2/dict_0003_0251.uasset" 2760
"../../../Engine/Content/EngineMaterials/Substrate/Glints2/dict_0003_0251.uexp" 2761
"../../../Engine/Content/EngineMaterials/Substrate/Glints2/dict_0006_0218.uasset" 2762
"../../../Engine/Content/EngineMaterials/Substrate/Glints2/dict_0006_0218.uexp" 2763
"../../../Engine/Content/EngineMaterials/Substrate/Glints2/dict_0001_0064.uexp" 2764
"../../../Engine/Content/EngineMaterials/Substrate/Glints2/dict_0001_0064.uasset" 2765
"../../../Engine/Content/EngineMaterials/Substrate/Glints2/dict_0005_0136.uexp" 2766
"../../../Engine/Content/EngineMaterials/Substrate/Glints2/dict_0005_0136.uasset" 2767
"../../../Engine/Content/EngineMaterials/Substrate/Glints2/dict_0000_0102.uexp" 2768
"../../../Engine/Content/EngineMaterials/Substrate/Glints2/dict_0000_0102.uasset" 2769
"../../../Engine/Content/EngineMaterials/Substrate/Glints2/dict_0005_0217.uexp" 2770
"../../../Engine/Content/EngineMaterials/Substrate/Glints2/dict_0005_0217.uasset" 2771
"../../../Engine/Content/EngineMaterials/Substrate/Glints2/dict_0007_0141.uasset" 2772
"../../../Engine/Content/EngineMaterials/Substrate/Glints2/dict_0007_0141.uexp" 2773
"../../../Engine/Content/EngineMaterials/Substrate/Glints2/dict_0003_0043.uexp" 2774
"../../../Engine/Content/EngineMaterials/Substrate/Glints2/dict_0003_0043.uasset" 2775
"../../../Engine/Content/EngineMaterials/Substrate/Glints2/dict_0005_0071.uasset" 2776
"../../../Engine/Content/EngineMaterials/Substrate/Glints2/dict_0005_0071.uexp" 2777
"../../../Engine/Content/EngineMaterials/Substrate/Glints2/dict_0007_0025.uexp" 2778
"../../../Engine/Content/EngineMaterials/Substrate/Glints2/dict_0007_0025.uasset" 2779
"../../../Engine/Content/EngineMaterials/Substrate/Glints2/dict_0000_0212.uasset" 2780
"../../../Engine/Content/EngineMaterials/Substrate/Glints2/dict_0000_0212.uexp" 2781
"../../../Engine/Content/EngineMaterials/Substrate/Glints2/dict_0004_0140.uexp" 2782
"../../../Engine/Content/EngineMaterials/Substrate/Glints2/dict_0004_0140.uasset" 2783
"../../../Engine/Content/EngineMaterials/Substrate/Glints2/dict_0001_0031.uexp" 2784
"../../../Engine/Content/EngineMaterials/Substrate/Glints2/dict_0001_0031.uasset" 2785
"../../../Engine/Content/EngineMaterials/Substrate/Glints2/dict_0002_0168.uasset" 2786
"../../../Engine/Content/EngineMaterials/Substrate/Glints2/dict_0002_0168.uexp" 2787
"../../../Engine/Content/EngineMaterials/Substrate/Glints2/dict_0001_0084.uasset" 2788
"../../../Engine/Content/EngineMaterials/Substrate/Glints2/dict_0001_0084.uexp" 2789
"../../../Engine/Content/EngineMaterials/Substrate/Glints2/dict_0000_0122.uexp" 2790
"../../../Engine/Content/EngineMaterials/Substrate/Glints2/dict_0000_0122.uasset" 2791
"../../../Engine/Content/EngineMaterials/Substrate/Glints2/dict_0007_0152.uexp" 2792
"../../../Engine/Content/EngineMaterials/Substrate/Glints2/dict_0007_0152.uasset" 2793
"../../../Engine/Content/EngineMaterials/Substrate/Glints2/dict_0006_0191.uasset" 2794
"../../../Engine/Content/EngineMaterials/Substrate/Glints2/dict_0006_0191.uexp" 2795
"../../../Engine/Content/EngineMaterials/Substrate/Glints2/dict_0007_0072.uexp" 2796
"../../../Engine/Content/EngineMaterials/Substrate/Glints2/dict_0007_0072.uasset" 2797
"../../../Engine/Content/EngineMaterials/Substrate/Glints2/dict_0003_0036.uexp" 2798
"../../../Engine/Content/EngineMaterials/Substrate/Glints2/dict_0003_0036.uasset" 2799
"../../../Engine/Content/EngineMaterials/Substrate/Glints2/dict_0002_0246.uasset" 2800
"../../../Engine/Content/EngineMaterials/Substrate/Glints2/dict_0002_0246.uexp" 2801
"../../../Engine/Content/EngineMaterials/Substrate/Glints2/dict_0003_0130.uexp" 2802
"../../../Engine/Content/EngineMaterials/Substrate/Glints2/dict_0003_0130.uasset" 2803
"../../../Engine/Content/EngineMaterials/Substrate/Glints2/dict_0001_0030.uasset" 2804
"../../../Engine/Content/EngineMaterials/Substrate/Glints2/dict_0001_0030.uexp" 2805
"../../../Engine/Content/EngineMaterials/Substrate/Glints2/dict_0005_0240.uexp" 2806
"../../../Engine/Content/EngineMaterials/Substrate/Glints2/dict_0005_0240.uasset" 2807
"../../../Engine/Content/EngineMaterials/Substrate/Glints2/dict_0005_0223.uexp" 2808
"../../../Engine/Content/EngineMaterials/Substrate/Glints2/dict_0005_0223.uasset" 2809
"../../../Engine/Content/EngineMaterials/Substrate/Glints2/dict_0007_0105.uexp" 2810
"../../../Engine/Content/EngineMaterials/Substrate/Glints2/dict_0007_0105.uasset" 2811
"../../../Engine/Content/EngineMaterials/Substrate/Glints2/dict_0007_0114.uasset" 2812
"../../../Engine/Content/EngineMaterials/Substrate/Glints2/dict_0007_0114.uexp" 2813
"../../../Engine/Content/EngineMaterials/Substrate/Glints2/dict_0007_0104.uexp" 2814
"../../../Engine/Content/EngineMaterials/Substrate/Glints2/dict_0007_0104.uasset" 2815
"../../../Engine/Content/EngineMaterials/Substrate/Glints2/dict_0002_0242.uasset" 2816
"../../../Engine/Content/EngineMaterials/Substrate/Glints2/dict_0002_0242.uexp" 2817
"../../../Engine/Content/EngineMaterials/Substrate/Glints2/dict_0006_0239.uexp" 2818
"../../../Engine/Content/EngineMaterials/Substrate/Glints2/dict_0006_0239.uasset" 2819
"../../../Engine/Content/EngineMaterials/Substrate/Glints2/dict_0002_0223.uasset" 2820
"../../../Engine/Content/EngineMaterials/Substrate/Glints2/dict_0002_0223.uexp" 2821
"../../../Engine/Content/EngineMaterials/Substrate/Glints2/dict_0007_0205.uasset" 2822
"../../../Engine/Content/EngineMaterials/Substrate/Glints2/dict_0007_0205.uexp" 2823
"../../../Engine/Content/EngineMaterials/Substrate/Glints2/dict_0004_0078.uexp" 2824
"../../../Engine/Content/EngineMaterials/Substrate/Glints2/dict_0004_0078.uasset" 2825
"../../../Engine/Content/EngineMaterials/Substrate/Glints2/dict_0000_0253.uasset" 2826
"../../../Engine/Content/EngineMaterials/Substrate/Glints2/dict_0000_0253.uexp" 2827
"../../../Engine/Content/EngineMaterials/Substrate/Glints2/dict_0002_0123.uexp" 2828
"../../../Engine/Content/EngineMaterials/Substrate/Glints2/dict_0002_0123.uasset" 2829
"../../../Engine/Content/EngineMaterials/Substrate/Glints2/dict_0003_0046.uasset" 2830
"../../../Engine/Content/EngineMaterials/Substrate/Glints2/dict_0003_0046.uexp" 2831
"../../../Engine/Content/EngineMaterials/Substrate/Glints2/dict_0005_0049.uexp" 2832
"../../../Engine/Content/EngineMaterials/Substrate/Glints2/dict_0005_0049.uasset" 2833
"../../../Engine/Content/EngineMaterials/Substrate/Glints2/dict_0006_0029.uasset" 2834
"../../../Engine/Content/EngineMaterials/Substrate/Glints2/dict_0006_0029.uexp" 2835
"../../../Engine/Content/EngineMaterials/Substrate/Glints2/dict_0002_0189.uexp" 2836
"../../../Engine/Content/EngineMaterials/Substrate/Glints2/dict_0002_0189.uasset" 2837
"../../../Engine/Content/EngineMaterials/Substrate/Glints2/dict_0007_0042.uasset" 2838
"../../../Engine/Content/EngineMaterials/Substrate/Glints2/dict_0007_0042.uexp" 2839
"../../../Engine/Content/EngineMaterials/Substrate/Glints2/dict_0005_0244.uexp" 2840
"../../../Engine/Content/EngineMaterials/Substrate/Glints2/dict_0005_0244.uasset" 2841
"../../../Engine/Content/EngineMaterials/Substrate/Glints2/dict_0005_0189.uasset" 2842
"../../../Engine/Content/EngineMaterials/Substrate/Glints2/dict_0005_0189.uexp" 2843
"../../../Engine/Content/EngineMaterials/Substrate/Glints2/dict_0006_0112.uexp" 2844
"../../../Engine/Content/EngineMaterials/Substrate/Glints2/dict_0006_0112.uasset" 2845
"../../../Engine/Content/EngineMaterials/Substrate/Glints2/dict_0000_0100.uasset" 2846
"../../../Engine/Content/EngineMaterials/Substrate/Glints2/dict_0000_0100.uexp" 2847
"../../../Engine/Content/EngineMaterials/Substrate/Glints2/dict_0007_0076.uexp" 2848
"../../../Engine/Content/EngineMaterials/Substrate/Glints2/dict_0007_0076.uasset" 2849
"../../../Engine/Content/EngineMaterials/Substrate/Glints2/dict_0005_0170.uasset" 2850
"../../../Engine/Content/EngineMaterials/Substrate/Glints2/dict_0005_0170.uexp" 2851
"../../../Engine/Content/EngineMaterials/Substrate/Glints2/dict_0002_0036.uasset" 2852
"../../../Engine/Content/EngineMaterials/Substrate/Glints2/dict_0002_0036.uexp" 2853
"../../../Engine/Content/EngineMaterials/Substrate/Glints2/dict_0005_0042.uasset" 2854
"../../../Engine/Content/EngineMaterials/Substrate/Glints2/dict_0005_0042.uexp" 2855
"../../../Engine/Content/EngineMaterials/Substrate/Glints2/dict_0000_0062.uasset" 2856
"../../../Engine/Content/EngineMaterials/Substrate/Glints2/dict_0000_0062.uexp" 2857
"../../../Engine/Content/EngineMaterials/Substrate/Glints2/dict_0002_0020.uasset" 2858
"../../../Engine/Content/EngineMaterials/Substrate/Glints2/dict_0002_0020.uexp" 2859
"../../../Engine/Content/EngineMaterials/Substrate/Glints2/dict_0006_0163.uexp" 2860
"../../../Engine/Content/EngineMaterials/Substrate/Glints2/dict_0006_0163.uasset" 2861
"../../../Engine/Content/EngineMaterials/Substrate/Glints2/dict_0005_0195.uexp" 2862
"../../../Engine/Content/EngineMaterials/Substrate/Glints2/dict_0005_0195.uasset" 2863
"../../../Engine/Content/EngineMaterials/Substrate/Glints2/dict_0005_0068.uexp" 2864
"../../../Engine/Content/EngineMaterials/Substrate/Glints2/dict_0005_0068.uasset" 2865
"../../../Engine/Content/EngineMaterials/Substrate/Glints2/dict_0004_0191.uasset" 2866
"../../../Engine/Content/EngineMaterials/Substrate/Glints2/dict_0004_0191.uexp" 2867
"../../../Engine/Content/EngineMaterials/Substrate/Glints2/dict_0007_0246.uexp" 2868
"../../../Engine/Content/EngineMaterials/Substrate/Glints2/dict_0007_0246.uasset" 2869
"../../../Engine/Content/EngineMaterials/Substrate/Glints2/dict_0003_0158.uasset" 2870
"../../../Engine/Content/EngineMaterials/Substrate/Glints2/dict_0003_0158.uexp" 2871
"../../../Engine/Content/EngineMaterials/Substrate/Glints2/dict_0001_0159.uasset" 2872
"../../../Engine/Content/EngineMaterials/Substrate/Glints2/dict_0001_0159.uexp" 2873
"../../../Engine/Content/EngineMaterials/Substrate/Glints2/dict_0004_0034.uexp" 2874
"../../../Engine/Content/EngineMaterials/Substrate/Glints2/dict_0004_0034.uasset" 2875
"../../../Engine/Content/EngineMaterials/Substrate/Glints2/dict_0003_0136.uexp" 2876
"../../../Engine/Content/EngineMaterials/Substrate/Glints2/dict_0003_0136.uasset" 2877
"../../../Engine/Content/EngineMaterials/Substrate/Glints2/dict_0004_0046.uexp" 2878
"../../../Engine/Content/EngineMaterials/Substrate/Glints2/dict_0004_0046.uasset" 2879
"../../../Engine/Content/EngineMaterials/Substrate/Glints2/dict_0003_0044.uexp" 2880
"../../../Engine/Content/EngineMaterials/Substrate/Glints2/dict_0003_0044.uasset" 2881
"../../../Engine/Content/EngineMaterials/Substrate/Glints2/dict_0000_0228.uasset" 2882
"../../../Engine/Content/EngineMaterials/Substrate/Glints2/dict_0000_0228.uexp" 2883
"../../../Engine/Content/EngineMaterials/Substrate/Glints2/dict_0007_0245.uexp" 2884
"../../../Engine/Content/EngineMaterials/Substrate/Glints2/dict_0007_0245.uasset" 2885
"../../../Engine/Content/EngineMaterials/Substrate/Glints2/dict_0005_0177.uexp" 2886
"../../../Engine/Content/EngineMaterials/Substrate/Glints2/dict_0005_0177.uasset" 2887
"../../../Engine/Content/EngineMaterials/Substrate/Glints2/dict_0004_0213.uasset" 2888
"../../../Engine/Content/EngineMaterials/Substrate/Glints2/dict_0004_0213.uexp" 2889
"../../../Engine/Content/EngineMaterials/Substrate/Glints2/dict_0002_0087.uexp" 2890
"../../../Engine/Content/EngineMaterials/Substrate/Glints2/dict_0002_0087.uasset" 2891
"../../../Engine/Content/EngineMaterials/Substrate/Glints2/dict_0004_0057.uasset" 2892
"../../../Engine/Content/EngineMaterials/Substrate/Glints2/dict_0004_0057.uexp" 2893
"../../../Engine/Content/EngineMaterials/Substrate/Glints2/dict_0006_0240.uexp" 2894
"../../../Engine/Content/EngineMaterials/Substrate/Glints2/dict_0006_0240.uasset" 2895
"../../../Engine/Content/EngineMaterials/Substrate/Glints2/dict_0002_0054.uexp" 2896
"../../../Engine/Content/EngineMaterials/Substrate/Glints2/dict_0002_0054.uasset" 2897
"../../../Engine/Content/EngineMaterials/Substrate/Glints2/dict_0000_0034.uasset" 2898
"../../../Engine/Content/EngineMaterials/Substrate/Glints2/dict_0000_0034.uexp" 2899
"../../../Engine/Content/EngineMaterials/Substrate/Glints2/dict_0007_0182.uasset" 2900
"../../../Engine/Content/EngineMaterials/Substrate/Glints2/dict_0007_0182.uexp" 2901
"../../../Engine/Content/EngineMaterials/Substrate/Glints2/dict_0003_0117.uexp" 2902
"../../../Engine/Content/EngineMaterials/Substrate/Glints2/dict_0003_0117.uasset" 2903
"../../../Engine/Content/EngineMaterials/Substrate/Glints2/dict_0001_0040.uexp" 2904
"../../../Engine/Content/EngineMaterials/Substrate/Glints2/dict_0001_0040.uasset" 2905
"../../../Engine/Content/EngineMaterials/Substrate/Glints2/dict_0002_0247.uexp" 2906
"../../../Engine/Content/EngineMaterials/Substrate/Glints2/dict_0002_0247.uasset" 2907
"../../../Engine/Content/EngineMaterials/Substrate/Glints2/dict_0006_0245.uasset" 2908
"../../../Engine/Content/EngineMaterials/Substrate/Glints2/dict_0006_0245.uexp" 2909
"../../../Engine/Content/EngineMaterials/Substrate/Glints2/dict_0003_0253.uexp" 2910
"../../../Engine/Content/EngineMaterials/Substrate/Glints2/dict_0003_0253.uasset" 2911
"../../../Engine/Content/EngineMaterials/Substrate/Glints2/dict_0005_0018.uexp" 2912
"../../../Engine/Content/EngineMaterials/Substrate/Glints2/dict_0005_0018.uasset" 2913
"../../../Engine/Content/EngineMaterials/Substrate/Glints2/dict_0001_0018.uasset" 2914
"../../../Engine/Content/EngineMaterials/Substrate/Glints2/dict_0001_0018.uexp" 2915
"../../../Engine/Content/EngineMaterials/Substrate/Glints2/dict_0005_0152.uasset" 2916
"../../../Engine/Content/EngineMaterials/Substrate/Glints2/dict_0005_0152.uexp" 2917
"../../../Engine/Content/EngineMaterials/Substrate/Glints2/dict_0000_0217.uexp" 2918
"../../../Engine/Content/EngineMaterials/Substrate/Glints2/dict_0000_0217.uasset" 2919
"../../../Engine/Content/EngineMaterials/Substrate/Glints2/dict_0004_0043.uexp" 2920
"../../../Engine/Content/EngineMaterials/Substrate/Glints2/dict_0004_0043.uasset" 2921
"../../../Engine/Content/EngineMaterials/Substrate/Glints2/dict_0004_0073.uasset" 2922
"../../../Engine/Content/EngineMaterials/Substrate/Glints2/dict_0004_0073.uexp" 2923
"../../../Engine/Content/EngineMaterials/Substrate/Glints2/dict_0006_0155.uexp" 2924
"../../../Engine/Content/EngineMaterials/Substrate/Glints2/dict_0006_0155.uasset" 2925
"../../../Engine/Content/EngineMaterials/Substrate/Glints2/dict_0002_0047.uasset" 2926
"../../../Engine/Content/EngineMaterials/Substrate/Glints2/dict_0002_0047.uexp" 2927
"../../../Engine/Content/EngineMaterials/Substrate/Glints2/dict_0005_0146.uasset" 2928
"../../../Engine/Content/EngineMaterials/Substrate/Glints2/dict_0005_0146.uexp" 2929
"../../../Engine/Content/EngineMaterials/Substrate/Glints2/dict_0001_0021.uexp" 2930
"../../../Engine/Content/EngineMaterials/Substrate/Glints2/dict_0001_0021.uasset" 2931
"../../../Engine/Content/EngineMaterials/Substrate/Glints2/dict_0007_0181.uexp" 2932
"../../../Engine/Content/EngineMaterials/Substrate/Glints2/dict_0007_0181.uasset" 2933
"../../../Engine/Content/EngineMaterials/Substrate/Glints2/dict_0000_0190.uexp" 2934
"../../../Engine/Content/EngineMaterials/Substrate/Glints2/dict_0000_0190.uasset" 2935
"../../../Engine/Content/EngineMaterials/Substrate/Glints2/dict_0005_0239.uexp" 2936
"../../../Engine/Content/EngineMaterials/Substrate/Glints2/dict_0005_0239.uasset" 2937
"../../../Engine/Content/EngineMaterials/Substrate/Glints2/dict_0002_0229.uasset" 2938
"../../../Engine/Content/EngineMaterials/Substrate/Glints2/dict_0002_0229.uexp" 2939
"../../../Engine/Content/EngineMaterials/Substrate/Glints2/dict_0006_0065.uasset" 2940
"../../../Engine/Content/EngineMaterials/Substrate/Glints2/dict_0006_0065.uexp" 2941
"../../../Engine/Content/EngineMaterials/Substrate/Glints2/dict_0002_0215.uasset" 2942
"../../../Engine/Content/EngineMaterials/Substrate/Glints2/dict_0002_0215.uexp" 2943
"../../../Engine/Content/EngineMaterials/Substrate/Glints2/dict_0004_0145.uasset" 2944
"../../../Engine/Content/EngineMaterials/Substrate/Glints2/dict_0004_0145.uexp" 2945
"../../../Engine/Content/EngineMaterials/Substrate/Glints2/dict_0001_0116.uasset" 2946
"../../../Engine/Content/EngineMaterials/Substrate/Glints2/dict_0001_0116.uexp" 2947
"../../../Engine/Content/EngineMaterials/Substrate/Glints2/dict_0005_0065.uexp" 2948
"../../../Engine/Content/EngineMaterials/Substrate/Glints2/dict_0005_0065.uasset" 2949
"../../../Engine/Content/EngineMaterials/Substrate/Glints2/dict_0000_0133.uexp" 2950
"../../../Engine/Content/EngineMaterials/Substrate/Glints2/dict_0000_0133.uasset" 2951
"../../../Engine/Content/EngineMaterials/Substrate/Glints2/dict_0001_0082.uasset" 2952
"../../../Engine/Content/EngineMaterials/Substrate/Glints2/dict_0001_0082.uexp" 2953
"../../../Engine/Content/EngineMaterials/Substrate/Glints2/dict_0003_0134.uexp" 2954
"../../../Engine/Content/EngineMaterials/Substrate/Glints2/dict_0003_0134.uasset" 2955
"../../../Engine/Content/EngineMaterials/Substrate/Glints2/dict_0007_0220.uexp" 2956
"../../../Engine/Content/EngineMaterials/Substrate/Glints2/dict_0007_0220.uasset" 2957
"../../../Engine/Content/EngineMaterials/Substrate/Glints2/dict_0007_0084.uasset" 2958
"../../../Engine/Content/EngineMaterials/Substrate/Glints2/dict_0007_0084.uexp" 2959
"../../../Engine/Content/EngineMaterials/Substrate/Glints2/dict_0003_0071.uasset" 2960
"../../../Engine/Content/EngineMaterials/Substrate/Glints2/dict_0003_0071.uexp" 2961
"../../../Engine/Content/EngineMaterials/Substrate/Glints2/dict_0004_0212.uexp" 2962
"../../../Engine/Content/EngineMaterials/Substrate/Glints2/dict_0004_0212.uasset" 2963
"../../../Engine/Content/EngineMaterials/Substrate/Glints2/dict_0003_0215.uexp" 2964
"../../../Engine/Content/EngineMaterials/Substrate/Glints2/dict_0003_0215.uasset" 2965
"../../../Engine/Content/EngineMaterials/Substrate/Glints2/dict_0005_0128.uexp" 2966
"../../../Engine/Content/EngineMaterials/Substrate/Glints2/dict_0005_0128.uasset" 2967
"../../../Engine/Content/EngineMaterials/Substrate/Glints2/dict_0005_0206.uasset" 2968
"../../../Engine/Content/EngineMaterials/Substrate/Glints2/dict_0005_0206.uexp" 2969
"../../../Engine/Content/EngineMaterials/Substrate/Glints2/dict_0002_0127.uexp" 2970
"../../../Engine/Content/EngineMaterials/Substrate/Glints2/dict_0002_0127.uasset" 2971
"../../../Engine/Content/EngineMaterials/Substrate/Glints2/dict_0004_0117.uexp" 2972
"../../../Engine/Content/EngineMaterials/Substrate/Glints2/dict_0004_0117.uasset" 2973
"../../../Engine/Content/EngineMaterials/Substrate/Glints2/dict_0002_0073.uasset" 2974
"../../../Engine/Content/EngineMaterials/Substrate/Glints2/dict_0002_0073.uexp" 2975
"../../../Engine/Content/EngineMaterials/Substrate/Glints2/dict_0007_0021.uexp" 2976
"../../../Engine/Content/EngineMaterials/Substrate/Glints2/dict_0007_0021.uasset" 2977
"../../../Engine/Content/EngineMaterials/Substrate/Glints2/dict_0003_0102.uasset" 2978
"../../../Engine/Content/EngineMaterials/Substrate/Glints2/dict_0003_0102.uexp" 2979
"../../../Engine/Content/EngineMaterials/Substrate/Glints2/dict_0001_0058.uasset" 2980
"../../../Engine/Content/EngineMaterials/Substrate/Glints2/dict_0001_0058.uexp" 2981
"../../../Engine/Content/EngineMaterials/Substrate/Glints2/dict_0006_0106.uexp" 2982
"../../../Engine/Content/EngineMaterials/Substrate/Glints2/dict_0006_0106.uasset" 2983
"../../../Engine/Content/EngineMaterials/Substrate/Glints2/dict_0004_0063.uexp" 2984
"../../../Engine/Content/EngineMaterials/Substrate/Glints2/dict_0004_0063.uasset" 2985
"../../../Engine/Content/EngineMaterials/Substrate/Glints2/dict_0006_0241.uasset" 2986
"../../../Engine/Content/EngineMaterials/Substrate/Glints2/dict_0006_0241.uexp" 2987
"../../../Engine/Content/EngineMaterials/Substrate/Glints2/dict_0004_0105.uasset" 2988
"../../../Engine/Content/EngineMaterials/Substrate/Glints2/dict_0004_0105.uexp" 2989
"../../../Engine/Content/EngineMaterials/Substrate/Glints2/dict_0006_0248.uexp" 2990
"../../../Engine/Content/EngineMaterials/Substrate/Glints2/dict_0006_0248.uasset" 2991
"../../../Engine/Content/EngineMaterials/Substrate/Glints2/dict_0007_0003.uasset" 2992
"../../../Engine/Content/EngineMaterials/Substrate/Glints2/dict_0007_0003.uexp" 2993
"../../../Engine/Content/EngineMaterials/Substrate/Glints2/dict_0001_0025.uasset" 2994
"../../../Engine/Content/EngineMaterials/Substrate/Glints2/dict_0001_0025.uexp" 2995
"../../../Engine/Content/EngineMaterials/Substrate/Glints2/dict_0005_0009.uexp" 2996
"../../../Engine/Content/EngineMaterials/Substrate/Glints2/dict_0005_0009.uasset" 2997
"../../../Engine/Content/EngineMaterials/Substrate/Glints2/dict_0005_0198.uexp" 2998
"../../../Engine/Content/EngineMaterials/Substrate/Glints2/dict_0005_0198.uasset" 2999
"../../../Engine/Content/EngineMaterials/Substrate/Glints2/dict_0001_0237.uexp" 3000
"../../../Engine/Content/EngineMaterials/Substrate/Glints2/dict_0001_0237.uasset" 3001
"../../../Engine/Content/EngineMaterials/Substrate/Glints2/dict_0007_0241.uexp" 3002
"../../../Engine/Content/EngineMaterials/Substrate/Glints2/dict_0007_0241.uasset" 3003
"../../../Engine/Content/EngineMaterials/Substrate/Glints2/dict_0007_0047.uasset" 3004
"../../../Engine/Content/EngineMaterials/Substrate/Glints2/dict_0007_0047.uexp" 3005
"../../../Engine/Content/EngineMaterials/Substrate/Glints2/dict_0001_0245.uexp" 3006
"../../../Engine/Content/EngineMaterials/Substrate/Glints2/dict_0001_0245.uasset" 3007
"../../../Engine/Content/EngineMaterials/Substrate/Glints2/dict_0002_0034.uexp" 3008
"../../../Engine/Content/EngineMaterials/Substrate/Glints2/dict_0002_0034.uasset" 3009
"../../../Engine/Content/EngineMaterials/Substrate/Glints2/dict_0007_0196.uasset" 3010
"../../../Engine/Content/EngineMaterials/Substrate/Glints2/dict_0007_0196.uexp" 3011
"../../../Engine/Content/EngineMaterials/Substrate/Glints2/dict_0007_0229.uasset" 3012
"../../../Engine/Content/EngineMaterials/Substrate/Glints2/dict_0007_0229.uexp" 3013
"../../../Engine/Content/EngineMaterials/Substrate/Glints2/dict_0006_0149.uexp" 3014
"../../../Engine/Content/EngineMaterials/Substrate/Glints2/dict_0006_0149.uasset" 3015
"../../../Engine/Content/EngineMaterials/Substrate/Glints2/dict_0007_0071.uexp" 3016
"../../../Engine/Content/EngineMaterials/Substrate/Glints2/dict_0007_0071.uasset" 3017
"../../../Engine/Content/EngineMaterials/Substrate/Glints2/dict_0000_0020.uexp" 3018
"../../../Engine/Content/EngineMaterials/Substrate/Glints2/dict_0000_0020.uasset" 3019
"../../../Engine/Content/EngineMaterials/Substrate/Glints2/dict_0000_0036.uexp" 3020
"../../../Engine/Content/EngineMaterials/Substrate/Glints2/dict_0000_0036.uasset" 3021
"../../../Engine/Content/EngineMaterials/Substrate/Glints2/dict_0006_0207.uexp" 3022
"../../../Engine/Content/EngineMaterials/Substrate/Glints2/dict_0006_0207.uasset" 3023
"../../../Engine/Content/EngineMaterials/Substrate/Glints2/dict_0002_0095.uasset" 3024
"../../../Engine/Content/EngineMaterials/Substrate/Glints2/dict_0002_0095.uexp" 3025
"../../../Engine/Content/EngineMaterials/Substrate/Glints2/dict_0003_0178.uasset" 3026
"../../../Engine/Content/EngineMaterials/Substrate/Glints2/dict_0003_0178.uexp" 3027
"../../../Engine/Content/EngineMaterials/Substrate/Glints2/dict_0002_0183.uexp" 3028
"../../../Engine/Content/EngineMaterials/Substrate/Glints2/dict_0002_0183.uasset" 3029
"../../../Engine/Content/EngineMaterials/Substrate/Glints2/dict_0002_0232.uexp" 3030
"../../../Engine/Content/EngineMaterials/Substrate/Glints2/dict_0002_0232.uasset" 3031
"../../../Engine/Content/EngineMaterials/Substrate/Glints2/dict_0000_0082.uexp" 3032
"../../../Engine/Content/EngineMaterials/Substrate/Glints2/dict_0000_0082.uasset" 3033
"../../../Engine/Content/EngineMaterials/Substrate/Glints2/dict_0003_0077.uasset" 3034
"../../../Engine/Content/EngineMaterials/Substrate/Glints2/dict_0003_0077.uexp" 3035
"../../../Engine/Content/EngineMaterials/Substrate/Glints2/dict_0007_0001.uexp" 3036
"../../../Engine/Content/EngineMaterials/Substrate/Glints2/dict_0007_0001.uasset" 3037
"../../../Engine/Content/EngineMaterials/Substrate/Glints2/dict_0003_0137.uexp" 3038
"../../../Engine/Content/EngineMaterials/Substrate/Glints2/dict_0003_0137.uasset" 3039
"../../../Engine/Content/EngineMaterials/Substrate/Glints2/dict_0000_0129.uasset" 3040
"../../../Engine/Content/EngineMaterials/Substrate/Glints2/dict_0000_0129.uexp" 3041
"../../../Engine/Content/EngineMaterials/Substrate/Glints2/dict_0006_0095.uasset" 3042
"../../../Engine/Content/EngineMaterials/Substrate/Glints2/dict_0006_0095.uexp" 3043
"../../../Engine/Content/EngineMaterials/Substrate/Glints2/dict_0002_0137.uexp" 3044
"../../../Engine/Content/EngineMaterials/Substrate/Glints2/dict_0002_0137.uasset" 3045
"../../../Engine/Content/EngineMaterials/Substrate/Glints2/dict_0007_0215.uasset" 3046
"../../../Engine/Content/EngineMaterials/Substrate/Glints2/dict_0007_0215.uexp" 3047
"../../../Engine/Content/EngineMaterials/Substrate/Glints2/dict_0007_0094.uexp" 3048
"../../../Engine/Content/EngineMaterials/Substrate/Glints2/dict_0007_0094.uasset" 3049
"../../../Engine/Content/EngineMaterials/Substrate/Glints2/dict_0004_0040.uasset" 3050
"../../../Engine/Content/EngineMaterials/Substrate/Glints2/dict_0004_0040.uexp" 3051
"../../../Engine/Content/EngineMaterials/Substrate/Glints2/dict_0005_0123.uasset" 3052
"../../../Engine/Content/EngineMaterials/Substrate/Glints2/dict_0005_0123.uexp" 3053
"../../../Engine/Content/EngineMaterials/Substrate/Glints2/dict_0003_0073.uexp" 3054
"../../../Engine/Content/EngineMaterials/Substrate/Glints2/dict_0003_0073.uasset" 3055
"../../../Engine/Content/EngineMaterials/Substrate/Glints2/dict_0002_0236.uexp" 3056
"../../../Engine/Content/EngineMaterials/Substrate/Glints2/dict_0002_0236.uasset" 3057
"../../../Engine/Content/EngineMaterials/Substrate/Glints2/dict_0006_0173.uexp" 3058
"../../../Engine/Content/EngineMaterials/Substrate/Glints2/dict_0006_0173.uasset" 3059
"../../../Engine/Content/EngineMaterials/Substrate/Glints2/dict_0002_0096.uasset" 3060
"../../../Engine/Content/EngineMaterials/Substrate/Glints2/dict_0002_0096.uexp" 3061
"../../../Engine/Content/EngineMaterials/Substrate/Glints2/dict_0003_0210.uasset" 3062
"../../../Engine/Content/EngineMaterials/Substrate/Glints2/dict_0003_0210.uexp" 3063
"../../../Engine/Content/EngineMaterials/Substrate/Glints2/dict_0007_0048.uexp" 3064
"../../../Engine/Content/EngineMaterials/Substrate/Glints2/dict_0007_0048.uasset" 3065
"../../../Engine/Content/EngineMaterials/Substrate/Glints2/dict_0006_0057.uexp" 3066
"../../../Engine/Content/EngineMaterials/Substrate/Glints2/dict_0006_0057.uasset" 3067
"../../../Engine/Content/EngineMaterials/Substrate/Glints2/dict_0000_0080.uasset" 3068
"../../../Engine/Content/EngineMaterials/Substrate/Glints2/dict_0000_0080.uexp" 3069
"../../../Engine/Content/EngineMaterials/Substrate/Glints2/dict_0001_0165.uexp" 3070
"../../../Engine/Content/EngineMaterials/Substrate/Glints2/dict_0001_0165.uasset" 3071
"../../../Engine/Content/EngineMaterials/Substrate/Glints2/dict_0001_0173.uasset" 3072
"../../../Engine/Content/EngineMaterials/Substrate/Glints2/dict_0001_0173.uexp" 3073
"../../../Engine/Content/EngineMaterials/Substrate/Glints2/dict_0001_0248.uasset" 3074
"../../../Engine/Content/EngineMaterials/Substrate/Glints2/dict_0001_0248.uexp" 3075
"../../../Engine/Content/EngineMaterials/Substrate/Glints2/dict_0007_0153.uexp" 3076
"../../../Engine/Content/EngineMaterials/Substrate/Glints2/dict_0007_0153.uasset" 3077
"../../../Engine/Content/EngineMaterials/Substrate/Glints2/dict_0006_0014.uexp" 3078
"../../../Engine/Content/EngineMaterials/Substrate/Glints2/dict_0006_0014.uasset" 3079
"../../../Engine/Content/EngineMaterials/Substrate/Glints2/dict_0001_0062.uasset" 3080
"../../../Engine/Content/EngineMaterials/Substrate/Glints2/dict_0001_0062.uexp" 3081
"../../../Engine/Content/EngineMaterials/Substrate/Glints2/dict_0007_0130.uasset" 3082
"../../../Engine/Content/EngineMaterials/Substrate/Glints2/dict_0007_0130.uexp" 3083
"../../../Engine/Content/EngineMaterials/Substrate/Glints2/dict_0002_0097.uexp" 3084
"../../../Engine/Content/EngineMaterials/Substrate/Glints2/dict_0002_0097.uasset" 3085
"../../../Engine/Content/EngineMaterials/Substrate/Glints2/dict_0006_0216.uasset" 3086
"../../../Engine/Content/EngineMaterials/Substrate/Glints2/dict_0006_0216.uexp" 3087
"../../../Engine/Content/EngineMaterials/Substrate/Glints2/dict_0007_0063.uasset" 3088
"../../../Engine/Content/EngineMaterials/Substrate/Glints2/dict_0007_0063.uexp" 3089
"../../../Engine/Content/EngineMaterials/Substrate/Glints2/dict_0005_0148.uasset" 3090
"../../../Engine/Content/EngineMaterials/Substrate/Glints2/dict_0005_0148.uexp" 3091
"../../../Engine/Content/EngineMaterials/Substrate/Glints2/dict_0001_0038.uasset" 3092
"../../../Engine/Content/EngineMaterials/Substrate/Glints2/dict_0001_0038.uexp" 3093
"../../../Engine/Content/EngineMaterials/Substrate/Glints2/dict_0003_0247.uasset" 3094
"../../../Engine/Content/EngineMaterials/Substrate/Glints2/dict_0003_0247.uexp" 3095
"../../../Engine/Content/EngineMaterials/Substrate/Glints2/dict_0002_0237.uasset" 3096
"../../../Engine/Content/EngineMaterials/Substrate/Glints2/dict_0002_0237.uexp" 3097
"../../../Engine/Content/EngineMaterials/Substrate/Glints2/dict_0005_0125.uasset" 3098
"../../../Engine/Content/EngineMaterials/Substrate/Glints2/dict_0005_0125.uexp" 3099
"../../../Engine/Content/EngineMaterials/Substrate/Glints2/dict_0007_0151.uasset" 3100
"../../../Engine/Content/EngineMaterials/Substrate/Glints2/dict_0007_0151.uexp" 3101
"../../../Engine/Content/EngineMaterials/Substrate/Glints2/dict_0000_0077.uexp" 3102
"../../../Engine/Content/EngineMaterials/Substrate/Glints2/dict_0000_0077.uasset" 3103
"../../../Engine/Content/EngineMaterials/Substrate/Glints2/dict_0004_0150.uexp" 3104
"../../../Engine/Content/EngineMaterials/Substrate/Glints2/dict_0004_0150.uasset" 3105
"../../../Engine/Content/EngineMaterials/Substrate/Glints2/dict_0003_0059.uexp" 3106
"../../../Engine/Content/EngineMaterials/Substrate/Glints2/dict_0003_0059.uasset" 3107
"../../../Engine/Content/EngineMaterials/Substrate/Glints2/dict_0007_0137.uexp" 3108
"../../../Engine/Content/EngineMaterials/Substrate/Glints2/dict_0007_0137.uasset" 3109
"../../../Engine/Content/EngineMaterials/Substrate/Glints2/dict_0002_0144.uasset" 3110
"../../../Engine/Content/EngineMaterials/Substrate/Glints2/dict_0002_0144.uexp" 3111
"../../../Engine/Content/EngineMaterials/Substrate/Glints2/dict_0003_0151.uexp" 3112
"../../../Engine/Content/EngineMaterials/Substrate/Glints2/dict_0003_0151.uasset" 3113
"../../../Engine/Content/EngineMaterials/Substrate/Glints2/dict_0007_0157.uasset" 3114
"../../../Engine/Content/EngineMaterials/Substrate/Glints2/dict_0007_0157.uexp" 3115
"../../../Engine/Content/EngineMaterials/Substrate/Glints2/dict_0000_0093.uexp" 3116
"../../../Engine/Content/EngineMaterials/Substrate/Glints2/dict_0000_0093.uasset" 3117
"../../../Engine/Content/EngineMaterials/Substrate/Glints2/dict_0005_0200.uasset" 3118
"../../../Engine/Content/EngineMaterials/Substrate/Glints2/dict_0005_0200.uexp" 3119
"../../../Engine/Content/EngineMaterials/Substrate/Glints2/dict_0001_0044.uexp" 3120
"../../../Engine/Content/EngineMaterials/Substrate/Glints2/dict_0001_0044.uasset" 3121
"../../../Engine/Content/EngineMaterials/Substrate/Glints2/dict_0005_0173.uexp" 3122
"../../../Engine/Content/EngineMaterials/Substrate/Glints2/dict_0005_0173.uasset" 3123
"../../../Engine/Content/EngineMaterials/Substrate/Glints2/dict_0004_0176.uexp" 3124
"../../../Engine/Content/EngineMaterials/Substrate/Glints2/dict_0004_0176.uasset" 3125
"../../../Engine/Content/EngineMaterials/Substrate/Glints2/dict_0006_0210.uexp" 3126
"../../../Engine/Content/EngineMaterials/Substrate/Glints2/dict_0006_0210.uasset" 3127
"../../../Engine/Content/EngineMaterials/Substrate/Glints2/dict_0005_0052.uexp" 3128
"../../../Engine/Content/EngineMaterials/Substrate/Glints2/dict_0005_0052.uasset" 3129
"../../../Engine/Content/EngineMaterials/Substrate/Glints2/dict_0000_0162.uexp" 3130
"../../../Engine/Content/EngineMaterials/Substrate/Glints2/dict_0000_0162.uasset" 3131
"../../../Engine/Content/EngineMaterials/Substrate/Glints2/dict_0007_0240.uexp" 3132
"../../../Engine/Content/EngineMaterials/Substrate/Glints2/dict_0007_0240.uasset" 3133
"../../../Engine/Content/EngineMaterials/Substrate/Glints2/dict_0002_0015.uexp" 3134
"../../../Engine/Content/EngineMaterials/Substrate/Glints2/dict_0002_0015.uasset" 3135
"../../../Engine/Content/EngineMaterials/Substrate/Glints2/dict_0000_0208.uasset" 3136
"../../../Engine/Content/EngineMaterials/Substrate/Glints2/dict_0000_0208.uexp" 3137
"../../../Engine/Content/EngineMaterials/Substrate/Glints2/dict_0006_0080.uexp" 3138
"../../../Engine/Content/EngineMaterials/Substrate/Glints2/dict_0006_0080.uasset" 3139
"../../../Engine/Content/EngineMaterials/Substrate/Glints2/dict_0000_0118.uexp" 3140
"../../../Engine/Content/EngineMaterials/Substrate/Glints2/dict_0000_0118.uasset" 3141
"../../../Engine/Content/EngineMaterials/Substrate/Glints2/dict_0004_0188.uexp" 3142
"../../../Engine/Content/EngineMaterials/Substrate/Glints2/dict_0004_0188.uasset" 3143
"../../../Engine/Content/EngineMaterials/Substrate/Glints2/dict_0005_0021.uasset" 3144
"../../../Engine/Content/EngineMaterials/Substrate/Glints2/dict_0005_0021.uexp" 3145
"../../../Engine/Content/EngineMaterials/Substrate/Glints2/dict_0004_0248.uasset" 3146
"../../../Engine/Content/EngineMaterials/Substrate/Glints2/dict_0004_0248.uexp" 3147
"../../../Engine/Content/EngineMaterials/Substrate/Glints2/dict_0002_0032.uasset" 3148
"../../../Engine/Content/EngineMaterials/Substrate/Glints2/dict_0002_0032.uexp" 3149
"../../../Engine/Content/EngineMaterials/Substrate/Glints2/dict_0007_0136.uasset" 3150
"../../../Engine/Content/EngineMaterials/Substrate/Glints2/dict_0007_0136.uexp" 3151
"../../../Engine/Content/EngineMaterials/Substrate/Glints2/dict_0006_0082.uexp" 3152
"../../../Engine/Content/EngineMaterials/Substrate/Glints2/dict_0006_0082.uasset" 3153
"../../../Engine/Content/EngineMaterials/Substrate/Glints2/dict_0004_0054.uexp" 3154
"../../../Engine/Content/EngineMaterials/Substrate/Glints2/dict_0004_0054.uasset" 3155
"../../../Engine/Content/EngineMaterials/Substrate/Glints2/dict_0000_0057.uexp" 3156
"../../../Engine/Content/EngineMaterials/Substrate/Glints2/dict_0000_0057.uasset" 3157
"../../../Engine/Content/EngineMaterials/Substrate/Glints2/dict_0007_0012.uasset" 3158
"../../../Engine/Content/EngineMaterials/Substrate/Glints2/dict_0007_0012.uexp" 3159
"../../../Engine/Content/EngineMaterials/Substrate/Glints2/dict_0001_0162.uexp" 3160
"../../../Engine/Content/EngineMaterials/Substrate/Glints2/dict_0001_0162.uasset" 3161
"../../../Engine/Content/EngineMaterials/Substrate/Glints2/dict_0003_0093.uasset" 3162
"../../../Engine/Content/EngineMaterials/Substrate/Glints2/dict_0003_0093.uexp" 3163
"../../../Engine/Content/EngineMaterials/Substrate/Glints2/dict_0000_0066.uexp" 3164
"../../../Engine/Content/EngineMaterials/Substrate/Glints2/dict_0000_0066.uasset" 3165
"../../../Engine/Content/EngineMaterials/Substrate/Glints2/dict_0007_0144.uexp" 3166
"../../../Engine/Content/EngineMaterials/Substrate/Glints2/dict_0007_0144.uasset" 3167
"../../../Engine/Content/EngineMaterials/Substrate/Glints2/dict_0005_0252.uexp" 3168
"../../../Engine/Content/EngineMaterials/Substrate/Glints2/dict_0005_0252.uasset" 3169
"../../../Engine/Content/EngineMaterials/Substrate/Glints2/dict_0000_0168.uexp" 3170
"../../../Engine/Content/EngineMaterials/Substrate/Glints2/dict_0000_0168.uasset" 3171
"../../../Engine/Content/EngineMaterials/Substrate/Glints2/dict_0002_0059.uexp" 3172
"../../../Engine/Content/EngineMaterials/Substrate/Glints2/dict_0002_0059.uasset" 3173
"../../../Engine/Content/EngineMaterials/Substrate/Glints2/dict_0003_0245.uexp" 3174
"../../../Engine/Content/EngineMaterials/Substrate/Glints2/dict_0003_0245.uasset" 3175
"../../../Engine/Content/EngineMaterials/Substrate/Glints2/dict_0001_0034.uasset" 3176
"../../../Engine/Content/EngineMaterials/Substrate/Glints2/dict_0001_0034.uexp" 3177
"../../../Engine/Content/EngineMaterials/Substrate/Glints2/dict_0005_0108.uexp" 3178
"../../../Engine/Content/EngineMaterials/Substrate/Glints2/dict_0005_0108.uasset" 3179
"../../../Engine/Content/EngineMaterials/Substrate/Glints2/dict_0006_0028.uexp" 3180
"../../../Engine/Content/EngineMaterials/Substrate/Glints2/dict_0006_0028.uasset" 3181
"../../../Engine/Content/EngineMaterials/Substrate/Glints2/dict_0005_0017.uasset" 3182
"../../../Engine/Content/EngineMaterials/Substrate/Glints2/dict_0005_0017.uexp" 3183
"../../../Engine/Content/EngineMaterials/Substrate/Glints2/dict_0000_0018.uexp" 3184
"../../../Engine/Content/EngineMaterials/Substrate/Glints2/dict_0000_0018.uasset" 3185
"../../../Engine/Content/EngineMaterials/Substrate/Glints2/dict_0004_0007.uexp" 3186
"../../../Engine/Content/EngineMaterials/Substrate/Glints2/dict_0004_0007.uasset" 3187
"../../../Engine/Content/EngineMaterials/Substrate/Glints2/dict_0000_0227.uexp" 3188
"../../../Engine/Content/EngineMaterials/Substrate/Glints2/dict_0000_0227.uasset" 3189
"../../../Engine/Content/EngineMaterials/Substrate/Glints2/dict_0005_0093.uasset" 3190
"../../../Engine/Content/EngineMaterials/Substrate/Glints2/dict_0005_0093.uexp" 3191
"../../../Engine/Content/EngineMaterials/Substrate/Glints2/dict_0006_0193.uasset" 3192
"../../../Engine/Content/EngineMaterials/Substrate/Glints2/dict_0006_0193.uexp" 3193
"../../../Engine/Content/EngineMaterials/Substrate/Glints2/dict_0002_0049.uasset" 3194
"../../../Engine/Content/EngineMaterials/Substrate/Glints2/dict_0002_0049.uexp" 3195
"../../../Engine/Content/EngineMaterials/Substrate/Glints2/dict_0007_0128.uexp" 3196
"../../../Engine/Content/EngineMaterials/Substrate/Glints2/dict_0007_0128.uasset" 3197
"../../../Engine/Content/EngineMaterials/Substrate/Glints2/dict_0000_0110.uasset" 3198
"../../../Engine/Content/EngineMaterials/Substrate/Glints2/dict_0000_0110.uexp" 3199
"../../../Engine/Content/EngineMaterials/Substrate/Glints2/dict_0006_0062.uasset" 3200
"../../../Engine/Content/EngineMaterials/Substrate/Glints2/dict_0006_0062.uexp" 3201
"../../../Engine/Content/EngineMaterials/Substrate/Glints2/dict_0001_0239.uasset" 3202
"../../../Engine/Content/EngineMaterials/Substrate/Glints2/dict_0001_0239.uexp" 3203
"../../../Engine/Content/EngineMaterials/Substrate/Glints2/dict_0007_0171.uasset" 3204
"../../../Engine/Content/EngineMaterials/Substrate/Glints2/dict_0007_0171.uexp" 3205
"../../../Engine/Content/EngineMaterials/Substrate/Glints2/dict_0003_0083.uasset" 3206
"../../../Engine/Content/EngineMaterials/Substrate/Glints2/dict_0003_0083.uexp" 3207
"../../../Engine/Content/EngineMaterials/Substrate/Glints2/dict_0003_0065.uexp" 3208
"../../../Engine/Content/EngineMaterials/Substrate/Glints2/dict_0003_0065.uasset" 3209
"../../../Engine/Content/EngineMaterials/Substrate/Glints2/dict_0006_0025.uasset" 3210
"../../../Engine/Content/EngineMaterials/Substrate/Glints2/dict_0006_0025.uexp" 3211
"../../../Engine/Content/EngineMaterials/Substrate/Glints2/dict_0001_0177.uasset" 3212
"../../../Engine/Content/EngineMaterials/Substrate/Glints2/dict_0001_0177.uexp" 3213
"../../../Engine/Content/EngineMaterials/Substrate/Glints2/dict_0002_0018.uexp" 3214
"../../../Engine/Content/EngineMaterials/Substrate/Glints2/dict_0002_0018.uasset" 3215
"../../../Engine/Content/EngineMaterials/Substrate/Glints2/dict_0007_0058.uasset" 3216
"../../../Engine/Content/EngineMaterials/Substrate/Glints2/dict_0007_0058.uexp" 3217
"../../../Engine/Content/EngineMaterials/Substrate/Glints2/dict_0007_0163.uexp" 3218
"../../../Engine/Content/EngineMaterials/Substrate/Glints2/dict_0007_0163.uasset" 3219
"../../../Engine/Content/EngineMaterials/Substrate/Glints2/dict_0000_0105.uexp" 3220
"../../../Engine/Content/EngineMaterials/Substrate/Glints2/dict_0000_0105.uasset" 3221
"../../../Engine/Content/EngineMaterials/Substrate/Glints2/dict_0003_0235.uexp" 3222
"../../../Engine/Content/EngineMaterials/Substrate/Glints2/dict_0003_0235.uasset" 3223
"../../../Engine/Content/EngineMaterials/Substrate/Glints2/dict_0000_0016.uexp" 3224
"../../../Engine/Content/EngineMaterials/Substrate/Glints2/dict_0000_0016.uasset" 3225
"../../../Engine/Content/EngineMaterials/Substrate/Glints2/dict_0005_0133.uasset" 3226
"../../../Engine/Content/EngineMaterials/Substrate/Glints2/dict_0005_0133.uexp" 3227
"../../../Engine/Content/EngineMaterials/Substrate/Glints2/dict_0006_0202.uasset" 3228
"../../../Engine/Content/EngineMaterials/Substrate/Glints2/dict_0006_0202.uexp" 3229
"../../../Engine/Content/EngineMaterials/Substrate/Glints2/dict_0004_0119.uexp" 3230
"../../../Engine/Content/EngineMaterials/Substrate/Glints2/dict_0004_0119.uasset" 3231
"../../../Engine/Content/EngineMaterials/Substrate/Glints2/dict_0007_0222.uasset" 3232
"../../../Engine/Content/EngineMaterials/Substrate/Glints2/dict_0007_0222.uexp" 3233
"../../../Engine/Content/EngineMaterials/Substrate/Glints2/dict_0006_0055.uexp" 3234
"../../../Engine/Content/EngineMaterials/Substrate/Glints2/dict_0006_0055.uasset" 3235
"../../../Engine/Content/EngineMaterials/Substrate/Glints2/dict_0007_0119.uexp" 3236
"../../../Engine/Content/EngineMaterials/Substrate/Glints2/dict_0007_0119.uasset" 3237
"../../../Engine/Content/EngineMaterials/Substrate/Glints2/dict_0000_0142.uexp" 3238
"../../../Engine/Content/EngineMaterials/Substrate/Glints2/dict_0000_0142.uasset" 3239
"../../../Engine/Content/EngineMaterials/Substrate/Glints2/dict_0007_0211.uasset" 3240
"../../../Engine/Content/EngineMaterials/Substrate/Glints2/dict_0007_0211.uexp" 3241
"../../../Engine/Content/EngineMaterials/Substrate/Glints2/dict_0001_0010.uasset" 3242
"../../../Engine/Content/EngineMaterials/Substrate/Glints2/dict_0001_0010.uexp" 3243
"../../../Engine/Content/EngineMaterials/Substrate/Glints2/dict_0004_0158.uasset" 3244
"../../../Engine/Content/EngineMaterials/Substrate/Glints2/dict_0004_0158.uexp" 3245
"../../../Engine/Content/EngineMaterials/Substrate/Glints2/dict_0001_0056.uexp" 3246
"../../../Engine/Content/EngineMaterials/Substrate/Glints2/dict_0001_0056.uasset" 3247
"../../../Engine/Content/EngineMaterials/Substrate/Glints2/dict_0001_0145.uexp" 3248
"../../../Engine/Content/EngineMaterials/Substrate/Glints2/dict_0001_0145.uasset" 3249
"../../../Engine/Content/EngineMaterials/Substrate/Glints2/dict_0001_0123.uexp" 3250
"../../../Engine/Content/EngineMaterials/Substrate/Glints2/dict_0001_0123.uasset" 3251
"../../../Engine/Content/EngineMaterials/Substrate/Glints2/dict_0007_0087.uexp" 3252
"../../../Engine/Content/EngineMaterials/Substrate/Glints2/dict_0007_0087.uasset" 3253
"../../../Engine/Content/EngineMaterials/Substrate/Glints2/dict_0007_0095.uexp" 3254
"../../../Engine/Content/EngineMaterials/Substrate/Glints2/dict_0007_0095.uasset" 3255
"../../../Engine/Content/EngineMaterials/Substrate/Glints2/dict_0000_0134.uexp" 3256
"../../../Engine/Content/EngineMaterials/Substrate/Glints2/dict_0000_0134.uasset" 3257
"../../../Engine/Content/EngineMaterials/Substrate/Glints2/dict_0001_0231.uexp" 3258
"../../../Engine/Content/EngineMaterials/Substrate/Glints2/dict_0001_0231.uasset" 3259
"../../../Engine/Content/EngineMaterials/Substrate/Glints2/dict_0001_0221.uexp" 3260
"../../../Engine/Content/EngineMaterials/Substrate/Glints2/dict_0001_0221.uasset" 3261
"../../../Engine/Content/EngineMaterials/Substrate/Glints2/dict_0000_0145.uexp" 3262
"../../../Engine/Content/EngineMaterials/Substrate/Glints2/dict_0000_0145.uasset" 3263
"../../../Engine/Content/EngineMaterials/Substrate/Glints2/dict_0001_0110.uasset" 3264
"../../../Engine/Content/EngineMaterials/Substrate/Glints2/dict_0001_0110.uexp" 3265
"../../../Engine/Content/EngineMaterials/Substrate/Glints2/dict_0007_0064.uasset" 3266
"../../../Engine/Content/EngineMaterials/Substrate/Glints2/dict_0007_0064.uexp" 3267
"../../../Engine/Content/EngineMaterials/Substrate/Glints2/dict_0005_0112.uexp" 3268
"../../../Engine/Content/EngineMaterials/Substrate/Glints2/dict_0005_0112.uasset" 3269
"../../../Engine/Content/EngineMaterials/Substrate/Glints2/dict_0000_0229.uasset" 3270
"../../../Engine/Content/EngineMaterials/Substrate/Glints2/dict_0000_0229.uexp" 3271
"../../../Engine/Content/EngineMaterials/Substrate/Glints2/dict_0004_0035.uexp" 3272
"../../../Engine/Content/EngineMaterials/Substrate/Glints2/dict_0004_0035.uasset" 3273
"../../../Engine/Content/EngineMaterials/Substrate/Glints2/dict_0001_0250.uasset" 3274
"../../../Engine/Content/EngineMaterials/Substrate/Glints2/dict_0001_0250.uexp" 3275
"../../../Engine/Content/EngineMaterials/Substrate/Glints2/dict_0003_0037.uasset" 3276
"../../../Engine/Content/EngineMaterials/Substrate/Glints2/dict_0003_0037.uexp" 3277
"../../../Engine/Content/EngineMaterials/Substrate/Glints2/dict_0000_0188.uexp" 3278
"../../../Engine/Content/EngineMaterials/Substrate/Glints2/dict_0000_0188.uasset" 3279
"../../../Engine/Content/EngineMaterials/Substrate/Glints2/dict_0003_0219.uexp" 3280
"../../../Engine/Content/EngineMaterials/Substrate/Glints2/dict_0003_0219.uasset" 3281
"../../../Engine/Content/EngineMaterials/Substrate/Glints2/dict_0005_0142.uasset" 3282
"../../../Engine/Content/EngineMaterials/Substrate/Glints2/dict_0005_0142.uexp" 3283
"../../../Engine/Content/EngineMaterials/Substrate/Glints2/dict_0002_0241.uasset" 3284
"../../../Engine/Content/EngineMaterials/Substrate/Glints2/dict_0002_0241.uexp" 3285
"../../../Engine/Content/EngineMaterials/Substrate/Glints2/dict_0005_0236.uasset" 3286
"../../../Engine/Content/EngineMaterials/Substrate/Glints2/dict_0005_0236.uexp" 3287
"../../../Engine/Content/EngineMaterials/Substrate/Glints2/dict_0006_0174.uasset" 3288
"../../../Engine/Content/EngineMaterials/Substrate/Glints2/dict_0006_0174.uexp" 3289
"../../../Engine/Content/EngineMaterials/Substrate/Glints2/dict_0001_0118.uasset" 3290
"../../../Engine/Content/EngineMaterials/Substrate/Glints2/dict_0001_0118.uexp" 3291
"../../../Engine/Content/EngineMaterials/Substrate/Glints2/dict_0007_0004.uasset" 3292
"../../../Engine/Content/EngineMaterials/Substrate/Glints2/dict_0007_0004.uexp" 3293
"../../../Engine/Content/EngineMaterials/Substrate/Glints2/dict_0004_0230.uexp" 3294
"../../../Engine/Content/EngineMaterials/Substrate/Glints2/dict_0004_0230.uasset" 3295
"../../../Engine/Content/EngineMaterials/Substrate/Glints2/dict_0001_0101.uexp" 3296
"../../../Engine/Content/EngineMaterials/Substrate/Glints2/dict_0001_0101.uasset" 3297
"../../../Engine/Content/EngineMaterials/Substrate/Glints2/dict_0002_0124.uasset" 3298
"../../../Engine/Content/EngineMaterials/Substrate/Glints2/dict_0002_0124.uexp" 3299
"../../../Engine/Content/EngineMaterials/Substrate/Glints2/dict_0003_0218.uasset" 3300
"../../../Engine/Content/EngineMaterials/Substrate/Glints2/dict_0003_0218.uexp" 3301
"../../../Engine/Content/EngineMaterials/Substrate/Glints2/dict_0002_0065.uasset" 3302
"../../../Engine/Content/EngineMaterials/Substrate/Glints2/dict_0002_0065.uexp" 3303
"../../../Engine/Content/EngineMaterials/Substrate/Glints2/dict_0007_0088.uasset" 3304
"../../../Engine/Content/EngineMaterials/Substrate/Glints2/dict_0007_0088.uexp" 3305
"../../../Engine/Content/EngineMaterials/Substrate/Glints2/dict_0003_0020.uasset" 3306
"../../../Engine/Content/EngineMaterials/Substrate/Glints2/dict_0003_0020.uexp" 3307
"../../../Engine/Content/EngineMaterials/Substrate/Glints2/dict_0006_0194.uasset" 3308
"../../../Engine/Content/EngineMaterials/Substrate/Glints2/dict_0006_0194.uexp" 3309
"../../../Engine/Content/EngineMaterials/Substrate/Glints2/dict_0001_0129.uexp" 3310
"../../../Engine/Content/EngineMaterials/Substrate/Glints2/dict_0001_0129.uasset" 3311
"../../../Engine/Content/EngineMaterials/Substrate/Glints2/dict_0002_0122.uasset" 3312
"../../../Engine/Content/EngineMaterials/Substrate/Glints2/dict_0002_0122.uexp" 3313
"../../../Engine/Content/EngineMaterials/Substrate/Glints2/dict_0003_0250.uasset" 3314
"../../../Engine/Content/EngineMaterials/Substrate/Glints2/dict_0003_0250.uexp" 3315
"../../../Engine/Content/EngineMaterials/Substrate/Glints2/dict_0005_0234.uasset" 3316
"../../../Engine/Content/EngineMaterials/Substrate/Glints2/dict_0005_0234.uexp" 3317
"../../../Engine/Content/EngineMaterials/Substrate/Glints2/dict_0005_0110.uexp" 3318
"../../../Engine/Content/EngineMaterials/Substrate/Glints2/dict_0005_0110.uasset" 3319
"../../../Engine/Content/EngineMaterials/Substrate/Glints2/dict_0002_0184.uasset" 3320
"../../../Engine/Content/EngineMaterials/Substrate/Glints2/dict_0002_0184.uexp" 3321
"../../../Engine/Content/EngineMaterials/Substrate/Glints2/dict_0006_0100.uexp" 3322
"../../../Engine/Content/EngineMaterials/Substrate/Glints2/dict_0006_0100.uasset" 3323
"../../../Engine/Content/EngineMaterials/Substrate/Glints2/dict_0005_0213.uexp" 3324
"../../../Engine/Content/EngineMaterials/Substrate/Glints2/dict_0005_0213.uasset" 3325
"../../../Engine/Content/EngineMaterials/Substrate/Glints2/dict_0006_0108.uexp" 3326
"../../../Engine/Content/EngineMaterials/Substrate/Glints2/dict_0006_0108.uasset" 3327
"../../../Engine/Content/EngineMaterials/Substrate/Glints2/dict_0004_0103.uasset" 3328
"../../../Engine/Content/EngineMaterials/Substrate/Glints2/dict_0004_0103.uexp" 3329
"../../../Engine/Content/EngineMaterials/Substrate/Glints2/dict_0004_0030.uasset" 3330
"../../../Engine/Content/EngineMaterials/Substrate/Glints2/dict_0004_0030.uexp" 3331
"../../../Engine/Content/EngineMaterials/Substrate/Glints2/dict_0007_0013.uexp" 3332
"../../../Engine/Content/EngineMaterials/Substrate/Glints2/dict_0007_0013.uasset" 3333
"../../../Engine/Content/EngineMaterials/Substrate/Glints2/dict_0005_0107.uasset" 3334
"../../../Engine/Content/EngineMaterials/Substrate/Glints2/dict_0005_0107.uexp" 3335
"../../../Engine/Content/EngineMaterials/Substrate/Glints2/dict_0006_0165.uexp" 3336
"../../../Engine/Content/EngineMaterials/Substrate/Glints2/dict_0006_0165.uasset" 3337
"../../../Engine/Content/EngineMaterials/Substrate/Glints2/dict_0007_0121.uasset" 3338
"../../../Engine/Content/EngineMaterials/Substrate/Glints2/dict_0007_0121.uexp" 3339
"../../../Engine/Content/EngineMaterials/Substrate/Glints2/dict_0007_0044.uexp" 3340
"../../../Engine/Content/EngineMaterials/Substrate/Glints2/dict_0007_0044.uasset" 3341
"../../../Engine/Content/EngineMaterials/Substrate/Glints2/dict_0004_0113.uasset" 3342
"../../../Engine/Content/EngineMaterials/Substrate/Glints2/dict_0004_0113.uexp" 3343
"../../../Engine/Content/EngineMaterials/Substrate/Glints2/dict_0001_0092.uasset" 3344
"../../../Engine/Content/EngineMaterials/Substrate/Glints2/dict_0001_0092.uexp" 3345
"../../../Engine/Content/EngineMaterials/Substrate/Glints2/dict_0003_0060.uasset" 3346
"../../../Engine/Content/EngineMaterials/Substrate/Glints2/dict_0003_0060.uexp" 3347
"../../../Engine/Content/EngineMaterials/Substrate/Glints2/dict_0002_0125.uexp" 3348
"../../../Engine/Content/EngineMaterials/Substrate/Glints2/dict_0002_0125.uasset" 3349
"../../../Engine/Content/EngineMaterials/Substrate/Glints2/dict_0000_0244.uasset" 3350
"../../../Engine/Content/EngineMaterials/Substrate/Glints2/dict_0000_0244.uexp" 3351
"../../../Engine/Content/EngineMaterials/Substrate/Glints2/dict_0005_0160.uasset" 3352
"../../../Engine/Content/EngineMaterials/Substrate/Glints2/dict_0005_0160.uexp" 3353
"../../../Engine/Content/EngineMaterials/Substrate/Glints2/dict_0004_0236.uasset" 3354
"../../../Engine/Content/EngineMaterials/Substrate/Glints2/dict_0004_0236.uexp" 3355
"../../../Engine/Content/EngineMaterials/Substrate/Glints2/dict_0007_0000.uexp" 3356
"../../../Engine/Content/EngineMaterials/Substrate/Glints2/dict_0007_0000.uasset" 3357
"../../../Engine/Content/EngineMaterials/Substrate/Glints2/dict_0002_0198.uasset" 3358
"../../../Engine/Content/EngineMaterials/Substrate/Glints2/dict_0002_0198.uexp" 3359
"../../../Engine/Content/EngineMaterials/Substrate/Glints2/dict_0006_0071.uexp" 3360
"../../../Engine/Content/EngineMaterials/Substrate/Glints2/dict_0006_0071.uasset" 3361
"../../../Engine/Content/EngineMaterials/Substrate/Glints2/dict_0000_0099.uexp" 3362
"../../../Engine/Content/EngineMaterials/Substrate/Glints2/dict_0000_0099.uasset" 3363
"../../../Engine/Content/EngineMaterials/Substrate/Glints2/dict_0000_0025.uasset" 3364
"../../../Engine/Content/EngineMaterials/Substrate/Glints2/dict_0000_0025.uexp" 3365
"../../../Engine/Content/EngineMaterials/Substrate/Glints2/dict_0004_0147.uexp" 3366
"../../../Engine/Content/EngineMaterials/Substrate/Glints2/dict_0004_0147.uasset" 3367
"../../../Engine/Content/EngineMaterials/Substrate/Glints2/dict_0003_0167.uexp" 3368
"../../../Engine/Content/EngineMaterials/Substrate/Glints2/dict_0003_0167.uasset" 3369
"../../../Engine/Content/EngineMaterials/Substrate/Glints2/dict_0000_0108.uexp" 3370
"../../../Engine/Content/EngineMaterials/Substrate/Glints2/dict_0000_0108.uasset" 3371
"../../../Engine/Content/EngineMaterials/Substrate/Glints2/dict_0001_0180.uasset" 3372
"../../../Engine/Content/EngineMaterials/Substrate/Glints2/dict_0001_0180.uexp" 3373
"../../../Engine/Content/EngineMaterials/Substrate/Glints2/dict_0004_0227.uasset" 3374
"../../../Engine/Content/EngineMaterials/Substrate/Glints2/dict_0004_0227.uexp" 3375
"../../../Engine/Content/EngineMaterials/Substrate/Glints2/dict_0002_0182.uexp" 3376
"../../../Engine/Content/EngineMaterials/Substrate/Glints2/dict_0002_0182.uasset" 3377
"../../../Engine/Content/EngineMaterials/Substrate/Glints2/dict_0002_0167.uasset" 3378
"../../../Engine/Content/EngineMaterials/Substrate/Glints2/dict_0002_0167.uexp" 3379
"../../../Engine/Content/EngineMaterials/Substrate/Glints2/dict_0006_0002.uexp" 3380
"../../../Engine/Content/EngineMaterials/Substrate/Glints2/dict_0006_0002.uasset" 3381
"../../../Engine/Content/EngineMaterials/Substrate/Glints2/dict_0005_0040.uasset" 3382
"../../../Engine/Content/EngineMaterials/Substrate/Glints2/dict_0005_0040.uexp" 3383
"../../../Engine/Content/EngineMaterials/Substrate/Glints2/dict_0001_0028.uasset" 3384
"../../../Engine/Content/EngineMaterials/Substrate/Glints2/dict_0001_0028.uexp" 3385
"../../../Engine/Content/EngineMaterials/Substrate/Glints2/dict_0005_0070.uasset" 3386
"../../../Engine/Content/EngineMaterials/Substrate/Glints2/dict_0005_0070.uexp" 3387
"../../../Engine/Content/EngineMaterials/Substrate/Glints2/dict_0004_0016.uasset" 3388
"../../../Engine/Content/EngineMaterials/Substrate/Glints2/dict_0004_0016.uexp" 3389
"../../../Engine/Content/EngineMaterials/Substrate/Glints2/dict_0003_0160.uexp" 3390
"../../../Engine/Content/EngineMaterials/Substrate/Glints2/dict_0003_0160.uasset" 3391
"../../../Engine/Content/EngineMaterials/Substrate/Glints2/dict_0003_0162.uasset" 3392
"../../../Engine/Content/EngineMaterials/Substrate/Glints2/dict_0003_0162.uexp" 3393
"../../../Engine/Content/EngineMaterials/Substrate/Glints2/dict_0004_0210.uexp" 3394
"../../../Engine/Content/EngineMaterials/Substrate/Glints2/dict_0004_0210.uasset" 3395
"../../../Engine/Content/EngineMaterials/Substrate/Glints2/dict_0003_0041.uasset" 3396
"../../../Engine/Content/EngineMaterials/Substrate/Glints2/dict_0003_0041.uexp" 3397
"../../../Engine/Content/EngineMaterials/Substrate/Glints2/dict_0001_0046.uexp" 3398
"../../../Engine/Content/EngineMaterials/Substrate/Glints2/dict_0001_0046.uasset" 3399
"../../../Engine/Content/EngineMaterials/Substrate/Glints2/dict_0003_0174.uasset" 3400
"../../../Engine/Content/EngineMaterials/Substrate/Glints2/dict_0003_0174.uexp" 3401
"../../../Engine/Content/EngineMaterials/Substrate/Glints2/dict_0001_0085.uexp" 3402
"../../../Engine/Content/EngineMaterials/Substrate/Glints2/dict_0001_0085.uasset" 3403
"../../../Engine/Content/EngineMaterials/Substrate/Glints2/dict_0005_0048.uexp" 3404
"../../../Engine/Content/EngineMaterials/Substrate/Glints2/dict_0005_0048.uasset" 3405
"../../../Engine/Content/EngineMaterials/Substrate/Glints2/dict_0004_0228.uexp" 3406
"../../../Engine/Content/EngineMaterials/Substrate/Glints2/dict_0004_0228.uasset" 3407
"../../../Engine/Content/EngineMaterials/Substrate/Glints2/dict_0002_0064.uexp" 3408
"../../../Engine/Content/EngineMaterials/Substrate/Glints2/dict_0002_0064.uasset" 3409
"../../../Engine/Content/EngineMaterials/Substrate/Glints2/dict_0000_0092.uexp" 3410
"../../../Engine/Content/EngineMaterials/Substrate/Glints2/dict_0000_0092.uasset" 3411
"../../../Engine/Content/EngineMaterials/Substrate/Glints2/dict_0003_0190.uexp" 3412
"../../../Engine/Content/EngineMaterials/Substrate/Glints2/dict_0003_0190.uasset" 3413
"../../../Engine/Content/EngineMaterials/Substrate/Glints2/dict_0005_0073.uexp" 3414
"../../../Engine/Content/EngineMaterials/Substrate/Glints2/dict_0005_0073.uasset" 3415
"../../../Engine/Content/EngineMaterials/Substrate/Glints2/dict_0007_0212.uexp" 3416
"../../../Engine/Content/EngineMaterials/Substrate/Glints2/dict_0007_0212.uasset" 3417
"../../../Engine/Content/EngineMaterials/Substrate/Glints2/dict_0004_0192.uasset" 3418
"../../../Engine/Content/EngineMaterials/Substrate/Glints2/dict_0004_0192.uexp" 3419
"../../../Engine/Content/EngineMaterials/Substrate/Glints2/dict_0005_0060.uasset" 3420
"../../../Engine/Content/EngineMaterials/Substrate/Glints2/dict_0005_0060.uexp" 3421
"../../../Engine/Content/EngineMaterials/Substrate/Glints2/dict_0006_0109.uasset" 3422
"../../../Engine/Content/EngineMaterials/Substrate/Glints2/dict_0006_0109.uexp" 3423
"../../../Engine/Content/EngineMaterials/Substrate/Glints2/dict_0000_0251.uexp" 3424
"../../../Engine/Content/EngineMaterials/Substrate/Glints2/dict_0000_0251.uasset" 3425
"../../../Engine/Content/EngineMaterials/Substrate/Glints2/dict_0003_0049.uexp" 3426
"../../../Engine/Content/EngineMaterials/Substrate/Glints2/dict_0003_0049.uasset" 3427
"../../../Engine/Content/EngineMaterials/Substrate/Glints2/dict_0003_0034.uexp" 3428
"../../../Engine/Content/EngineMaterials/Substrate/Glints2/dict_0003_0034.uasset" 3429
"../../../Engine/Content/EngineMaterials/Substrate/Glints2/dict_0001_0047.uasset" 3430
"../../../Engine/Content/EngineMaterials/Substrate/Glints2/dict_0001_0047.uexp" 3431
"../../../Engine/Content/EngineMaterials/Substrate/Glints2/dict_0001_0073.uasset" 3432
"../../../Engine/Content/EngineMaterials/Substrate/Glints2/dict_0001_0073.uexp" 3433
"../../../Engine/Content/EngineMaterials/Substrate/Glints2/dict_0002_0045.uasset" 3434
"../../../Engine/Content/EngineMaterials/Substrate/Glints2/dict_0002_0045.uexp" 3435
"../../../Engine/Content/EngineMaterials/Substrate/Glints2/dict_0001_0054.uasset" 3436
"../../../Engine/Content/EngineMaterials/Substrate/Glints2/dict_0001_0054.uexp" 3437
"../../../Engine/Content/EngineMaterials/Substrate/Glints2/dict_0006_0156.uasset" 3438
"../../../Engine/Content/EngineMaterials/Substrate/Glints2/dict_0006_0156.uexp" 3439
"../../../Engine/Content/EngineMaterials/Substrate/Glints2/dict_0000_0051.uexp" 3440
"../../../Engine/Content/EngineMaterials/Substrate/Glints2/dict_0000_0051.uasset" 3441
"../../../Engine/Content/EngineMaterials/Substrate/Glints2/dict_0006_0228.uasset" 3442
"../../../Engine/Content/EngineMaterials/Substrate/Glints2/dict_0006_0228.uexp" 3443
"../../../Engine/Content/EngineMaterials/Substrate/Glints2/dict_0006_0220.uasset" 3444
"../../../Engine/Content/EngineMaterials/Substrate/Glints2/dict_0006_0220.uexp" 3445
"../../../Engine/Content/EngineMaterials/Substrate/Glints2/dict_0002_0255.uexp" 3446
"../../../Engine/Content/EngineMaterials/Substrate/Glints2/dict_0002_0255.uasset" 3447
"../../../Engine/Content/EngineMaterials/Substrate/Glints2/dict_0007_0224.uexp" 3448
"../../../Engine/Content/EngineMaterials/Substrate/Glints2/dict_0007_0224.uasset" 3449
"../../../Engine/Content/EngineMaterials/Substrate/Glints2/dict_0003_0074.uasset" 3450
"../../../Engine/Content/EngineMaterials/Substrate/Glints2/dict_0003_0074.uexp" 3451
"../../../Engine/Content/EngineMaterials/Substrate/Glints2/dict_0004_0109.uasset" 3452
"../../../Engine/Content/EngineMaterials/Substrate/Glints2/dict_0004_0109.uexp" 3453
"../../../Engine/Content/EngineMaterials/Substrate/Glints2/dict_0005_0024.uexp" 3454
"../../../Engine/Content/EngineMaterials/Substrate/Glints2/dict_0005_0024.uasset" 3455
"../../../Engine/Content/EngineMaterials/Substrate/Glints2/dict_0000_0021.uexp" 3456
"../../../Engine/Content/EngineMaterials/Substrate/Glints2/dict_0000_0021.uasset" 3457
"../../../Engine/Content/EngineMaterials/Substrate/Glints2/dict_0002_0027.uexp" 3458
"../../../Engine/Content/EngineMaterials/Substrate/Glints2/dict_0002_0027.uasset" 3459
"../../../Engine/Content/EngineMaterials/Substrate/Glints2/dict_0005_0166.uexp" 3460
"../../../Engine/Content/EngineMaterials/Substrate/Glints2/dict_0005_0166.uasset" 3461
"../../../Engine/Content/EngineMaterials/Substrate/Glints2/dict_0002_0075.uasset" 3462
"../../../Engine/Content/EngineMaterials/Substrate/Glints2/dict_0002_0075.uexp" 3463
"../../../Engine/Content/EngineMaterials/Substrate/Glints2/dict_0000_0254.uasset" 3464
"../../../Engine/Content/EngineMaterials/Substrate/Glints2/dict_0000_0254.uexp" 3465
"../../../Engine/Content/EngineMaterials/Substrate/Glints2/dict_0003_0145.uexp" 3466
"../../../Engine/Content/EngineMaterials/Substrate/Glints2/dict_0003_0145.uasset" 3467
"../../../Engine/Content/EngineMaterials/Substrate/Glints2/dict_0006_0059.uexp" 3468
"../../../Engine/Content/EngineMaterials/Substrate/Glints2/dict_0006_0059.uasset" 3469
"../../../Engine/Content/EngineMaterials/Substrate/Glints2/dict_0004_0004.uasset" 3470
"../../../Engine/Content/EngineMaterials/Substrate/Glints2/dict_0004_0004.uexp" 3471
"../../../Engine/Content/EngineMaterials/Substrate/Glints2/dict_0004_0208.uexp" 3472
"../../../Engine/Content/EngineMaterials/Substrate/Glints2/dict_0004_0208.uasset" 3473
"../../../Engine/Content/EngineMaterials/Substrate/Glints2/dict_0000_0215.uexp" 3474
"../../../Engine/Content/EngineMaterials/Substrate/Glints2/dict_0000_0215.uasset" 3475
"../../../Engine/Content/EngineMaterials/Substrate/Glints2/dict_0001_0097.uasset" 3476
"../../../Engine/Content/EngineMaterials/Substrate/Glints2/dict_0001_0097.uexp" 3477
"../../../Engine/Content/EngineMaterials/Substrate/Glints2/dict_0002_0000.uasset" 3478
"../../../Engine/Content/EngineMaterials/Substrate/Glints2/dict_0002_0000.uexp" 3479
"../../../Engine/Content/EngineMaterials/Substrate/Glints2/dict_0001_0012.uasset" 3480
"../../../Engine/Content/EngineMaterials/Substrate/Glints2/dict_0001_0012.uexp" 3481
"../../../Engine/Content/EngineMaterials/Substrate/Glints2/dict_0001_0139.uexp" 3482
"../../../Engine/Content/EngineMaterials/Substrate/Glints2/dict_0001_0139.uasset" 3483
"../../../Engine/Content/EngineMaterials/Substrate/Glints2/dict_0004_0120.uasset" 3484
"../../../Engine/Content/EngineMaterials/Substrate/Glints2/dict_0004_0120.uexp" 3485
"../../../Engine/Content/EngineMaterials/Substrate/Glints2/dict_0001_0178.uexp" 3486
"../../../Engine/Content/EngineMaterials/Substrate/Glints2/dict_0001_0178.uasset" 3487
"../../../Engine/Content/EngineMaterials/Substrate/Glints2/dict_0002_0089.uexp" 3488
"../../../Engine/Content/EngineMaterials/Substrate/Glints2/dict_0002_0089.uasset" 3489
"../../../Engine/Content/EngineMaterials/Substrate/Glints2/dict_0001_0102.uasset" 3490
"../../../Engine/Content/EngineMaterials/Substrate/Glints2/dict_0001_0102.uexp" 3491
"../../../Engine/Content/EngineMaterials/Substrate/Glints2/dict_0004_0201.uasset" 3492
"../../../Engine/Content/EngineMaterials/Substrate/Glints2/dict_0004_0201.uexp" 3493
"../../../Engine/Content/EngineMaterials/Substrate/Glints2/dict_0000_0002.uasset" 3494
"../../../Engine/Content/EngineMaterials/Substrate/Glints2/dict_0000_0002.uexp" 3495
"../../../Engine/Content/EngineMaterials/Substrate/Glints2/dict_0003_0198.uexp" 3496
"../../../Engine/Content/EngineMaterials/Substrate/Glints2/dict_0003_0198.uasset" 3497
"../../../Engine/Content/EngineMaterials/Substrate/Glints2/dict_0003_0195.uexp" 3498
"../../../Engine/Content/EngineMaterials/Substrate/Glints2/dict_0003_0195.uasset" 3499
"../../../Engine/Content/EngineMaterials/Substrate/Glints2/dict_0007_0206.uexp" 3500
"../../../Engine/Content/EngineMaterials/Substrate/Glints2/dict_0007_0206.uasset" 3501
"../../../Engine/Content/EngineMaterials/Substrate/Glints2/dict_0006_0101.uasset" 3502
"../../../Engine/Content/EngineMaterials/Substrate/Glints2/dict_0006_0101.uexp" 3503
"../../../Engine/Content/EngineMaterials/Substrate/Glints2/dict_0005_0117.uexp" 3504
"../../../Engine/Content/EngineMaterials/Substrate/Glints2/dict_0005_0117.uasset" 3505
"../../../Engine/Content/EngineMaterials/Substrate/Glints2/dict_0001_0112.uasset" 3506
"../../../Engine/Content/EngineMaterials/Substrate/Glints2/dict_0001_0112.uexp" 3507
"../../../Engine/Content/EngineMaterials/Substrate/Glints2/dict_0006_0227.uexp" 3508
"../../../Engine/Content/EngineMaterials/Substrate/Glints2/dict_0006_0227.uasset" 3509
"../../../Engine/Content/EngineMaterials/Substrate/Glints2/dict_0000_0203.uexp" 3510
"../../../Engine/Content/EngineMaterials/Substrate/Glints2/dict_0000_0203.uasset" 3511
"../../../Engine/Content/EngineMaterials/Substrate/Glints2/dict_0000_0143.uexp" 3512
"../../../Engine/Content/EngineMaterials/Substrate/Glints2/dict_0000_0143.uasset" 3513
"../../../Engine/Content/EngineMaterials/Substrate/Glints2/dict_0007_0225.uasset" 3514
"../../../Engine/Content/EngineMaterials/Substrate/Glints2/dict_0007_0225.uexp" 3515
"../../../Engine/Content/EngineMaterials/Substrate/Glints2/dict_0004_0153.uasset" 3516
"../../../Engine/Content/EngineMaterials/Substrate/Glints2/dict_0004_0153.uexp" 3517
"../../../Engine/Content/EngineMaterials/Substrate/Glints2/dict_0006_0087.uasset" 3518
"../../../Engine/Content/EngineMaterials/Substrate/Glints2/dict_0006_0087.uexp" 3519
"../../../Engine/Content/EngineMaterials/Substrate/Glints2/dict_0001_0081.uasset" 3520
"../../../Engine/Content/EngineMaterials/Substrate/Glints2/dict_0001_0081.uexp" 3521
"../../../Engine/Content/EngineMaterials/Substrate/Glints2/dict_0003_0081.uexp" 3522
"../../../Engine/Content/EngineMaterials/Substrate/Glints2/dict_0003_0081.uasset" 3523
"../../../Engine/Content/EngineMaterials/Substrate/Glints2/dict_0007_0173.uexp" 3524
"../../../Engine/Content/EngineMaterials/Substrate/Glints2/dict_0007_0173.uasset" 3525
"../../../Engine/Content/EngineMaterials/Substrate/Glints2/dict_0002_0217.uasset" 3526
"../../../Engine/Content/EngineMaterials/Substrate/Glints2/dict_0002_0217.uexp" 3527
"../../../Engine/Content/EngineMaterials/Substrate/Glints2/dict_0002_0180.uasset" 3528
"../../../Engine/Content/EngineMaterials/Substrate/Glints2/dict_0002_0180.uexp" 3529
"../../../Engine/Content/EngineMaterials/Substrate/Glints2/dict_0003_0204.uexp" 3530
"../../../Engine/Content/EngineMaterials/Substrate/Glints2/dict_0003_0204.uasset" 3531
"../../../Engine/Content/EngineMaterials/Substrate/Glints2/dict_0002_0240.uasset" 3532
"../../../Engine/Content/EngineMaterials/Substrate/Glints2/dict_0002_0240.uexp" 3533
"../../../Engine/Content/EngineMaterials/Substrate/Glints2/dict_0003_0149.uexp" 3534
"../../../Engine/Content/EngineMaterials/Substrate/Glints2/dict_0003_0149.uasset" 3535
"../../../Engine/Content/EngineMaterials/Substrate/Glints2/dict_0007_0250.uasset" 3536
"../../../Engine/Content/EngineMaterials/Substrate/Glints2/dict_0007_0250.uexp" 3537
"../../../Engine/Content/EngineMaterials/Substrate/Glints2/dict_0002_0234.uexp" 3538
"../../../Engine/Content/EngineMaterials/Substrate/Glints2/dict_0002_0234.uasset" 3539
"../../../Engine/Content/EngineMaterials/Substrate/Glints2/dict_0000_0098.uexp" 3540
"../../../Engine/Content/EngineMaterials/Substrate/Glints2/dict_0000_0098.uasset" 3541
"../../../Engine/Content/EngineMaterials/Substrate/Glints2/dict_0007_0109.uexp" 3542
"../../../Engine/Content/EngineMaterials/Substrate/Glints2/dict_0007_0109.uasset" 3543
"../../../Engine/Content/EngineMaterials/Substrate/Glints2/dict_0003_0003.uexp" 3544
"../../../Engine/Content/EngineMaterials/Substrate/Glints2/dict_0003_0003.uasset" 3545
"../../../Engine/Content/EngineMaterials/Substrate/Glints2/dict_0006_0198.uasset" 3546
"../../../Engine/Content/EngineMaterials/Substrate/Glints2/dict_0006_0198.uexp" 3547
"../../../Engine/Content/EngineMaterials/Substrate/Glints2/dict_0005_0035.uasset" 3548
"../../../Engine/Content/EngineMaterials/Substrate/Glints2/dict_0005_0035.uexp" 3549
"../../../Engine/Content/EngineMaterials/Substrate/Glints2/dict_0001_0243.uasset" 3550
"../../../Engine/Content/EngineMaterials/Substrate/Glints2/dict_0001_0243.uexp" 3551
"../../../Engine/Content/EngineMaterials/Substrate/Glints2/dict_0003_0234.uexp" 3552
"../../../Engine/Content/EngineMaterials/Substrate/Glints2/dict_0003_0234.uasset" 3553
"../../../Engine/Content/EngineMaterials/Substrate/Glints2/dict_0000_0231.uexp" 3554
"../../../Engine/Content/EngineMaterials/Substrate/Glints2/dict_0000_0231.uasset" 3555
"../../../Engine/Content/EngineMaterials/Substrate/Glints2/dict_0003_0248.uexp" 3556
"../../../Engine/Content/EngineMaterials/Substrate/Glints2/dict_0003_0248.uasset" 3557
"../../../Engine/Content/EngineMaterials/Substrate/Glints2/dict_0007_0191.uexp" 3558
"../../../Engine/Content/EngineMaterials/Substrate/Glints2/dict_0007_0191.uasset" 3559
"../../../Engine/Content/EngineMaterials/Substrate/Glints2/dict_0003_0139.uasset" 3560
"../../../Engine/Content/EngineMaterials/Substrate/Glints2/dict_0003_0139.uexp" 3561
"../../../Engine/Content/EngineMaterials/Substrate/Glints2/dict_0004_0107.uexp" 3562
"../../../Engine/Content/EngineMaterials/Substrate/Glints2/dict_0004_0107.uasset" 3563
"../../../Engine/Content/EngineMaterials/Substrate/Glints2/dict_0002_0159.uasset" 3564
"../../../Engine/Content/EngineMaterials/Substrate/Glints2/dict_0002_0159.uexp" 3565
"../../../Engine/Content/EngineMaterials/Substrate/Glints2/dict_0002_0192.uexp" 3566
"../../../Engine/Content/EngineMaterials/Substrate/Glints2/dict_0002_0192.uasset" 3567
"../../../Engine/Content/EngineMaterials/Substrate/Glints2/dict_0002_0093.uexp" 3568
"../../../Engine/Content/EngineMaterials/Substrate/Glints2/dict_0002_0093.uasset" 3569
"../../../Engine/Content/EngineMaterials/Substrate/Glints2/dict_0003_0202.uasset" 3570
"../../../Engine/Content/EngineMaterials/Substrate/Glints2/dict_0003_0202.uexp" 3571
"../../../Engine/Content/EngineMaterials/Substrate/Glints2/dict_0007_0043.uasset" 3572
"../../../Engine/Content/EngineMaterials/Substrate/Glints2/dict_0007_0043.uexp" 3573
"../../../Engine/Content/EngineMaterials/Substrate/Glints2/dict_0003_0173.uexp" 3574
"../../../Engine/Content/EngineMaterials/Substrate/Glints2/dict_0003_0173.uasset" 3575
"../../../Engine/Content/EngineMaterials/Substrate/Glints2/dict_0000_0159.uexp" 3576
"../../../Engine/Content/EngineMaterials/Substrate/Glints2/dict_0000_0159.uasset" 3577
"../../../Engine/Content/EngineMaterials/Substrate/Glints2/dict_0007_0208.uasset" 3578
"../../../Engine/Content/EngineMaterials/Substrate/Glints2/dict_0007_0208.uexp" 3579
"../../../Engine/Content/EngineMaterials/Substrate/Glints2/dict_0007_0112.uexp" 3580
"../../../Engine/Content/EngineMaterials/Substrate/Glints2/dict_0007_0112.uasset" 3581
"../../../Engine/Content/EngineMaterials/Substrate/Glints2/dict_0003_0097.uasset" 3582
"../../../Engine/Content/EngineMaterials/Substrate/Glints2/dict_0003_0097.uexp" 3583
"../../../Engine/Content/EngineMaterials/Substrate/Glints2/dict_0001_0095.uexp" 3584
"../../../Engine/Content/EngineMaterials/Substrate/Glints2/dict_0001_0095.uasset" 3585
"../../../Engine/Content/EngineMaterials/Substrate/Glints2/dict_0001_0078.uexp" 3586
"../../../Engine/Content/EngineMaterials/Substrate/Glints2/dict_0001_0078.uasset" 3587
"../../../Engine/Content/EngineMaterials/Substrate/Glints2/dict_0007_0146.uasset" 3588
"../../../Engine/Content/EngineMaterials/Substrate/Glints2/dict_0007_0146.uexp" 3589
"../../../Engine/Content/EngineMaterials/Substrate/Glints2/dict_0007_0046.uexp" 3590
"../../../Engine/Content/EngineMaterials/Substrate/Glints2/dict_0007_0046.uasset" 3591
"../../../Engine/Content/EngineMaterials/Substrate/Glints2/dict_0002_0239.uexp" 3592
"../../../Engine/Content/EngineMaterials/Substrate/Glints2/dict_0002_0239.uasset" 3593
"../../../Engine/Content/EngineMaterials/Substrate/Glints2/dict_0001_0042.uexp" 3594
"../../../Engine/Content/EngineMaterials/Substrate/Glints2/dict_0001_0042.uasset" 3595
"../../../Engine/Content/EngineMaterials/Substrate/Glints2/dict_0001_0109.uexp" 3596
"../../../Engine/Content/EngineMaterials/Substrate/Glints2/dict_0001_0109.uasset" 3597
"../../../Engine/Content/EngineMaterials/Substrate/Glints2/dict_0003_0243.uasset" 3598
"../../../Engine/Content/EngineMaterials/Substrate/Glints2/dict_0003_0243.uexp" 3599
"../../../Engine/Content/EngineMaterials/Substrate/Glints2/dict_0002_0181.uexp" 3600
"../../../Engine/Content/EngineMaterials/Substrate/Glints2/dict_0002_0181.uasset" 3601
"../../../Engine/Content/EngineMaterials/Substrate/Glints2/dict_0003_0104.uexp" 3602
"../../../Engine/Content/EngineMaterials/Substrate/Glints2/dict_0003_0104.uasset" 3603
"../../../Engine/Content/EngineMaterials/Substrate/Glints2/dict_0005_0061.uexp" 3604
"../../../Engine/Content/EngineMaterials/Substrate/Glints2/dict_0005_0061.uasset" 3605
"../../../Engine/Content/EngineMaterials/Substrate/Glints2/dict_0006_0097.uasset" 3606
"../../../Engine/Content/EngineMaterials/Substrate/Glints2/dict_0006_0097.uexp" 3607
"../../../Engine/Content/EngineMaterials/Substrate/Glints2/dict_0007_0255.uasset" 3608
"../../../Engine/Content/EngineMaterials/Substrate/Glints2/dict_0007_0255.uexp" 3609
"../../../Engine/Content/EngineMaterials/Substrate/Glints2/dict_0002_0080.uexp" 3610
"../../../Engine/Content/EngineMaterials/Substrate/Glints2/dict_0002_0080.uasset" 3611
"../../../Engine/Content/EngineMaterials/Substrate/Glints2/dict_0007_0014.uasset" 3612
"../../../Engine/Content/EngineMaterials/Substrate/Glints2/dict_0007_0014.uexp" 3613
"../../../Engine/Content/EngineMaterials/Substrate/Glints2/dict_0005_0075.uexp" 3614
"../../../Engine/Content/EngineMaterials/Substrate/Glints2/dict_0005_0075.uasset" 3615
"../../../Engine/Content/EngineMaterials/Substrate/Glints2/dict_0000_0073.uasset" 3616
"../../../Engine/Content/EngineMaterials/Substrate/Glints2/dict_0000_0073.uexp" 3617
"../../../Engine/Content/EngineMaterials/Substrate/Glints2/dict_0002_0037.uexp" 3618
"../../../Engine/Content/EngineMaterials/Substrate/Glints2/dict_0002_0037.uasset" 3619
"../../../Engine/Content/EngineMaterials/Substrate/Glints2/dict_0002_0052.uexp" 3620
"../../../Engine/Content/EngineMaterials/Substrate/Glints2/dict_0002_0052.uasset" 3621
"../../../Engine/Content/EngineMaterials/Substrate/Glints2/dict_0002_0231.uasset" 3622
"../../../Engine/Content/EngineMaterials/Substrate/Glints2/dict_0002_0231.uexp" 3623
"../../../Engine/Content/EngineMaterials/Substrate/Glints2/dict_0001_0033.uexp" 3624
"../../../Engine/Content/EngineMaterials/Substrate/Glints2/dict_0001_0033.uasset" 3625
"../../../Engine/Content/EngineMaterials/Substrate/Glints2/dict_0001_0104.uexp" 3626
"../../../Engine/Content/EngineMaterials/Substrate/Glints2/dict_0001_0104.uasset" 3627
"../../../Engine/Content/EngineMaterials/Substrate/Glints2/dict_0006_0056.uasset" 3628
"../../../Engine/Content/EngineMaterials/Substrate/Glints2/dict_0006_0056.uexp" 3629
"../../../Engine/Content/EngineMaterials/Substrate/Glints2/dict_0007_0227.uexp" 3630
"../../../Engine/Content/EngineMaterials/Substrate/Glints2/dict_0007_0227.uasset" 3631
"../../../Engine/Content/EngineMaterials/Substrate/Glints2/dict_0005_0129.uasset" 3632
"../../../Engine/Content/EngineMaterials/Substrate/Glints2/dict_0005_0129.uexp" 3633
"../../../Engine/Content/EngineMaterials/Substrate/Glints2/dict_0006_0195.uasset" 3634
"../../../Engine/Content/EngineMaterials/Substrate/Glints2/dict_0006_0195.uexp" 3635
"../../../Engine/Content/EngineMaterials/Substrate/Glints2/dict_0006_0118.uexp" 3636
"../../../Engine/Content/EngineMaterials/Substrate/Glints2/dict_0006_0118.uasset" 3637
"../../../Engine/Content/EngineMaterials/Substrate/Glints2/dict_0006_0231.uexp" 3638
"../../../Engine/Content/EngineMaterials/Substrate/Glints2/dict_0006_0231.uasset" 3639
"../../../Engine/Content/EngineMaterials/Substrate/Glints2/dict_0000_0141.uasset" 3640
"../../../Engine/Content/EngineMaterials/Substrate/Glints2/dict_0000_0141.uexp" 3641
"../../../Engine/Content/EngineMaterials/Substrate/Glints2/dict_0003_0018.uexp" 3642
"../../../Engine/Content/EngineMaterials/Substrate/Glints2/dict_0003_0018.uasset" 3643
"../../../Engine/Content/EngineMaterials/Substrate/Glints2/dict_0000_0064.uasset" 3644
"../../../Engine/Content/EngineMaterials/Substrate/Glints2/dict_0000_0064.uexp" 3645
"../../../Engine/Content/EngineMaterials/Substrate/Glints2/dict_0001_0143.uasset" 3646
"../../../Engine/Content/EngineMaterials/Substrate/Glints2/dict_0001_0143.uexp" 3647
"../../../Engine/Content/EngineMaterials/Substrate/Glints2/dict_0007_0139.uexp" 3648
"../../../Engine/Content/EngineMaterials/Substrate/Glints2/dict_0007_0139.uasset" 3649
"../../../Engine/Content/EngineMaterials/Substrate/Glints2/dict_0004_0050.uexp" 3650
"../../../Engine/Content/EngineMaterials/Substrate/Glints2/dict_0004_0050.uasset" 3651
"../../../Engine/Content/EngineMaterials/Substrate/Glints2/dict_0000_0128.uexp" 3652
"../../../Engine/Content/EngineMaterials/Substrate/Glints2/dict_0000_0128.uasset" 3653
"../../../Engine/Content/EngineMaterials/Substrate/Glints2/dict_0001_0147.uasset" 3654
"../../../Engine/Content/EngineMaterials/Substrate/Glints2/dict_0001_0147.uexp" 3655
"../../../Engine/Content/EngineMaterials/Substrate/Glints2/dict_0002_0013.uexp" 3656
"../../../Engine/Content/EngineMaterials/Substrate/Glints2/dict_0002_0013.uasset" 3657
"../../../Engine/Content/EngineMaterials/Substrate/Glints2/dict_0004_0089.uexp" 3658
"../../../Engine/Content/EngineMaterials/Substrate/Glints2/dict_0004_0089.uasset" 3659
"../../../Engine/Content/EngineMaterials/Substrate/Glints2/dict_0004_0207.uasset" 3660
"../../../Engine/Content/EngineMaterials/Substrate/Glints2/dict_0004_0207.uexp" 3661
"../../../Engine/Content/EngineMaterials/Substrate/Glints2/dict_0002_0201.uasset" 3662
"../../../Engine/Content/EngineMaterials/Substrate/Glints2/dict_0002_0201.uexp" 3663
"../../../Engine/Content/EngineMaterials/Substrate/Glints2/dict_0003_0050.uasset" 3664
"../../../Engine/Content/EngineMaterials/Substrate/Glints2/dict_0003_0050.uexp" 3665
"../../../Engine/Content/EngineMaterials/Substrate/Glints2/dict_0006_0015.uasset" 3666
"../../../Engine/Content/EngineMaterials/Substrate/Glints2/dict_0006_0015.uexp" 3667
"../../../Engine/Content/EngineMaterials/Substrate/Glints2/dict_0001_0223.uasset" 3668
"../../../Engine/Content/EngineMaterials/Substrate/Glints2/dict_0001_0223.uexp" 3669
"../../../Engine/Content/EngineMaterials/Substrate/Glints2/dict_0007_0239.uasset" 3670
"../../../Engine/Content/EngineMaterials/Substrate/Glints2/dict_0007_0239.uexp" 3671
"../../../Engine/Content/EngineMaterials/Substrate/Glints2/dict_0002_0078.uexp" 3672
"../../../Engine/Content/EngineMaterials/Substrate/Glints2/dict_0002_0078.uasset" 3673
"../../../Engine/Content/EngineMaterials/Substrate/Glints2/dict_0002_0129.uexp" 3674
"../../../Engine/Content/EngineMaterials/Substrate/Glints2/dict_0002_0129.uasset" 3675
"../../../Engine/Content/EngineMaterials/Substrate/Glints2/dict_0003_0143.uasset" 3676
"../../../Engine/Content/EngineMaterials/Substrate/Glints2/dict_0003_0143.uexp" 3677
"../../../Engine/Content/EngineMaterials/Substrate/Glints2/dict_0003_0033.uexp" 3678
"../../../Engine/Content/EngineMaterials/Substrate/Glints2/dict_0003_0033.uasset" 3679
"../../../Engine/Content/EngineMaterials/Substrate/Glints2/dict_0005_0249.uasset" 3680
"../../../Engine/Content/EngineMaterials/Substrate/Glints2/dict_0005_0249.uexp" 3681
"../../../Engine/Content/EngineMaterials/Substrate/Glints2/dict_0004_0185.uexp" 3682
"../../../Engine/Content/EngineMaterials/Substrate/Glints2/dict_0004_0185.uasset" 3683
"../../../Engine/Content/EngineMaterials/Substrate/Glints2/dict_0001_0043.uasset" 3684
"../../../Engine/Content/EngineMaterials/Substrate/Glints2/dict_0001_0043.uexp" 3685
"../../../Engine/Content/EngineMaterials/Substrate/Glints2/dict_0004_0255.uexp" 3686
"../../../Engine/Content/EngineMaterials/Substrate/Glints2/dict_0004_0255.uasset" 3687
"../../../Engine/Content/EngineMaterials/Substrate/Glints2/dict_0005_0137.uasset" 3688
"../../../Engine/Content/EngineMaterials/Substrate/Glints2/dict_0005_0137.uexp" 3689
"../../../Engine/Content/EngineMaterials/Substrate/Glints2/dict_0004_0173.uasset" 3690
"../../../Engine/Content/EngineMaterials/Substrate/Glints2/dict_0004_0173.uexp" 3691
"../../../Engine/Content/EngineMaterials/Substrate/Glints2/dict_0005_0154.uasset" 3692
"../../../Engine/Content/EngineMaterials/Substrate/Glints2/dict_0005_0154.uexp" 3693
"../../../Engine/Content/EngineMaterials/Substrate/Glints2/dict_0007_0219.uasset" 3694
"../../../Engine/Content/EngineMaterials/Substrate/Glints2/dict_0007_0219.uexp" 3695
"../../../Engine/Content/EngineMaterials/Substrate/Glints2/dict_0005_0190.uasset" 3696
"../../../Engine/Content/EngineMaterials/Substrate/Glints2/dict_0005_0190.uexp" 3697
"../../../Engine/Content/EngineMaterials/Substrate/Glints2/dict_0000_0070.uexp" 3698
"../../../Engine/Content/EngineMaterials/Substrate/Glints2/dict_0000_0070.uasset" 3699
"../../../Engine/Content/EngineMaterials/Substrate/Glints2/dict_0001_0144.uexp" 3700
"../../../Engine/Content/EngineMaterials/Substrate/Glints2/dict_0001_0144.uasset" 3701
"../../../Engine/Content/EngineMaterials/Substrate/Glints2/dict_0006_0146.uasset" 3702
"../../../Engine/Content/EngineMaterials/Substrate/Glints2/dict_0006_0146.uexp" 3703
"../../../Engine/Content/EngineMaterials/Substrate/Glints2/dict_0005_0247.uasset" 3704
"../../../Engine/Content/EngineMaterials/Substrate/Glints2/dict_0005_0247.uexp" 3705
"../../../Engine/Content/EngineMaterials/Substrate/Glints2/dict_0000_0163.uexp" 3706
"../../../Engine/Content/EngineMaterials/Substrate/Glints2/dict_0000_0163.uasset" 3707
"../../../Engine/Content/EngineMaterials/Substrate/Glints2/dict_0000_0176.uasset" 3708
"../../../Engine/Content/EngineMaterials/Substrate/Glints2/dict_0000_0176.uexp" 3709
"../../../Engine/Content/EngineMaterials/Substrate/Glints2/dict_0007_0242.uasset" 3710
"../../../Engine/Content/EngineMaterials/Substrate/Glints2/dict_0007_0242.uexp" 3711
"../../../Engine/Content/EngineMaterials/Substrate/Glints2/dict_0000_0094.uexp" 3712
"../../../Engine/Content/EngineMaterials/Substrate/Glints2/dict_0000_0094.uasset" 3713
"../../../Engine/Content/EngineMaterials/Substrate/Glints2/dict_0004_0149.uasset" 3714
"../../../Engine/Content/EngineMaterials/Substrate/Glints2/dict_0004_0149.uexp" 3715
"../../../Engine/Content/EngineMaterials/Substrate/Glints2/dict_0005_0000.uexp" 3716
"../../../Engine/Content/EngineMaterials/Substrate/Glints2/dict_0005_0000.uasset" 3717
"../../../Engine/Content/EngineMaterials/Substrate/Glints2/dict_0003_0187.uasset" 3718
"../../../Engine/Content/EngineMaterials/Substrate/Glints2/dict_0003_0187.uexp" 3719
"../../../Engine/Content/EngineMaterials/Substrate/Glints2/dict_0005_0162.uasset" 3720
"../../../Engine/Content/EngineMaterials/Substrate/Glints2/dict_0005_0162.uexp" 3721
"../../../Engine/Content/EngineMaterials/Substrate/Glints2/dict_0003_0010.uasset" 3722
"../../../Engine/Content/EngineMaterials/Substrate/Glints2/dict_0003_0010.uexp" 3723
"../../../Engine/Content/EngineMaterials/Substrate/Glints2/dict_0002_0176.uexp" 3724
"../../../Engine/Content/EngineMaterials/Substrate/Glints2/dict_0002_0176.uasset" 3725
"../../../Engine/Content/EngineMaterials/Substrate/Glints2/dict_0004_0194.uexp" 3726
"../../../Engine/Content/EngineMaterials/Substrate/Glints2/dict_0004_0194.uasset" 3727
"../../../Engine/Content/EngineMaterials/Substrate/Glints2/dict_0004_0112.uasset" 3728
"../../../Engine/Content/EngineMaterials/Substrate/Glints2/dict_0004_0112.uexp" 3729
"../../../Engine/Content/EngineMaterials/Substrate/Glints2/dict_0002_0112.uasset" 3730
"../../../Engine/Content/EngineMaterials/Substrate/Glints2/dict_0002_0112.uexp" 3731
"../../../Engine/Content/EngineMaterials/Substrate/Glints2/dict_0005_0187.uasset" 3732
"../../../Engine/Content/EngineMaterials/Substrate/Glints2/dict_0005_0187.uexp" 3733
"../../../Engine/Content/EngineMaterials/Substrate/Glints2/dict_0000_0078.uasset" 3734
"../../../Engine/Content/EngineMaterials/Substrate/Glints2/dict_0000_0078.uexp" 3735
"../../../Engine/Content/EngineMaterials/Substrate/Glints2/dict_0007_0170.uasset" 3736
"../../../Engine/Content/EngineMaterials/Substrate/Glints2/dict_0007_0170.uexp" 3737
"../../../Engine/Content/EngineMaterials/Substrate/Glints2/dict_0004_0072.uexp" 3738
"../../../Engine/Content/EngineMaterials/Substrate/Glints2/dict_0004_0072.uasset" 3739
"../../../Engine/Content/EngineMaterials/Substrate/Glints2/dict_0001_0229.uasset" 3740
"../../../Engine/Content/EngineMaterials/Substrate/Glints2/dict_0001_0229.uexp" 3741
"../../../Engine/Content/EngineMaterials/Substrate/Glints2/dict_0007_0039.uexp" 3742
"../../../Engine/Content/EngineMaterials/Substrate/Glints2/dict_0007_0039.uasset" 3743
"../../../Engine/Content/EngineMaterials/Substrate/Glints2/dict_0003_0000.uexp" 3744
"../../../Engine/Content/EngineMaterials/Substrate/Glints2/dict_0003_0000.uasset" 3745
"../../../Engine/Content/EngineMaterials/Substrate/Glints2/dict_0001_0026.uasset" 3746
"../../../Engine/Content/EngineMaterials/Substrate/Glints2/dict_0001_0026.uexp" 3747
"../../../Engine/Content/EngineMaterials/Substrate/Glints2/dict_0001_0008.uasset" 3748
"../../../Engine/Content/EngineMaterials/Substrate/Glints2/dict_0001_0008.uexp" 3749
"../../../Engine/Content/EngineMaterials/Substrate/Glints2/dict_0005_0218.uexp" 3750
"../../../Engine/Content/EngineMaterials/Substrate/Glints2/dict_0005_0218.uasset" 3751
"../../../Engine/Content/EngineMaterials/Substrate/Glints2/dict_0007_0189.uasset" 3752
"../../../Engine/Content/EngineMaterials/Substrate/Glints2/dict_0007_0189.uexp" 3753
"../../../Engine/Content/EngineMaterials/Substrate/Glints2/dict_0003_0008.uexp" 3754
"../../../Engine/Content/EngineMaterials/Substrate/Glints2/dict_0003_0008.uasset" 3755
"../../../Engine/Content/EngineMaterials/Substrate/Glints2/dict_0007_0214.uasset" 3756
"../../../Engine/Content/EngineMaterials/Substrate/Glints2/dict_0007_0214.uexp" 3757
"../../../Engine/Content/EngineMaterials/Substrate/Glints2/dict_0005_0119.uasset" 3758
"../../../Engine/Content/EngineMaterials/Substrate/Glints2/dict_0005_0119.uexp" 3759
"../../../Engine/Content/EngineMaterials/Substrate/Glints2/dict_0006_0000.uexp" 3760
"../../../Engine/Content/EngineMaterials/Substrate/Glints2/dict_0006_0000.uasset" 3761
"../../../Engine/Content/EngineMaterials/Substrate/Glints2/dict_0004_0148.uasset" 3762
"../../../Engine/Content/EngineMaterials/Substrate/Glints2/dict_0004_0148.uexp" 3763
"../../../Engine/Content/EngineMaterials/Substrate/Glints2/dict_0007_0180.uexp" 3764
"../../../Engine/Content/EngineMaterials/Substrate/Glints2/dict_0007_0180.uasset" 3765
"../../../Engine/Content/EngineMaterials/Substrate/Glints2/dict_0002_0163.uasset" 3766
"../../../Engine/Content/EngineMaterials/Substrate/Glints2/dict_0002_0163.uexp" 3767
"../../../Engine/Content/EngineMaterials/Substrate/Glints2/dict_0000_0224.uasset" 3768
"../../../Engine/Content/EngineMaterials/Substrate/Glints2/dict_0000_0224.uexp" 3769
"../../../Engine/Content/EngineMaterials/Substrate/Glints2/dict_0001_0134.uasset" 3770
"../../../Engine/Content/EngineMaterials/Substrate/Glints2/dict_0001_0134.uexp" 3771
"../../../Engine/Content/EngineMaterials/Substrate/Glints2/dict_0005_0194.uexp" 3772
"../../../Engine/Content/EngineMaterials/Substrate/Glints2/dict_0005_0194.uasset" 3773
"../../../Engine/Content/EngineMaterials/Substrate/Glints2/dict_0001_0067.uexp" 3774
"../../../Engine/Content/EngineMaterials/Substrate/Glints2/dict_0001_0067.uasset" 3775
"../../../Engine/Content/EngineMaterials/Substrate/Glints2/dict_0001_0215.uasset" 3776
"../../../Engine/Content/EngineMaterials/Substrate/Glints2/dict_0001_0215.uexp" 3777
"../../../Engine/Content/EngineMaterials/Substrate/Glints2/dict_0005_0141.uexp" 3778
"../../../Engine/Content/EngineMaterials/Substrate/Glints2/dict_0005_0141.uasset" 3779
"../../../Engine/Content/EngineMaterials/Substrate/Glints2/dict_0001_0238.uasset" 3780
"../../../Engine/Content/EngineMaterials/Substrate/Glints2/dict_0001_0238.uexp" 3781
"../../../Engine/Content/EngineMaterials/Substrate/Glints2/dict_0001_0094.uexp" 3782
"../../../Engine/Content/EngineMaterials/Substrate/Glints2/dict_0001_0094.uasset" 3783
"../../../Engine/Content/EngineMaterials/Substrate/Glints2/dict_0003_0029.uexp" 3784
"../../../Engine/Content/EngineMaterials/Substrate/Glints2/dict_0003_0029.uasset" 3785
"../../../Engine/Content/EngineMaterials/Substrate/Glints2/dict_0005_0006.uasset" 3786
"../../../Engine/Content/EngineMaterials/Substrate/Glints2/dict_0005_0006.uexp" 3787
"../../../Engine/Content/EngineMaterials/Substrate/Glints2/dict_0005_0091.uasset" 3788
"../../../Engine/Content/EngineMaterials/Substrate/Glints2/dict_0005_0091.uexp" 3789
"../../../Engine/Content/EngineMaterials/Substrate/Glints2/dict_0000_0248.uasset" 3790
"../../../Engine/Content/EngineMaterials/Substrate/Glints2/dict_0000_0248.uexp" 3791
"../../../Engine/Content/EngineMaterials/Substrate/Glints2/dict_0001_0193.uasset" 3792
"../../../Engine/Content/EngineMaterials/Substrate/Glints2/dict_0001_0193.uexp" 3793
"../../../Engine/Content/EngineMaterials/Substrate/Glints2/dict_0006_0016.uexp" 3794
"../../../Engine/Content/EngineMaterials/Substrate/Glints2/dict_0006_0016.uasset" 3795
"../../../Engine/Content/EngineMaterials/Substrate/Glints2/dict_0000_0068.uasset" 3796
"../../../Engine/Content/EngineMaterials/Substrate/Glints2/dict_0000_0068.uexp" 3797
"../../../Engine/Content/EngineMaterials/Substrate/Glints2/dict_0001_0196.uasset" 3798
"../../../Engine/Content/EngineMaterials/Substrate/Glints2/dict_0001_0196.uexp" 3799
"../../../Engine/Content/EngineMaterials/Substrate/Glints2/dict_0007_0193.uasset" 3800
"../../../Engine/Content/EngineMaterials/Substrate/Glints2/dict_0007_0193.uexp" 3801
"../../../Engine/Content/EngineMaterials/Substrate/Glints2/dict_0003_0170.uexp" 3802
"../../../Engine/Content/EngineMaterials/Substrate/Glints2/dict_0003_0170.uasset" 3803
"../../../Engine/Content/EngineMaterials/Substrate/Glints2/dict_0002_0053.uasset" 3804
"../../../Engine/Content/EngineMaterials/Substrate/Glints2/dict_0002_0053.uexp" 3805
"../../../Engine/Content/EngineMaterials/Substrate/Glints2/dict_0004_0123.uexp" 3806
"../../../Engine/Content/EngineMaterials/Substrate/Glints2/dict_0004_0123.uasset" 3807
"../../../Engine/Content/EngineMaterials/Substrate/Glints2/dict_0002_0228.uexp" 3808
"../../../Engine/Content/EngineMaterials/Substrate/Glints2/dict_0002_0228.uasset" 3809
"../../../Engine/Content/EngineMaterials/Substrate/Glints2/dict_0005_0242.uexp" 3810
"../../../Engine/Content/EngineMaterials/Substrate/Glints2/dict_0005_0242.uasset" 3811
"../../../Engine/Content/EngineMaterials/Substrate/Glints2/dict_0000_0006.uexp" 3812
"../../../Engine/Content/EngineMaterials/Substrate/Glints2/dict_0000_0006.uasset" 3813
"../../../Engine/Content/EngineMaterials/Substrate/Glints2/dict_0002_0023.uexp" 3814
"../../../Engine/Content/EngineMaterials/Substrate/Glints2/dict_0002_0023.uasset" 3815
"../../../Engine/Content/EngineMaterials/Substrate/Glints2/dict_0004_0252.uexp" 3816
"../../../Engine/Content/EngineMaterials/Substrate/Glints2/dict_0004_0252.uasset" 3817
"../../../Engine/Content/EngineMaterials/Substrate/Glints2/dict_0006_0024.uexp" 3818
"../../../Engine/Content/EngineMaterials/Substrate/Glints2/dict_0006_0024.uasset" 3819
"../../../Engine/Content/EngineMaterials/Substrate/Glints2/dict_0004_0021.uasset" 3820
"../../../Engine/Content/EngineMaterials/Substrate/Glints2/dict_0004_0021.uexp" 3821
"../../../Engine/Content/EngineMaterials/Substrate/Glints2/dict_0006_0092.uexp" 3822
"../../../Engine/Content/EngineMaterials/Substrate/Glints2/dict_0006_0092.uasset" 3823
"../../../Engine/Content/EngineMaterials/Substrate/Glints2/dict_0002_0216.uasset" 3824
"../../../Engine/Content/EngineMaterials/Substrate/Glints2/dict_0002_0216.uexp" 3825
"../../../Engine/Content/EngineMaterials/Substrate/Glints2/dict_0002_0016.uasset" 3826
"../../../Engine/Content/EngineMaterials/Substrate/Glints2/dict_0002_0016.uexp" 3827
"../../../Engine/Content/EngineMaterials/Substrate/Glints2/dict_0004_0225.uasset" 3828
"../../../Engine/Content/EngineMaterials/Substrate/Glints2/dict_0004_0225.uexp" 3829
"../../../Engine/Content/EngineMaterials/Substrate/Glints2/dict_0004_0097.uexp" 3830
"../../../Engine/Content/EngineMaterials/Substrate/Glints2/dict_0004_0097.uasset" 3831
"../../../Engine/Content/EngineMaterials/Substrate/Glints2/dict_0002_0028.uasset" 3832
"../../../Engine/Content/EngineMaterials/Substrate/Glints2/dict_0002_0028.uexp" 3833
"../../../Engine/Content/EngineMaterials/Substrate/Glints2/dict_0002_0010.uasset" 3834
"../../../Engine/Content/EngineMaterials/Substrate/Glints2/dict_0002_0010.uexp" 3835
"../../../Engine/Content/EngineMaterials/Substrate/Glints2/dict_0001_0049.uasset" 3836
"../../../Engine/Content/EngineMaterials/Substrate/Glints2/dict_0001_0049.uexp" 3837
"../../../Engine/Content/EngineMaterials/Substrate/Glints2/dict_0005_0041.uexp" 3838
"../../../Engine/Content/EngineMaterials/Substrate/Glints2/dict_0005_0041.uasset" 3839
"../../../Engine/Content/EngineMaterials/Substrate/Glints2/dict_0006_0034.uexp" 3840
"../../../Engine/Content/EngineMaterials/Substrate/Glints2/dict_0006_0034.uasset" 3841
"../../../Engine/Content/EngineMaterials/Substrate/Glints2/dict_0003_0112.uexp" 3842
"../../../Engine/Content/EngineMaterials/Substrate/Glints2/dict_0003_0112.uasset" 3843
"../../../Engine/Content/EngineMaterials/Substrate/Glints2/dict_0000_0012.uasset" 3844
"../../../Engine/Content/EngineMaterials/Substrate/Glints2/dict_0000_0012.uexp" 3845
"../../../Engine/Content/EngineMaterials/Substrate/Glints2/dict_0003_0209.uexp" 3846
"../../../Engine/Content/EngineMaterials/Substrate/Glints2/dict_0003_0209.uasset" 3847
"../../../Engine/Content/EngineMaterials/Substrate/Glints2/dict_0000_0131.uasset" 3848
"../../../Engine/Content/EngineMaterials/Substrate/Glints2/dict_0000_0131.uexp" 3849
"../../../Engine/Content/EngineMaterials/Substrate/Glints2/dict_0003_0194.uexp" 3850
"../../../Engine/Content/EngineMaterials/Substrate/Glints2/dict_0003_0194.uasset" 3851
"../../../Engine/Content/EngineMaterials/Substrate/Glints2/dict_0000_0206.uexp" 3852
"../../../Engine/Content/EngineMaterials/Substrate/Glints2/dict_0000_0206.uasset" 3853
"../../../Engine/Content/EngineMaterials/Substrate/Glints2/dict_0000_0250.uexp" 3854
"../../../Engine/Content/EngineMaterials/Substrate/Glints2/dict_0000_0250.uasset" 3855
"../../../Engine/Content/EngineMaterials/Substrate/Glints2/dict_0003_0236.uasset" 3856
"../../../Engine/Content/EngineMaterials/Substrate/Glints2/dict_0003_0236.uexp" 3857
"../../../Engine/Content/EngineMaterials/Substrate/Glints2/dict_0003_0228.uexp" 3858
"../../../Engine/Content/EngineMaterials/Substrate/Glints2/dict_0003_0228.uasset" 3859
"../../../Engine/Content/EngineMaterials/Substrate/Glints2/dict_0004_0033.uexp" 3860
"../../../Engine/Content/EngineMaterials/Substrate/Glints2/dict_0004_0033.uasset" 3861
"../../../Engine/Content/EngineMaterials/Substrate/Glints2/dict_0002_0056.uasset" 3862
"../../../Engine/Content/EngineMaterials/Substrate/Glints2/dict_0002_0056.uexp" 3863
"../../../Engine/Content/EngineMaterials/Substrate/Glints2/dict_0007_0051.uasset" 3864
"../../../Engine/Content/EngineMaterials/Substrate/Glints2/dict_0007_0051.uexp" 3865
"../../../Engine/Content/EngineMaterials/Substrate/Glints2/dict_0005_0032.uexp" 3866
"../../../Engine/Content/EngineMaterials/Substrate/Glints2/dict_0005_0032.uasset" 3867
"../../../Engine/Content/EngineMaterials/Substrate/Glints2/dict_0002_0227.uasset" 3868
"../../../Engine/Content/EngineMaterials/Substrate/Glints2/dict_0002_0227.uexp" 3869
"../../../Engine/Content/EngineMaterials/Substrate/Glints2/dict_0005_0081.uasset" 3870
"../../../Engine/Content/EngineMaterials/Substrate/Glints2/dict_0005_0081.uexp" 3871
"../../../Engine/Content/EngineMaterials/Substrate/Glints2/dict_0001_0236.uexp" 3872
"../../../Engine/Content/EngineMaterials/Substrate/Glints2/dict_0001_0236.uasset" 3873
"../../../Engine/Content/EngineMaterials/Substrate/Glints2/dict_0000_0071.uexp" 3874
"../../../Engine/Content/EngineMaterials/Substrate/Glints2/dict_0000_0071.uasset" 3875
"../../../Engine/Content/EngineMaterials/Substrate/Glints2/dict_0001_0205.uasset" 3876
"../../../Engine/Content/EngineMaterials/Substrate/Glints2/dict_0001_0205.uexp" 3877
"../../../Engine/Content/EngineMaterials/Substrate/Glints2/dict_0000_0245.uasset" 3878
"../../../Engine/Content/EngineMaterials/Substrate/Glints2/dict_0000_0245.uexp" 3879
"../../../Engine/Content/EngineMaterials/Substrate/Glints2/dict_0001_0061.uasset" 3880
"../../../Engine/Content/EngineMaterials/Substrate/Glints2/dict_0001_0061.uexp" 3881
"../../../Engine/Content/EngineMaterials/Substrate/Glints2/dict_0005_0098.uexp" 3882
"../../../Engine/Content/EngineMaterials/Substrate/Glints2/dict_0005_0098.uasset" 3883
"../../../Engine/Content/EngineMaterials/Substrate/Glints2/dict_0007_0167.uasset" 3884
"../../../Engine/Content/EngineMaterials/Substrate/Glints2/dict_0007_0167.uexp" 3885
"../../../Engine/Content/EngineMaterials/Substrate/Glints2/dict_0007_0188.uasset" 3886
"../../../Engine/Content/EngineMaterials/Substrate/Glints2/dict_0007_0188.uexp" 3887
"../../../Engine/Content/EngineMaterials/Substrate/Glints2/dict_0005_0233.uexp" 3888
"../../../Engine/Content/EngineMaterials/Substrate/Glints2/dict_0005_0233.uasset" 3889
"../../../Engine/Content/EngineMaterials/Substrate/Glints2/dict_0004_0066.uexp" 3890
"../../../Engine/Content/EngineMaterials/Substrate/Glints2/dict_0004_0066.uasset" 3891
"../../../Engine/Content/EngineMaterials/Substrate/Glints2/dict_0002_0085.uexp" 3892
"../../../Engine/Content/EngineMaterials/Substrate/Glints2/dict_0002_0085.uasset" 3893
"../../../Engine/Content/EngineMaterials/Substrate/Glints2/dict_0003_0240.uexp" 3894
"../../../Engine/Content/EngineMaterials/Substrate/Glints2/dict_0003_0240.uasset" 3895
"../../../Engine/Content/EngineMaterials/Substrate/Glints2/dict_0006_0255.uasset" 3896
"../../../Engine/Content/EngineMaterials/Substrate/Glints2/dict_0006_0255.uexp" 3897
"../../../Engine/Content/EngineMaterials/Substrate/Glints2/dict_0005_0181.uasset" 3898
"../../../Engine/Content/EngineMaterials/Substrate/Glints2/dict_0005_0181.uexp" 3899
"../../../Engine/Content/EngineMaterials/Substrate/Glints2/dict_0006_0090.uexp" 3900
"../../../Engine/Content/EngineMaterials/Substrate/Glints2/dict_0006_0090.uasset" 3901
"../../../Engine/Content/EngineMaterials/Substrate/Glints2/dict_0006_0217.uexp" 3902
"../../../Engine/Content/EngineMaterials/Substrate/Glints2/dict_0006_0217.uasset" 3903
"../../../Engine/Content/EngineMaterials/Substrate/Glints2/dict_0002_0224.uexp" 3904
"../../../Engine/Content/EngineMaterials/Substrate/Glints2/dict_0002_0224.uasset" 3905
"../../../Engine/Content/EngineMaterials/Substrate/Glints2/dict_0007_0148.uexp" 3906
"../../../Engine/Content/EngineMaterials/Substrate/Glints2/dict_0007_0148.uasset" 3907
"../../../Engine/Content/EngineMaterials/Substrate/Glints2/dict_0006_0188.uexp" 3908
"../../../Engine/Content/EngineMaterials/Substrate/Glints2/dict_0006_0188.uasset" 3909
"../../../Engine/Content/EngineMaterials/Substrate/Glints2/dict_0000_0249.uasset" 3910
"../../../Engine/Content/EngineMaterials/Substrate/Glints2/dict_0000_0249.uexp" 3911
"../../../Engine/Content/EngineMaterials/Substrate/Glints2/dict_0005_0014.uexp" 3912
"../../../Engine/Content/EngineMaterials/Substrate/Glints2/dict_0005_0014.uasset" 3913
"../../../Engine/Content/EngineMaterials/Substrate/Glints2/dict_0001_0103.uexp" 3914
"../../../Engine/Content/EngineMaterials/Substrate/Glints2/dict_0001_0103.uasset" 3915
"../../../Engine/Content/EngineMaterials/Substrate/Glints2/dict_0006_0250.uexp" 3916
"../../../Engine/Content/EngineMaterials/Substrate/Glints2/dict_0006_0250.uasset" 3917
"../../../Engine/Content/EngineMaterials/Substrate/Glints2/dict_0004_0186.uasset" 3918
"../../../Engine/Content/EngineMaterials/Substrate/Glints2/dict_0004_0186.uexp" 3919
"../../../Engine/Content/EngineMaterials/Substrate/Glints2/dict_0006_0233.uasset" 3920
"../../../Engine/Content/EngineMaterials/Substrate/Glints2/dict_0006_0233.uexp" 3921
"../../../Engine/Content/EngineMaterials/Substrate/Glints2/dict_0000_0195.uasset" 3922
"../../../Engine/Content/EngineMaterials/Substrate/Glints2/dict_0000_0195.uexp" 3923
"../../../Engine/Content/EngineMaterials/Substrate/Glints2/dict_0005_0013.uasset" 3924
"../../../Engine/Content/EngineMaterials/Substrate/Glints2/dict_0005_0013.uexp" 3925
"../../../Engine/Content/EngineMaterials/Substrate/Glints2/dict_0001_0202.uasset" 3926
"../../../Engine/Content/EngineMaterials/Substrate/Glints2/dict_0001_0202.uexp" 3927
"../../../Engine/Content/EngineMaterials/Substrate/Glints2/dict_0002_0132.uasset" 3928
"../../../Engine/Content/EngineMaterials/Substrate/Glints2/dict_0002_0132.uexp" 3929
"../../../Engine/Content/EngineMaterials/Substrate/Glints2/dict_0000_0104.uexp" 3930
"../../../Engine/Content/EngineMaterials/Substrate/Glints2/dict_0000_0104.uasset" 3931
"../../../Engine/Content/EngineMaterials/Substrate/Glints2/dict_0003_0079.uexp" 3932
"../../../Engine/Content/EngineMaterials/Substrate/Glints2/dict_0003_0079.uasset" 3933
"../../../Engine/Content/EngineMaterials/Substrate/Glints2/dict_0006_0153.uexp" 3934
"../../../Engine/Content/EngineMaterials/Substrate/Glints2/dict_0006_0153.uasset" 3935
"../../../Engine/Content/EngineMaterials/Substrate/Glints2/dict_0007_0055.uasset" 3936
"../../../Engine/Content/EngineMaterials/Substrate/Glints2/dict_0007_0055.uexp" 3937
"../../../Engine/Content/EngineMaterials/Substrate/Glints2/dict_0005_0251.uasset" 3938
"../../../Engine/Content/EngineMaterials/Substrate/Glints2/dict_0005_0251.uexp" 3939
"../../../Engine/Content/EngineMaterials/Substrate/Glints2/dict_0000_0111.uasset" 3940
"../../../Engine/Content/EngineMaterials/Substrate/Glints2/dict_0000_0111.uexp" 3941
"../../../Engine/Content/EngineMaterials/Substrate/Glints2/dict_0005_0175.uexp" 3942
"../../../Engine/Content/EngineMaterials/Substrate/Glints2/dict_0005_0175.uasset" 3943
"../../../Engine/Content/EngineMaterials/Substrate/Glints2/dict_0001_0075.uasset" 3944
"../../../Engine/Content/EngineMaterials/Substrate/Glints2/dict_0001_0075.uexp" 3945
"../../../Engine/Content/EngineMaterials/Substrate/Glints2/dict_0004_0136.uasset" 3946
"../../../Engine/Content/EngineMaterials/Substrate/Glints2/dict_0004_0136.uexp" 3947
"../../../Engine/Content/EngineMaterials/Substrate/Glints2/dict_0003_0051.uasset" 3948
"../../../Engine/Content/EngineMaterials/Substrate/Glints2/dict_0003_0051.uexp" 3949
"../../../Engine/Content/EngineMaterials/Substrate/Glints2/dict_0006_0221.uexp" 3950
"../../../Engine/Content/EngineMaterials/Substrate/Glints2/dict_0006_0221.uasset" 3951
"../../../Engine/Content/EngineMaterials/Substrate/Glints2/dict_0007_0201.uexp" 3952
"../../../Engine/Content/EngineMaterials/Substrate/Glints2/dict_0007_0201.uasset" 3953
"../../../Engine/Content/EngineMaterials/Substrate/Glints2/dict_0000_0058.uasset" 3954
"../../../Engine/Content/EngineMaterials/Substrate/Glints2/dict_0000_0058.uexp" 3955
"../../../Engine/Content/EngineMaterials/Substrate/Glints2/dict_0006_0131.uasset" 3956
"../../../Engine/Content/EngineMaterials/Substrate/Glints2/dict_0006_0131.uexp" 3957
"../../../Engine/Content/EngineMaterials/Substrate/Glints2/dict_0004_0223.uexp" 3958
"../../../Engine/Content/EngineMaterials/Substrate/Glints2/dict_0004_0223.uasset" 3959
"../../../Engine/Content/EngineMaterials/Substrate/Glints2/dict_0004_0032.uexp" 3960
"../../../Engine/Content/EngineMaterials/Substrate/Glints2/dict_0004_0032.uasset" 3961
"../../../Engine/Content/EngineMaterials/Substrate/Glints2/dict_0003_0155.uasset" 3962
"../../../Engine/Content/EngineMaterials/Substrate/Glints2/dict_0003_0155.uexp" 3963
"../../../Engine/Content/EngineMaterials/Substrate/Glints2/dict_0003_0206.uasset" 3964
"../../../Engine/Content/EngineMaterials/Substrate/Glints2/dict_0003_0206.uexp" 3965
"../../../Engine/Content/EngineMaterials/Substrate/Glints2/dict_0004_0085.uexp" 3966
"../../../Engine/Content/EngineMaterials/Substrate/Glints2/dict_0004_0085.uasset" 3967
"../../../Engine/Content/EngineMaterials/Substrate/Glints2/dict_0005_0090.uexp" 3968
"../../../Engine/Content/EngineMaterials/Substrate/Glints2/dict_0005_0090.uasset" 3969
"../../../Engine/Content/EngineMaterials/Substrate/Glints2/dict_0000_0116.uasset" 3970
"../../../Engine/Content/EngineMaterials/Substrate/Glints2/dict_0000_0116.uexp" 3971
"../../../Engine/Content/EngineMaterials/Substrate/Glints2/dict_0006_0010.uexp" 3972
"../../../Engine/Content/EngineMaterials/Substrate/Glints2/dict_0006_0010.uasset" 3973
"../../../Engine/Content/EngineMaterials/Substrate/Glints2/dict_0006_0169.uexp" 3974
"../../../Engine/Content/EngineMaterials/Substrate/Glints2/dict_0006_0169.uasset" 3975
"../../../Engine/Content/EngineMaterials/Substrate/Glints2/dict_0006_0154.uexp" 3976
"../../../Engine/Content/EngineMaterials/Substrate/Glints2/dict_0006_0154.uasset" 3977
"../../../Engine/Content/EngineMaterials/Substrate/Glints2/dict_0006_0060.uasset" 3978
"../../../Engine/Content/EngineMaterials/Substrate/Glints2/dict_0006_0060.uexp" 3979
"../../../Engine/Content/EngineMaterials/Substrate/Glints2/dict_0003_0147.uexp" 3980
"../../../Engine/Content/EngineMaterials/Substrate/Glints2/dict_0003_0147.uasset" 3981
"../../../Engine/Content/EngineMaterials/Substrate/Glints2/dict_0002_0082.uasset" 3982
"../../../Engine/Content/EngineMaterials/Substrate/Glints2/dict_0002_0082.uexp" 3983
"../../../Engine/Content/EngineMaterials/Substrate/Glints2/dict_0007_0156.uexp" 3984
"../../../Engine/Content/EngineMaterials/Substrate/Glints2/dict_0007_0156.uasset" 3985
"../../../Engine/Content/EngineMaterials/Substrate/Glints2/dict_0005_0157.uexp" 3986
"../../../Engine/Content/EngineMaterials/Substrate/Glints2/dict_0005_0157.uasset" 3987
"../../../Engine/Content/EngineMaterials/Substrate/Glints2/dict_0007_0145.uexp" 3988
"../../../Engine/Content/EngineMaterials/Substrate/Glints2/dict_0007_0145.uasset" 3989
"../../../Engine/Content/EngineMaterials/Substrate/Glints2/dict_0006_0197.uexp" 3990
"../../../Engine/Content/EngineMaterials/Substrate/Glints2/dict_0006_0197.uasset" 3991
"../../../Engine/Content/EngineMaterials/Substrate/Glints2/dict_0005_0178.uasset" 3992
"../../../Engine/Content/EngineMaterials/Substrate/Glints2/dict_0005_0178.uexp" 3993
"../../../Engine/Content/EngineMaterials/Substrate/Glints2/dict_0003_0150.uasset" 3994
"../../../Engine/Content/EngineMaterials/Substrate/Glints2/dict_0003_0150.uexp" 3995
"../../../Engine/Content/EngineMaterials/Substrate/Glints2/dict_0003_0211.uasset" 3996
"../../../Engine/Content/EngineMaterials/Substrate/Glints2/dict_0003_0211.uexp" 3997
"../../../Engine/Content/EngineMaterials/Substrate/Glints2/dict_0004_0101.uexp" 3998
"../../../Engine/Content/EngineMaterials/Substrate/Glints2/dict_0004_0101.uasset" 3999
"../../../Engine/Content/EngineMaterials/Substrate/Glints2/dict_0006_0048.uasset" 4000
"../../../Engine/Content/EngineMaterials/Substrate/Glints2/dict_0006_0048.uexp" 4001
"../../../Engine/Content/EngineMaterials/Substrate/Glints2/dict_0003_0031.uasset" 4002
"../../../Engine/Content/EngineMaterials/Substrate/Glints2/dict_0003_0031.uexp" 4003
"../../../Engine/Content/EngineMaterials/Substrate/Glints2/dict_0007_0160.uexp" 4004
"../../../Engine/Content/EngineMaterials/Substrate/Glints2/dict_0007_0160.uasset" 4005
"../../../Engine/Content/EngineMaterials/Substrate/Glints2/dict_0005_0235.uexp" 4006
"../../../Engine/Content/EngineMaterials/Substrate/Glints2/dict_0005_0235.uasset" 4007
"../../../Engine/Content/EngineMaterials/Substrate/Glints2/dict_0003_0141.uexp" 4008
"../../../Engine/Content/EngineMaterials/Substrate/Glints2/dict_0003_0141.uasset" 4009
"../../../Engine/Content/EngineMaterials/Substrate/Glints2/dict_0001_0069.uasset" 4010
"../../../Engine/Content/EngineMaterials/Substrate/Glints2/dict_0001_0069.uexp" 4011
"../../../Engine/Content/EngineMaterials/Substrate/Glints2/dict_0007_0120.uasset" 4012
"../../../Engine/Content/EngineMaterials/Substrate/Glints2/dict_0007_0120.uexp" 4013
"../../../Engine/Content/EngineMaterials/Substrate/Glints2/dict_0000_0050.uexp" 4014
"../../../Engine/Content/EngineMaterials/Substrate/Glints2/dict_0000_0050.uasset" 4015
"../../../Engine/Content/EngineMaterials/Substrate/Glints2/dict_0007_0075.uasset" 4016
"../../../Engine/Content/EngineMaterials/Substrate/Glints2/dict_0007_0075.uexp" 4017
"../../../Engine/Content/EngineMaterials/Substrate/Glints2/dict_0007_0231.uasset" 4018
"../../../Engine/Content/EngineMaterials/Substrate/Glints2/dict_0007_0231.uexp" 4019
"../../../Engine/Content/EngineMaterials/Substrate/Glints2/dict_0005_0215.uexp" 4020
"../../../Engine/Content/EngineMaterials/Substrate/Glints2/dict_0005_0215.uasset" 4021
"../../../Engine/Content/EngineMaterials/Substrate/Glints2/dict_0001_0251.uexp" 4022
"../../../Engine/Content/EngineMaterials/Substrate/Glints2/dict_0001_0251.uasset" 4023
"../../../Engine/Content/EngineMaterials/Substrate/Glints2/dict_0004_0065.uexp" 4024
"../../../Engine/Content/EngineMaterials/Substrate/Glints2/dict_0004_0065.uasset" 4025
"../../../Engine/Content/EngineMaterials/Substrate/Glints2/dict_0005_0145.uexp" 4026
"../../../Engine/Content/EngineMaterials/Substrate/Glints2/dict_0005_0145.uasset" 4027
"../../../Engine/Content/EngineMaterials/Substrate/Glints2/dict_0003_0106.uexp" 4028
"../../../Engine/Content/EngineMaterials/Substrate/Glints2/dict_0003_0106.uasset" 4029
"../../../Engine/Content/EngineMaterials/Substrate/Glints2/dict_0006_0067.uexp" 4030
"../../../Engine/Content/EngineMaterials/Substrate/Glints2/dict_0006_0067.uasset" 4031
"../../../Engine/Content/EngineMaterials/Substrate/Glints2/dict_0007_0092.uexp" 4032
"../../../Engine/Content/EngineMaterials/Substrate/Glints2/dict_0007_0092.uasset" 4033
"../../../Engine/Content/EngineMaterials/Substrate/Glints2/dict_0002_0055.uexp" 4034
"../../../Engine/Content/EngineMaterials/Substrate/Glints2/dict_0002_0055.uasset" 4035
"../../../Engine/Content/EngineMaterials/Substrate/Glints2/dict_0005_0140.uexp" 4036
"../../../Engine/Content/EngineMaterials/Substrate/Glints2/dict_0005_0140.uasset" 4037
"../../../Engine/Content/EngineMaterials/Substrate/Glints2/dict_0001_0130.uasset" 4038
"../../../Engine/Content/EngineMaterials/Substrate/Glints2/dict_0001_0130.uexp" 4039
"../../../Engine/Content/EngineMaterials/Substrate/Glints2/dict_0003_0254.uexp" 4040
"../../../Engine/Content/EngineMaterials/Substrate/Glints2/dict_0003_0254.uasset" 4041
"../../../Engine/Content/EngineMaterials/Substrate/Glints2/dict_0004_0187.uasset" 4042
"../../../Engine/Content/EngineMaterials/Substrate/Glints2/dict_0004_0187.uexp" 4043
"../../../Engine/Content/EngineMaterials/Substrate/Glints2/dict_0004_0200.uasset" 4044
"../../../Engine/Content/EngineMaterials/Substrate/Glints2/dict_0004_0200.uexp" 4045
"../../../Engine/Content/EngineMaterials/Substrate/Glints2/dict_0001_0014.uasset" 4046
"../../../Engine/Content/EngineMaterials/Substrate/Glints2/dict_0001_0014.uexp" 4047
"../../../Engine/Content/EngineMaterials/Substrate/Glints2/dict_0000_0130.uexp" 4048
"../../../Engine/Content/EngineMaterials/Substrate/Glints2/dict_0000_0130.uasset" 4049
"../../../Engine/Content/EngineMaterials/Substrate/Glints2/dict_0005_0124.uasset" 4050
"../../../Engine/Content/EngineMaterials/Substrate/Glints2/dict_0005_0124.uexp" 4051
"../../../Engine/Content/EngineMaterials/Substrate/Glints2/dict_0005_0248.uexp" 4052
"../../../Engine/Content/EngineMaterials/Substrate/Glints2/dict_0005_0248.uasset" 4053
"../../../Engine/Content/EngineMaterials/Substrate/Glints2/dict_0004_0221.uasset" 4054
"../../../Engine/Content/EngineMaterials/Substrate/Glints2/dict_0004_0221.uexp" 4055
"../../../Engine/Content/EngineMaterials/Substrate/Glints2/dict_0002_0111.uexp" 4056
"../../../Engine/Content/EngineMaterials/Substrate/Glints2/dict_0002_0111.uasset" 4057
"../../../Engine/Content/EngineMaterials/Substrate/Glints2/dict_0000_0127.uasset" 4058
"../../../Engine/Content/EngineMaterials/Substrate/Glints2/dict_0000_0127.uexp" 4059
"../../../Engine/Content/EngineMaterials/Substrate/Glints2/dict_0002_0222.uexp" 4060
"../../../Engine/Content/EngineMaterials/Substrate/Glints2/dict_0002_0222.uasset" 4061
"../../../Engine/Content/EngineMaterials/Substrate/Glints2/dict_0005_0208.uexp" 4062
"../../../Engine/Content/EngineMaterials/Substrate/Glints2/dict_0005_0208.uasset" 4063
"../../../Engine/Content/EngineMaterials/Substrate/Glints2/dict_0006_0214.uasset" 4064
"../../../Engine/Content/EngineMaterials/Substrate/Glints2/dict_0006_0214.uexp" 4065
"../../../Engine/Content/EngineMaterials/Substrate/Glints2/dict_0002_0046.uexp" 4066
"../../../Engine/Content/EngineMaterials/Substrate/Glints2/dict_0002_0046.uasset" 4067
"../../../Engine/Content/EngineMaterials/Substrate/Glints2/dict_0005_0229.uexp" 4068
"../../../Engine/Content/EngineMaterials/Substrate/Glints2/dict_0005_0229.uasset" 4069
"../../../Engine/Content/EngineMaterials/Substrate/Glints2/dict_0003_0113.uasset" 4070
"../../../Engine/Content/EngineMaterials/Substrate/Glints2/dict_0003_0113.uexp" 4071
"../../../Engine/Content/EngineMaterials/Substrate/Glints2/dict_0003_0146.uasset" 4072
"../../../Engine/Content/EngineMaterials/Substrate/Glints2/dict_0003_0146.uexp" 4073
"../../../Engine/Content/EngineMaterials/Substrate/Glints2/dict_0005_0089.uasset" 4074
"../../../Engine/Content/EngineMaterials/Substrate/Glints2/dict_0005_0089.uexp" 4075
"../../../Engine/Content/EngineMaterials/Substrate/Glints2/dict_0001_0120.uasset" 4076
"../../../Engine/Content/EngineMaterials/Substrate/Glints2/dict_0001_0120.uexp" 4077
"../../../Engine/Content/EngineMaterials/Substrate/Glints2/dict_0003_0089.uasset" 4078
"../../../Engine/Content/EngineMaterials/Substrate/Glints2/dict_0003_0089.uexp" 4079
"../../../Engine/Content/EngineMaterials/Substrate/Glints2/dict_0001_0174.uexp" 4080
"../../../Engine/Content/EngineMaterials/Substrate/Glints2/dict_0001_0174.uasset" 4081
"../../../Engine/Content/EngineMaterials/Substrate/Glints2/dict_0006_0196.uexp" 4082
"../../../Engine/Content/EngineMaterials/Substrate/Glints2/dict_0006_0196.uasset" 4083
"../../../Engine/Content/EngineMaterials/Substrate/Glints2/dict_0005_0139.uasset" 4084
"../../../Engine/Content/EngineMaterials/Substrate/Glints2/dict_0005_0139.uexp" 4085
"../../../Engine/Content/EngineMaterials/Substrate/Glints2/dict_0006_0242.uexp" 4086
"../../../Engine/Content/EngineMaterials/Substrate/Glints2/dict_0006_0242.uasset" 4087
"../../../Engine/Content/EngineMaterials/Substrate/Glints2/dict_0003_0213.uexp" 4088
"../../../Engine/Content/EngineMaterials/Substrate/Glints2/dict_0003_0213.uasset" 4089
"../../../Engine/Content/EngineMaterials/Substrate/Glints2/dict_0005_0114.uasset" 4090
"../../../Engine/Content/EngineMaterials/Substrate/Glints2/dict_0005_0114.uexp" 4091
"../../../Engine/Content/EngineMaterials/Substrate/Glints2/dict_0004_0013.uexp" 4092
"../../../Engine/Content/EngineMaterials/Substrate/Glints2/dict_0004_0013.uasset" 4093
"../../../Engine/Content/EngineMaterials/Substrate/Glints2/dict_0002_0143.uasset" 4094
"../../../Engine/Content/EngineMaterials/Substrate/Glints2/dict_0002_0143.uexp" 4095
"../../../Engine/Content/EngineMaterials/Substrate/Glints2/dict_0004_0216.uexp" 4096
"../../../Engine/Content/EngineMaterials/Substrate/Glints2/dict_0004_0216.uasset" 4097
"../../../Engine/Content/EngineMaterials/Substrate/Glints2/dict_0003_0086.uexp" 4098
"../../../Engine/Content/EngineMaterials/Substrate/Glints2/dict_0003_0086.uasset" 4099
"../../../Engine/Content/EngineMaterials/Substrate/Glints2/dict_0000_0170.uasset" 4100
"../../../Engine/Content/EngineMaterials/Substrate/Glints2/dict_0000_0170.uexp" 4101
"../../../Engine/Content/EngineMaterials/Substrate/Glints2/dict_0007_0127.uexp" 4102
"../../../Engine/Content/EngineMaterials/Substrate/Glints2/dict_0007_0127.uasset" 4103
"../../../Engine/Content/EngineMaterials/Substrate/Glints2/dict_0006_0135.uexp" 4104
"../../../Engine/Content/EngineMaterials/Substrate/Glints2/dict_0006_0135.uasset" 4105
"../../../Engine/Content/EngineMaterials/Substrate/Glints2/dict_0003_0159.uasset" 4106
"../../../Engine/Content/EngineMaterials/Substrate/Glints2/dict_0003_0159.uexp" 4107
"../../../Engine/Content/EngineMaterials/Substrate/Glints2/dict_0004_0193.uexp" 4108
"../../../Engine/Content/EngineMaterials/Substrate/Glints2/dict_0004_0193.uasset" 4109
"../../../Engine/Content/EngineMaterials/Substrate/Glints2/dict_0004_0111.uexp" 4110
"../../../Engine/Content/EngineMaterials/Substrate/Glints2/dict_0004_0111.uasset" 4111
"../../../Engine/Content/EngineMaterials/Substrate/Glints2/dict_0001_0128.uasset" 4112
"../../../Engine/Content/EngineMaterials/Substrate/Glints2/dict_0001_0128.uexp" 4113
"../../../Engine/Content/EngineMaterials/Substrate/Glints2/dict_0000_0022.uexp" 4114
"../../../Engine/Content/EngineMaterials/Substrate/Glints2/dict_0000_0022.uasset" 4115
"../../../Engine/Content/EngineMaterials/Substrate/Glints2/dict_0006_0041.uexp" 4116
"../../../Engine/Content/EngineMaterials/Substrate/Glints2/dict_0006_0041.uasset" 4117
"../../../Engine/Content/EngineMaterials/Substrate/Glints2/dict_0001_0161.uasset" 4118
"../../../Engine/Content/EngineMaterials/Substrate/Glints2/dict_0001_0161.uexp" 4119
"../../../Engine/Content/EngineMaterials/Substrate/Glints2/dict_0007_0069.uasset" 4120
"../../../Engine/Content/EngineMaterials/Substrate/Glints2/dict_0007_0069.uexp" 4121
"../../../Engine/Content/EngineMaterials/Substrate/Glints2/dict_0005_0132.uexp" 4122
"../../../Engine/Content/EngineMaterials/Substrate/Glints2/dict_0005_0132.uasset" 4123
"../../../Engine/Content/EngineMaterials/Substrate/Glints2/dict_0000_0221.uexp" 4124
"../../../Engine/Content/EngineMaterials/Substrate/Glints2/dict_0000_0221.uasset" 4125
"../../../Engine/Content/EngineMaterials/Substrate/Glints2/dict_0002_0174.uasset" 4126
"../../../Engine/Content/EngineMaterials/Substrate/Glints2/dict_0002_0174.uexp" 4127
"../../../Engine/Content/EngineMaterials/Substrate/Glints2/dict_0007_0090.uasset" 4128
"../../../Engine/Content/EngineMaterials/Substrate/Glints2/dict_0007_0090.uexp" 4129
"../../../Engine/Content/EngineMaterials/Substrate/Glints2/dict_0005_0066.uasset" 4130
"../../../Engine/Content/EngineMaterials/Substrate/Glints2/dict_0005_0066.uexp" 4131
"../../../Engine/Content/EngineMaterials/Substrate/Glints2/dict_0002_0202.uexp" 4132
"../../../Engine/Content/EngineMaterials/Substrate/Glints2/dict_0002_0202.uasset" 4133
"../../../Engine/Content/EngineMaterials/Substrate/Glints2/dict_0002_0245.uexp" 4134
"../../../Engine/Content/EngineMaterials/Substrate/Glints2/dict_0002_0245.uasset" 4135
"../../../Engine/Content/EngineMaterials/Substrate/Glints2/dict_0000_0150.uasset" 4136
"../../../Engine/Content/EngineMaterials/Substrate/Glints2/dict_0000_0150.uexp" 4137
"../../../Engine/Content/EngineMaterials/Substrate/Glints2/dict_0004_0142.uexp" 4138
"../../../Engine/Content/EngineMaterials/Substrate/Glints2/dict_0004_0142.uasset" 4139
"../../../Engine/Content/EngineMaterials/Substrate/Glints2/dict_0001_0065.uasset" 4140
"../../../Engine/Content/EngineMaterials/Substrate/Glints2/dict_0001_0065.uexp" 4141
"../../../Engine/Content/EngineMaterials/Substrate/Glints2/dict_0000_0067.uexp" 4142
"../../../Engine/Content/EngineMaterials/Substrate/Glints2/dict_0000_0067.uasset" 4143
"../../../Engine/Content/EngineMaterials/Substrate/Glints2/dict_0005_0069.uexp" 4144
"../../../Engine/Content/EngineMaterials/Substrate/Glints2/dict_0005_0069.uasset" 4145
"../../../Engine/Content/EngineMaterials/Substrate/Glints2/dict_0001_0016.uexp" 4146
"../../../Engine/Content/EngineMaterials/Substrate/Glints2/dict_0001_0016.uasset" 4147
"../../../Engine/Content/EngineMaterials/Substrate/Glints2/dict_0006_0074.uasset" 4148
"../../../Engine/Content/EngineMaterials/Substrate/Glints2/dict_0006_0074.uexp" 4149
"../../../Engine/Content/EngineMaterials/Substrate/Glints2/dict_0004_0175.uasset" 4150
"../../../Engine/Content/EngineMaterials/Substrate/Glints2/dict_0004_0175.uexp" 4151
"../../../Engine/Content/EngineMaterials/Substrate/Glints2/dict_0005_0212.uasset" 4152
"../../../Engine/Content/EngineMaterials/Substrate/Glints2/dict_0005_0212.uexp" 4153
"../../../Engine/Content/EngineMaterials/Substrate/Glints2/dict_0000_0202.uasset" 4154
"../../../Engine/Content/EngineMaterials/Substrate/Glints2/dict_0000_0202.uexp" 4155
"../../../Engine/Content/EngineMaterials/Substrate/Glints2/dict_0001_0126.uasset" 4156
"../../../Engine/Content/EngineMaterials/Substrate/Glints2/dict_0001_0126.uexp" 4157
"../../../Engine/Content/EngineMaterials/Substrate/Glints2/dict_0004_0239.uexp" 4158
"../../../Engine/Content/EngineMaterials/Substrate/Glints2/dict_0004_0239.uasset" 4159
"../../../Engine/Content/EngineMaterials/Substrate/Glints2/dict_0007_0037.uexp" 4160
"../../../Engine/Content/EngineMaterials/Substrate/Glints2/dict_0007_0037.uasset" 4161
"../../../Engine/Content/EngineMaterials/Substrate/Glints2/dict_0001_0132.uexp" 4162
"../../../Engine/Content/EngineMaterials/Substrate/Glints2/dict_0001_0132.uasset" 4163
"../../../Engine/Content/EngineMaterials/Substrate/Glints2/dict_0001_0088.uasset" 4164
"../../../Engine/Content/EngineMaterials/Substrate/Glints2/dict_0001_0088.uexp" 4165
"../../../Engine/Content/EngineMaterials/Substrate/Glints2/dict_0007_0018.uasset" 4166
"../../../Engine/Content/EngineMaterials/Substrate/Glints2/dict_0007_0018.uexp" 4167
"../../../Engine/Content/EngineMaterials/Substrate/Glints2/dict_0003_0048.uexp" 4168
"../../../Engine/Content/EngineMaterials/Substrate/Glints2/dict_0003_0048.uasset" 4169
"../../../Engine/Content/EngineMaterials/Substrate/Glints2/dict_0005_0043.uexp" 4170
"../../../Engine/Content/EngineMaterials/Substrate/Glints2/dict_0005_0043.uasset" 4171
"../../../Engine/Content/EngineMaterials/Substrate/Glints2/dict_0005_0165.uexp" 4172
"../../../Engine/Content/EngineMaterials/Substrate/Glints2/dict_0005_0165.uasset" 4173
"../../../Engine/Content/EngineMaterials/Substrate/Glints2/dict_0001_0086.uasset" 4174
"../../../Engine/Content/EngineMaterials/Substrate/Glints2/dict_0001_0086.uexp" 4175
"../../../Engine/Content/EngineMaterials/Substrate/Glints2/dict_0004_0025.uexp" 4176
"../../../Engine/Content/EngineMaterials/Substrate/Glints2/dict_0004_0025.uasset" 4177
"../../../Engine/Content/EngineMaterials/Substrate/Glints2/dict_0006_0152.uasset" 4178
"../../../Engine/Content/EngineMaterials/Substrate/Glints2/dict_0006_0152.uexp" 4179
"../../../Engine/Content/EngineMaterials/Substrate/Glints2/dict_0006_0012.uexp" 4180
"../../../Engine/Content/EngineMaterials/Substrate/Glints2/dict_0006_0012.uasset" 4181
"../../../Engine/Content/EngineMaterials/Substrate/Glints2/dict_0005_0026.uasset" 4182
"../../../Engine/Content/EngineMaterials/Substrate/Glints2/dict_0005_0026.uexp" 4183
"../../../Engine/Content/EngineMaterials/Substrate/Glints2/dict_0000_0183.uasset" 4184
"../../../Engine/Content/EngineMaterials/Substrate/Glints2/dict_0000_0183.uexp" 4185
"../../../Engine/Content/EngineMaterials/Substrate/Glints2/dict_0002_0068.uexp" 4186
"../../../Engine/Content/EngineMaterials/Substrate/Glints2/dict_0002_0068.uasset" 4187
"../../../Engine/Content/EngineMaterials/Substrate/Glints2/dict_0005_0197.uasset" 4188
"../../../Engine/Content/EngineMaterials/Substrate/Glints2/dict_0005_0197.uexp" 4189
"../../../Engine/Content/EngineMaterials/Substrate/Glints2/dict_0005_0226.uasset" 4190
"../../../Engine/Content/EngineMaterials/Substrate/Glints2/dict_0005_0226.uexp" 4191
"../../../Engine/Content/EngineMaterials/Substrate/Glints2/dict_0003_0227.uasset" 4192
"../../../Engine/Content/EngineMaterials/Substrate/Glints2/dict_0003_0227.uexp" 4193
"../../../Engine/Content/EngineMaterials/Substrate/Glints2/dict_0003_0040.uasset" 4194
"../../../Engine/Content/EngineMaterials/Substrate/Glints2/dict_0003_0040.uexp" 4195
"../../../Engine/Content/EngineMaterials/Substrate/Glints2/dict_0006_0128.uexp" 4196
"../../../Engine/Content/EngineMaterials/Substrate/Glints2/dict_0006_0128.uasset" 4197
"../../../Engine/Content/EngineMaterials/Substrate/Glints2/dict_0001_0013.uexp" 4198
"../../../Engine/Content/EngineMaterials/Substrate/Glints2/dict_0001_0013.uasset" 4199
"../../../Engine/Content/EngineMaterials/Substrate/Glints2/dict_0004_0245.uexp" 4200
"../../../Engine/Content/EngineMaterials/Substrate/Glints2/dict_0004_0245.uasset" 4201
"../../../Engine/Content/EngineMaterials/Substrate/Glints2/dict_0002_0169.uasset" 4202
"../../../Engine/Content/EngineMaterials/Substrate/Glints2/dict_0002_0169.uexp" 4203
"../../../Engine/Content/EngineMaterials/Substrate/Glints2/dict_0005_0023.uasset" 4204
"../../../Engine/Content/EngineMaterials/Substrate/Glints2/dict_0005_0023.uexp" 4205
"../../../Engine/Content/EngineMaterials/Substrate/Glints2/dict_0006_0157.uexp" 4206
"../../../Engine/Content/EngineMaterials/Substrate/Glints2/dict_0006_0157.uasset" 4207
"../../../Engine/Content/EngineMaterials/Substrate/Glints2/dict_0007_0161.uasset" 4208
"../../../Engine/Content/EngineMaterials/Substrate/Glints2/dict_0007_0161.uexp" 4209
"../../../Engine/Content/EngineMaterials/Substrate/Glints2/dict_0002_0102.uasset" 4210
"../../../Engine/Content/EngineMaterials/Substrate/Glints2/dict_0002_0102.uexp" 4211
"../../../Engine/Content/EngineMaterials/Substrate/Glints2/dict_0004_0024.uasset" 4212
"../../../Engine/Content/EngineMaterials/Substrate/Glints2/dict_0004_0024.uexp" 4213
"../../../Engine/Content/EngineMaterials/Substrate/Glints2/dict_0005_0002.uexp" 4214
"../../../Engine/Content/EngineMaterials/Substrate/Glints2/dict_0005_0002.uasset" 4215
"../../../Engine/Content/EngineMaterials/Substrate/Glints2/dict_0002_0209.uasset" 4216
"../../../Engine/Content/EngineMaterials/Substrate/Glints2/dict_0002_0209.uexp" 4217
"../../../Engine/Content/EngineMaterials/Substrate/Glints2/dict_0006_0105.uasset" 4218
"../../../Engine/Content/EngineMaterials/Substrate/Glints2/dict_0006_0105.uexp" 4219
"../../../Engine/Content/EngineMaterials/Substrate/Glints2/dict_0006_0142.uasset" 4220
"../../../Engine/Content/EngineMaterials/Substrate/Glints2/dict_0006_0142.uexp" 4221
"../../../Engine/Content/EngineMaterials/Substrate/Glints2/dict_0002_0243.uexp" 4222
"../../../Engine/Content/EngineMaterials/Substrate/Glints2/dict_0002_0243.uasset" 4223
"../../../Engine/Content/EngineMaterials/Substrate/Glints2/dict_0000_0149.uexp" 4224
"../../../Engine/Content/EngineMaterials/Substrate/Glints2/dict_0000_0149.uasset" 4225
"../../../Engine/Content/EngineMaterials/Substrate/Glints2/dict_0000_0255.uasset" 4226
"../../../Engine/Content/EngineMaterials/Substrate/Glints2/dict_0000_0255.uexp" 4227
"../../../Engine/Content/EngineMaterials/Substrate/Glints2/dict_0002_0062.uexp" 4228
"../../../Engine/Content/EngineMaterials/Substrate/Glints2/dict_0002_0062.uasset" 4229
"../../../Engine/Content/EngineMaterials/Substrate/Glints2/dict_0004_0070.uexp" 4230
"../../../Engine/Content/EngineMaterials/Substrate/Glints2/dict_0004_0070.uasset" 4231
"../../../Engine/Content/EngineMaterials/Substrate/Glints2/dict_0002_0100.uasset" 4232
"../../../Engine/Content/EngineMaterials/Substrate/Glints2/dict_0002_0100.uexp" 4233
"../../../Engine/Content/EngineMaterials/Substrate/Glints2/dict_0003_0019.uasset" 4234
"../../../Engine/Content/EngineMaterials/Substrate/Glints2/dict_0003_0019.uexp" 4235
"../../../Engine/Content/EngineMaterials/Substrate/Glints2/dict_0003_0026.uexp" 4236
"../../../Engine/Content/EngineMaterials/Substrate/Glints2/dict_0003_0026.uasset" 4237
"../../../Engine/Content/EngineMaterials/Substrate/Glints2/dict_0004_0195.uexp" 4238
"../../../Engine/Content/EngineMaterials/Substrate/Glints2/dict_0004_0195.uasset" 4239
"../../../Engine/Content/EngineMaterials/Substrate/Glints2/dict_0002_0040.uasset" 4240
"../../../Engine/Content/EngineMaterials/Substrate/Glints2/dict_0002_0040.uexp" 4241
"../../../Engine/Content/EngineMaterials/Substrate/Glints2/dict_0004_0082.uasset" 4242
"../../../Engine/Content/EngineMaterials/Substrate/Glints2/dict_0004_0082.uexp" 4243
"../../../Engine/Content/EngineMaterials/Substrate/Glints2/dict_0001_0066.uexp" 4244
"../../../Engine/Content/EngineMaterials/Substrate/Glints2/dict_0001_0066.uasset" 4245
"../../../Engine/Content/EngineMaterials/Substrate/Glints2/dict_0004_0165.uasset" 4246
"../../../Engine/Content/EngineMaterials/Substrate/Glints2/dict_0004_0165.uexp" 4247
"../../../Engine/Content/EngineMaterials/Substrate/Glints2/dict_0002_0211.uasset" 4248
"../../../Engine/Content/EngineMaterials/Substrate/Glints2/dict_0002_0211.uexp" 4249
"../../../Engine/Content/EngineMaterials/Substrate/Glints2/dict_0005_0099.uasset" 4250
"../../../Engine/Content/EngineMaterials/Substrate/Glints2/dict_0005_0099.uexp" 4251
"../../../Engine/Content/EngineMaterials/Substrate/Glints2/dict_0002_0019.uexp" 4252
"../../../Engine/Content/EngineMaterials/Substrate/Glints2/dict_0002_0019.uasset" 4253
"../../../Engine/Content/EngineMaterials/Substrate/Glints2/dict_0004_0039.uexp" 4254
"../../../Engine/Content/EngineMaterials/Substrate/Glints2/dict_0004_0039.uasset" 4255
"../../../Engine/Content/EngineMaterials/Substrate/Glints2/dict_0004_0134.uasset" 4256
"../../../Engine/Content/EngineMaterials/Substrate/Glints2/dict_0004_0134.uexp" 4257
"../../../Engine/Content/EngineMaterials/Substrate/Glints2/dict_0001_0184.uasset" 4258
"../../../Engine/Content/EngineMaterials/Substrate/Glints2/dict_0001_0184.uexp" 4259
"../../../Engine/Content/EngineMaterials/Substrate/Glints2/dict_0003_0091.uexp" 4260
"../../../Engine/Content/EngineMaterials/Substrate/Glints2/dict_0003_0091.uasset" 4261
"../../../Engine/Content/EngineMaterials/Substrate/Glints2/dict_0001_0090.uasset" 4262
"../../../Engine/Content/EngineMaterials/Substrate/Glints2/dict_0001_0090.uexp" 4263
"../../../Engine/Content/EngineMaterials/Substrate/Glints2/dict_0006_0208.uasset" 4264
"../../../Engine/Content/EngineMaterials/Substrate/Glints2/dict_0006_0208.uexp" 4265
"../../../Engine/Content/EngineMaterials/Substrate/Glints2/dict_0003_0061.uexp" 4266
"../../../Engine/Content/EngineMaterials/Substrate/Glints2/dict_0003_0061.uasset" 4267
"../../../Engine/Content/EngineMaterials/Substrate/Glints2/dict_0002_0203.uexp" 4268
"../../../Engine/Content/EngineMaterials/Substrate/Glints2/dict_0002_0203.uasset" 4269
"../../../Engine/Content/EngineMaterials/Substrate/Glints2/dict_0004_0114.uasset" 4270
"../../../Engine/Content/EngineMaterials/Substrate/Glints2/dict_0004_0114.uexp" 4271
"../../../Engine/Content/EngineMaterials/Substrate/Glints2/dict_0003_0226.uasset" 4272
"../../../Engine/Content/EngineMaterials/Substrate/Glints2/dict_0003_0226.uexp" 4273
"../../../Engine/Content/EngineMaterials/Substrate/Glints2/dict_0002_0157.uasset" 4274
"../../../Engine/Content/EngineMaterials/Substrate/Glints2/dict_0002_0157.uexp" 4275
"../../../Engine/Content/EngineMaterials/Substrate/Glints2/dict_0006_0232.uasset" 4276
"../../../Engine/Content/EngineMaterials/Substrate/Glints2/dict_0006_0232.uexp" 4277
"../../../Engine/Content/EngineMaterials/Substrate/Glints2/dict_0004_0159.uasset" 4278
"../../../Engine/Content/EngineMaterials/Substrate/Glints2/dict_0004_0159.uexp" 4279
"../../../Engine/Content/EngineMaterials/Substrate/Glints2/dict_0006_0117.uasset" 4280
"../../../Engine/Content/EngineMaterials/Substrate/Glints2/dict_0006_0117.uexp" 4281
"../../../Engine/Content/EngineMaterials/Substrate/Glints2/dict_0007_0081.uasset" 4282
"../../../Engine/Content/EngineMaterials/Substrate/Glints2/dict_0007_0081.uexp" 4283
"../../../Engine/Content/EngineMaterials/Substrate/Glints2/dict_0007_0101.uexp" 4284
"../../../Engine/Content/EngineMaterials/Substrate/Glints2/dict_0007_0101.uasset" 4285
"../../../Engine/Content/EngineMaterials/Substrate/Glints2/dict_0000_0173.uexp" 4286
"../../../Engine/Content/EngineMaterials/Substrate/Glints2/dict_0000_0173.uasset" 4287
"../../../Engine/Content/EngineMaterials/Substrate/Glints2/dict_0007_0197.uexp" 4288
"../../../Engine/Content/EngineMaterials/Substrate/Glints2/dict_0007_0197.uasset" 4289
"../../../Engine/Content/EngineMaterials/Substrate/Glints2/dict_0004_0198.uexp" 4290
"../../../Engine/Content/EngineMaterials/Substrate/Glints2/dict_0004_0198.uasset" 4291
"../../../Engine/Content/EngineMaterials/Substrate/Glints2/dict_0005_0082.uasset" 4292
"../../../Engine/Content/EngineMaterials/Substrate/Glints2/dict_0005_0082.uexp" 4293
"../../../Engine/Content/EngineMaterials/Substrate/Glints2/dict_0007_0235.uasset" 4294
"../../../Engine/Content/EngineMaterials/Substrate/Glints2/dict_0007_0235.uexp" 4295
"../../../Engine/Content/EngineMaterials/Substrate/Glints2/dict_0000_0146.uasset" 4296
"../../../Engine/Content/EngineMaterials/Substrate/Glints2/dict_0000_0146.uexp" 4297
"../../../Engine/Content/EngineMaterials/Substrate/Glints2/dict_0001_0140.uexp" 4298
"../../../Engine/Content/EngineMaterials/Substrate/Glints2/dict_0001_0140.uasset" 4299
"../../../Engine/Content/EngineMaterials/Substrate/Glints2/dict_0000_0238.uasset" 4300
"../../../Engine/Content/EngineMaterials/Substrate/Glints2/dict_0000_0238.uexp" 4301
"../../../Engine/Content/EngineMaterials/Substrate/Glints2/dict_0002_0170.uexp" 4302
"../../../Engine/Content/EngineMaterials/Substrate/Glints2/dict_0002_0170.uasset" 4303
"../../../Engine/Content/EngineMaterials/Substrate/Glints2/dict_0002_0114.uasset" 4304
"../../../Engine/Content/EngineMaterials/Substrate/Glints2/dict_0002_0114.uexp" 4305
"../../../Engine/Content/EngineMaterials/Substrate/Glints2/dict_0007_0200.uexp" 4306
"../../../Engine/Content/EngineMaterials/Substrate/Glints2/dict_0007_0200.uasset" 4307
"../../../Engine/Content/EngineMaterials/Substrate/Glints2/dict_0005_0159.uasset" 4308
"../../../Engine/Content/EngineMaterials/Substrate/Glints2/dict_0005_0159.uexp" 4309
"../../../Engine/Content/EngineMaterials/Substrate/Glints2/dict_0005_0011.uasset" 4310
"../../../Engine/Content/EngineMaterials/Substrate/Glints2/dict_0005_0011.uexp" 4311
"../../../Engine/Content/EngineMaterials/Substrate/Glints2/dict_0005_0101.uasset" 4312
"../../../Engine/Content/EngineMaterials/Substrate/Glints2/dict_0005_0101.uexp" 4313
"../../../Engine/Content/EngineMaterials/Substrate/Glints2/dict_0004_0005.uexp" 4314
"../../../Engine/Content/EngineMaterials/Substrate/Glints2/dict_0004_0005.uasset" 4315
"../../../Engine/Content/EngineMaterials/Substrate/Glints2/dict_0003_0212.uexp" 4316
"../../../Engine/Content/EngineMaterials/Substrate/Glints2/dict_0003_0212.uasset" 4317
"../../../Engine/Content/EngineMaterials/Substrate/Glints2/dict_0001_0242.uasset" 4318
"../../../Engine/Content/EngineMaterials/Substrate/Glints2/dict_0001_0242.uexp" 4319
"../../../Engine/Content/EngineMaterials/Substrate/Glints2/dict_0001_0169.uexp" 4320
"../../../Engine/Content/EngineMaterials/Substrate/Glints2/dict_0001_0169.uasset" 4321
"../../../Engine/Content/EngineMaterials/Substrate/Glints2/dict_0000_0137.uasset" 4322
"../../../Engine/Content/EngineMaterials/Substrate/Glints2/dict_0000_0137.uexp" 4323
"../../../Engine/Content/EngineMaterials/Substrate/Glints2/dict_0000_0191.uasset" 4324
"../../../Engine/Content/EngineMaterials/Substrate/Glints2/dict_0000_0191.uexp" 4325
"../../../Engine/Content/EngineMaterials/Substrate/Glints2/dict_0003_0012.uexp" 4326
"../../../Engine/Content/EngineMaterials/Substrate/Glints2/dict_0003_0012.uasset" 4327
"../../../Engine/Content/EngineMaterials/Substrate/Glints2/dict_0001_0255.uasset" 4328
"../../../Engine/Content/EngineMaterials/Substrate/Glints2/dict_0001_0255.uexp" 4329
"../../../Engine/Content/EngineMaterials/Substrate/Glints2/dict_0006_0162.uexp" 4330
"../../../Engine/Content/EngineMaterials/Substrate/Glints2/dict_0006_0162.uasset" 4331
"../../../Engine/Content/EngineMaterials/Substrate/Glints2/dict_0005_0079.uexp" 4332
"../../../Engine/Content/EngineMaterials/Substrate/Glints2/dict_0005_0079.uasset" 4333
"../../../Engine/Content/EngineMaterials/Substrate/Glints2/dict_0006_0110.uexp" 4334
"../../../Engine/Content/EngineMaterials/Substrate/Glints2/dict_0006_0110.uasset" 4335
"../../../Engine/Content/EngineMaterials/Substrate/Glints2/dict_0002_0151.uasset" 4336
"../../../Engine/Content/EngineMaterials/Substrate/Glints2/dict_0002_0151.uexp" 4337
"../../../Engine/Content/EngineMaterials/Substrate/Glints2/dict_0003_0131.uasset" 4338
"../../../Engine/Content/EngineMaterials/Substrate/Glints2/dict_0003_0131.uexp" 4339
"../../../Engine/Content/EngineMaterials/Substrate/Glints2/dict_0005_0051.uexp" 4340
"../../../Engine/Content/EngineMaterials/Substrate/Glints2/dict_0005_0051.uasset" 4341
"../../../Engine/Content/EngineMaterials/Substrate/Glints2/dict_0001_0172.uexp" 4342
"../../../Engine/Content/EngineMaterials/Substrate/Glints2/dict_0001_0172.uasset" 4343
"../../../Engine/Content/EngineMaterials/Substrate/Glints2/dict_0000_0148.uasset" 4344
"../../../Engine/Content/EngineMaterials/Substrate/Glints2/dict_0000_0148.uexp" 4345
"../../../Engine/Content/EngineMaterials/Substrate/Glints2/dict_0005_0029.uasset" 4346
"../../../Engine/Content/EngineMaterials/Substrate/Glints2/dict_0005_0029.uexp" 4347
"../../../Engine/Content/EngineMaterials/Substrate/Glints2/dict_0006_0201.uexp" 4348
"../../../Engine/Content/EngineMaterials/Substrate/Glints2/dict_0006_0201.uasset" 4349
"../../../Engine/Content/EngineMaterials/Substrate/Glints2/dict_0004_0141.uexp" 4350
"../../../Engine/Content/EngineMaterials/Substrate/Glints2/dict_0004_0141.uasset" 4351
"../../../Engine/Content/EngineMaterials/Substrate/Glints2/dict_0001_0211.uasset" 4352
"../../../Engine/Content/EngineMaterials/Substrate/Glints2/dict_0001_0211.uexp" 4353
"../../../Engine/Content/EngineMaterials/Substrate/Glints2/dict_0007_0150.uasset" 4354
"../../../Engine/Content/EngineMaterials/Substrate/Glints2/dict_0007_0150.uexp" 4355
"../../../Engine/Content/EngineMaterials/Substrate/Glints2/dict_0001_0079.uasset" 4356
"../../../Engine/Content/EngineMaterials/Substrate/Glints2/dict_0001_0079.uexp" 4357
"../../../Engine/Content/EngineMaterials/Substrate/Glints2/dict_0001_0252.uasset" 4358
"../../../Engine/Content/EngineMaterials/Substrate/Glints2/dict_0001_0252.uexp" 4359
"../../../Engine/Content/EngineMaterials/Substrate/Glints2/dict_0001_0240.uexp" 4360
"../../../Engine/Content/EngineMaterials/Substrate/Glints2/dict_0001_0240.uasset" 4361
"../../../Engine/Content/EngineMaterials/Substrate/Glints2/dict_0000_0157.uasset" 4362
"../../../Engine/Content/EngineMaterials/Substrate/Glints2/dict_0000_0157.uexp" 4363
"../../../Engine/Content/EngineMaterials/Substrate/Glints2/dict_0004_0026.uasset" 4364
"../../../Engine/Content/EngineMaterials/Substrate/Glints2/dict_0004_0026.uexp" 4365
"../../../Engine/Content/EngineMaterials/Substrate/Glints2/dict_0003_0233.uexp" 4366
"../../../Engine/Content/EngineMaterials/Substrate/Glints2/dict_0003_0233.uasset" 4367
"../../../Engine/Content/EngineMaterials/Substrate/Glints2/dict_0005_0096.uexp" 4368
"../../../Engine/Content/EngineMaterials/Substrate/Glints2/dict_0005_0096.uasset" 4369
"../../../Engine/Content/EngineMaterials/Substrate/Glints2/dict_0001_0099.uexp" 4370
"../../../Engine/Content/EngineMaterials/Substrate/Glints2/dict_0001_0099.uasset" 4371
"../../../Engine/Content/EngineMaterials/Substrate/Glints2/dict_0005_0059.uexp" 4372
"../../../Engine/Content/EngineMaterials/Substrate/Glints2/dict_0005_0059.uasset" 4373
"../../../Engine/Content/EngineMaterials/Substrate/Glints2/dict_0005_0115.uasset" 4374
"../../../Engine/Content/EngineMaterials/Substrate/Glints2/dict_0005_0115.uexp" 4375
"../../../Engine/Content/EngineMaterials/Substrate/Glints2/dict_0002_0213.uasset" 4376
"../../../Engine/Content/EngineMaterials/Substrate/Glints2/dict_0002_0213.uexp" 4377
"../../../Engine/Content/EngineMaterials/Substrate/Glints2/dict_0003_0246.uexp" 4378
"../../../Engine/Content/EngineMaterials/Substrate/Glints2/dict_0003_0246.uasset" 4379
"../../../Engine/Content/EngineMaterials/Substrate/Glints2/dict_0005_0167.uexp" 4380
"../../../Engine/Content/EngineMaterials/Substrate/Glints2/dict_0005_0167.uasset" 4381
"../../../Engine/Content/EngineMaterials/Substrate/Glints2/dict_0006_0175.uexp" 4382
"../../../Engine/Content/EngineMaterials/Substrate/Glints2/dict_0006_0175.uasset" 4383
"../../../Engine/Content/EngineMaterials/Substrate/Glints2/dict_0000_0198.uasset" 4384
"../../../Engine/Content/EngineMaterials/Substrate/Glints2/dict_0000_0198.uexp" 4385
"../../../Engine/Content/EngineMaterials/Substrate/Glints2/dict_0006_0009.uasset" 4386
"../../../Engine/Content/EngineMaterials/Substrate/Glints2/dict_0006_0009.uexp" 4387
"../../../Engine/Content/EngineMaterials/Substrate/Glints2/dict_0007_0177.uasset" 4388
"../../../Engine/Content/EngineMaterials/Substrate/Glints2/dict_0007_0177.uexp" 4389
"../../../Engine/Content/EngineMaterials/Substrate/Glints2/dict_0004_0001.uasset" 4390
"../../../Engine/Content/EngineMaterials/Substrate/Glints2/dict_0004_0001.uexp" 4391
"../../../Engine/Content/EngineMaterials/Substrate/Glints2/dict_0003_0032.uexp" 4392
"../../../Engine/Content/EngineMaterials/Substrate/Glints2/dict_0003_0032.uasset" 4393
"../../../Engine/Content/EngineMaterials/Substrate/Glints2/dict_0002_0207.uasset" 4394
"../../../Engine/Content/EngineMaterials/Substrate/Glints2/dict_0002_0207.uexp" 4395
"../../../Engine/Content/EngineMaterials/Substrate/Glints2/dict_0005_0104.uexp" 4396
"../../../Engine/Content/EngineMaterials/Substrate/Glints2/dict_0005_0104.uasset" 4397
"../../../Engine/Content/EngineMaterials/Substrate/Glints2/dict_0003_0171.uexp" 4398
"../../../Engine/Content/EngineMaterials/Substrate/Glints2/dict_0003_0171.uasset" 4399
"../../../Engine/Content/EngineMaterials/Substrate/Glints2/dict_0002_0017.uasset" 4400
"../../../Engine/Content/EngineMaterials/Substrate/Glints2/dict_0002_0017.uexp" 4401
"../../../Engine/Content/EngineMaterials/Substrate/Glints2/dict_0003_0021.uasset" 4402
"../../../Engine/Content/EngineMaterials/Substrate/Glints2/dict_0003_0021.uexp" 4403
"../../../Engine/Content/EngineMaterials/Substrate/Glints2/dict_0007_0061.uexp" 4404
"../../../Engine/Content/EngineMaterials/Substrate/Glints2/dict_0007_0061.uasset" 4405
"../../../Engine/Content/EngineMaterials/Substrate/Glints2/dict_0003_0164.uasset" 4406
"../../../Engine/Content/EngineMaterials/Substrate/Glints2/dict_0003_0164.uexp" 4407
"../../../Engine/Content/EngineMaterials/Substrate/Glints2/dict_0006_0189.uasset" 4408
"../../../Engine/Content/EngineMaterials/Substrate/Glints2/dict_0006_0189.uexp" 4409
"../../../Engine/Content/EngineMaterials/Substrate/Glints2/dict_0004_0121.uexp" 4410
"../../../Engine/Content/EngineMaterials/Substrate/Glints2/dict_0004_0121.uasset" 4411
"../../../Engine/Content/EngineMaterials/Substrate/Glints2/dict_0007_0143.uasset" 4412
"../../../Engine/Content/EngineMaterials/Substrate/Glints2/dict_0007_0143.uexp" 4413
"../../../Engine/Content/EngineMaterials/Substrate/Glints2/dict_0000_0192.uasset" 4414
"../../../Engine/Content/EngineMaterials/Substrate/Glints2/dict_0000_0192.uexp" 4415
"../../../Engine/Content/EngineMaterials/Substrate/Glints2/dict_0002_0179.uasset" 4416
"../../../Engine/Content/EngineMaterials/Substrate/Glints2/dict_0002_0179.uexp" 4417
"../../../Engine/Content/EngineMaterials/Substrate/Glints2/dict_0003_0176.uasset" 4418
"../../../Engine/Content/EngineMaterials/Substrate/Glints2/dict_0003_0176.uexp" 4419
"../../../Engine/Content/EngineMaterials/Substrate/Glints2/dict_0003_0199.uexp" 4420
"../../../Engine/Content/EngineMaterials/Substrate/Glints2/dict_0003_0199.uasset" 4421
"../../../Engine/Content/EngineMaterials/Substrate/Glints2/dict_0001_0241.uexp" 4422
"../../../Engine/Content/EngineMaterials/Substrate/Glints2/dict_0001_0241.uasset" 4423
"../../../Engine/Content/EngineMaterials/Substrate/Glints2/dict_0002_0193.uexp" 4424
"../../../Engine/Content/EngineMaterials/Substrate/Glints2/dict_0002_0193.uasset" 4425
"../../../Engine/Content/EngineMaterials/Substrate/Glints2/dict_0005_0012.uexp" 4426
"../../../Engine/Content/EngineMaterials/Substrate/Glints2/dict_0005_0012.uasset" 4427
"../../../Engine/Content/EngineMaterials/Substrate/Glints2/dict_0002_0187.uasset" 4428
"../../../Engine/Content/EngineMaterials/Substrate/Glints2/dict_0002_0187.uexp" 4429
"../../../Engine/Content/EngineMaterials/Substrate/Glints2/dict_0001_0234.uasset" 4430
"../../../Engine/Content/EngineMaterials/Substrate/Glints2/dict_0001_0234.uexp" 4431
"../../../Engine/Content/EngineMaterials/Substrate/Glints2/dict_0001_0003.uasset" 4432
"../../../Engine/Content/EngineMaterials/Substrate/Glints2/dict_0001_0003.uexp" 4433
"../../../Engine/Content/EngineMaterials/Substrate/Glints2/dict_0006_0084.uexp" 4434
"../../../Engine/Content/EngineMaterials/Substrate/Glints2/dict_0006_0084.uasset" 4435
"../../../Engine/Content/EngineMaterials/Substrate/Glints2/dict_0005_0171.uexp" 4436
"../../../Engine/Content/EngineMaterials/Substrate/Glints2/dict_0005_0171.uasset" 4437
"../../../Engine/Content/EngineMaterials/Substrate/Glints2/dict_0005_0020.uexp" 4438
"../../../Engine/Content/EngineMaterials/Substrate/Glints2/dict_0005_0020.uasset" 4439
"../../../Engine/Content/EngineMaterials/Substrate/Glints2/dict_0007_0129.uexp" 4440
"../../../Engine/Content/EngineMaterials/Substrate/Glints2/dict_0007_0129.uasset" 4441
"../../../Engine/Content/EngineMaterials/Substrate/Glints2/dict_0003_0154.uasset" 4442
"../../../Engine/Content/EngineMaterials/Substrate/Glints2/dict_0003_0154.uexp" 4443
"../../../Engine/Content/EngineMaterials/Substrate/Glints2/dict_0001_0055.uasset" 4444
"../../../Engine/Content/EngineMaterials/Substrate/Glints2/dict_0001_0055.uexp" 4445
"../../../Engine/Content/EngineMaterials/Substrate/Glints2/dict_0006_0192.uexp" 4446
"../../../Engine/Content/EngineMaterials/Substrate/Glints2/dict_0006_0192.uasset" 4447
"../../../Engine/Content/EngineMaterials/Substrate/Glints2/dict_0001_0185.uasset" 4448
"../../../Engine/Content/EngineMaterials/Substrate/Glints2/dict_0001_0185.uexp" 4449
"../../../Engine/Content/EngineMaterials/Substrate/Glints2/dict_0003_0005.uexp" 4450
"../../../Engine/Content/EngineMaterials/Substrate/Glints2/dict_0003_0005.uasset" 4451
"../../../Engine/Content/EngineMaterials/Substrate/Glints2/dict_0001_0080.uasset" 4452
"../../../Engine/Content/EngineMaterials/Substrate/Glints2/dict_0001_0080.uexp" 4453
"../../../Engine/Content/EngineMaterials/Substrate/Glints2/dict_0003_0092.uexp" 4454
"../../../Engine/Content/EngineMaterials/Substrate/Glints2/dict_0003_0092.uasset" 4455
"../../../Engine/Content/EngineMaterials/Substrate/Glints2/dict_0003_0237.uexp" 4456
"../../../Engine/Content/EngineMaterials/Substrate/Glints2/dict_0003_0237.uasset" 4457
"../../../Engine/Content/EngineMaterials/Substrate/Glints2/dict_0003_0203.uexp" 4458
"../../../Engine/Content/EngineMaterials/Substrate/Glints2/dict_0003_0203.uasset" 4459
"../../../Engine/Content/EngineMaterials/Substrate/Glints2/dict_0002_0147.uexp" 4460
"../../../Engine/Content/EngineMaterials/Substrate/Glints2/dict_0002_0147.uasset" 4461
"../../../Engine/Content/EngineMaterials/Substrate/Glints2/dict_0002_0134.uasset" 4462
"../../../Engine/Content/EngineMaterials/Substrate/Glints2/dict_0002_0134.uexp" 4463
"../../../Engine/Content/EngineMaterials/Substrate/Glints2/dict_0003_0183.uexp" 4464
"../../../Engine/Content/EngineMaterials/Substrate/Glints2/dict_0003_0183.uasset" 4465
"../../../Engine/Content/EngineMaterials/Substrate/Glints2/dict_0006_0081.uasset" 4466
"../../../Engine/Content/EngineMaterials/Substrate/Glints2/dict_0006_0081.uexp" 4467
"../../../Engine/Content/EngineMaterials/Substrate/Glints2/dict_0005_0207.uexp" 4468
"../../../Engine/Content/EngineMaterials/Substrate/Glints2/dict_0005_0207.uasset" 4469
"../../../Engine/Content/EngineMaterials/Substrate/Glints2/dict_0005_0184.uexp" 4470
"../../../Engine/Content/EngineMaterials/Substrate/Glints2/dict_0005_0184.uasset" 4471
"../../../Engine/Content/EngineMaterials/Substrate/Glints2/dict_0007_0023.uasset" 4472
"../../../Engine/Content/EngineMaterials/Substrate/Glints2/dict_0007_0023.uexp" 4473
"../../../Engine/Content/EngineMaterials/Substrate/Glints2/dict_0003_0169.uasset" 4474
"../../../Engine/Content/EngineMaterials/Substrate/Glints2/dict_0003_0169.uexp" 4475
"../../../Engine/Content/EngineMaterials/Substrate/Glints2/dict_0007_0204.uasset" 4476
"../../../Engine/Content/EngineMaterials/Substrate/Glints2/dict_0007_0204.uexp" 4477
"../../../Engine/Content/EngineMaterials/Substrate/Glints2/dict_0002_0108.uasset" 4478
"../../../Engine/Content/EngineMaterials/Substrate/Glints2/dict_0002_0108.uexp" 4479
"../../../Engine/Content/EngineMaterials/Substrate/Glints2/dict_0004_0246.uasset" 4480
"../../../Engine/Content/EngineMaterials/Substrate/Glints2/dict_0004_0246.uexp" 4481
"../../../Engine/Content/EngineMaterials/Substrate/Glints2/dict_0007_0187.uexp" 4482
"../../../Engine/Content/EngineMaterials/Substrate/Glints2/dict_0007_0187.uasset" 4483
"../../../Engine/Content/EngineMaterials/Substrate/Glints2/dict_0000_0029.uasset" 4484
"../../../Engine/Content/EngineMaterials/Substrate/Glints2/dict_0000_0029.uexp" 4485
"../../../Engine/Content/EngineMaterials/Substrate/Glints2/dict_0007_0086.uasset" 4486
"../../../Engine/Content/EngineMaterials/Substrate/Glints2/dict_0007_0086.uexp" 4487
"../../../Engine/Content/EngineMaterials/Substrate/Glints2/dict_0002_0092.uasset" 4488
"../../../Engine/Content/EngineMaterials/Substrate/Glints2/dict_0002_0092.uexp" 4489
"../../../Engine/Content/EngineMaterials/Substrate/Glints2/dict_0004_0058.uexp" 4490
"../../../Engine/Content/EngineMaterials/Substrate/Glints2/dict_0004_0058.uasset" 4491
"../../../Engine/Content/EngineMaterials/Substrate/Glints2/dict_0004_0215.uexp" 4492
"../../../Engine/Content/EngineMaterials/Substrate/Glints2/dict_0004_0215.uasset" 4493
"../../../Engine/Content/EngineMaterials/Substrate/Glints2/dict_0005_0067.uexp" 4494
"../../../Engine/Content/EngineMaterials/Substrate/Glints2/dict_0005_0067.uasset" 4495
"../../../Engine/Content/EngineMaterials/Substrate/Glints2/dict_0007_0062.uasset" 4496
"../../../Engine/Content/EngineMaterials/Substrate/Glints2/dict_0007_0062.uexp" 4497
"../../../Engine/Content/EngineMaterials/Substrate/Glints2/dict_0000_0153.uexp" 4498
"../../../Engine/Content/EngineMaterials/Substrate/Glints2/dict_0000_0153.uasset" 4499
"../../../Engine/Content/EngineMaterials/Substrate/Glints2/dict_0006_0098.uexp" 4500
"../../../Engine/Content/EngineMaterials/Substrate/Glints2/dict_0006_0098.uasset" 4501
"../../../Engine/Content/EngineMaterials/Substrate/Glints2/dict_0004_0179.uasset" 4502
"../../../Engine/Content/EngineMaterials/Substrate/Glints2/dict_0004_0179.uexp" 4503
"../../../Engine/Content/EngineMaterials/Substrate/Glints2/dict_0003_0119.uasset" 4504
"../../../Engine/Content/EngineMaterials/Substrate/Glints2/dict_0003_0119.uexp" 4505
"../../../Engine/Content/EngineMaterials/Substrate/Glints2/dict_0004_0052.uexp" 4506
"../../../Engine/Content/EngineMaterials/Substrate/Glints2/dict_0004_0052.uasset" 4507
"../../../Engine/Content/EngineMaterials/Substrate/Glints2/dict_0000_0175.uexp" 4508
"../../../Engine/Content/EngineMaterials/Substrate/Glints2/dict_0000_0175.uasset" 4509
"../../../Engine/Content/EngineMaterials/Substrate/Glints2/dict_0007_0199.uexp" 4510
"../../../Engine/Content/EngineMaterials/Substrate/Glints2/dict_0007_0199.uasset" 4511
"../../../Engine/Content/EngineMaterials/Substrate/Glints2/dict_0003_0088.uasset" 4512
"../../../Engine/Content/EngineMaterials/Substrate/Glints2/dict_0003_0088.uexp" 4513
"../../../Engine/Content/EngineMaterials/Substrate/Glints2/dict_0007_0185.uasset" 4514
"../../../Engine/Content/EngineMaterials/Substrate/Glints2/dict_0007_0185.uexp" 4515
"../../../Engine/Content/EngineMaterials/Substrate/Glints2/dict_0004_0028.uasset" 4516
"../../../Engine/Content/EngineMaterials/Substrate/Glints2/dict_0004_0028.uexp" 4517
"../../../Engine/Content/EngineMaterials/Substrate/Glints2/dict_0004_0242.uexp" 4518
"../../../Engine/Content/EngineMaterials/Substrate/Glints2/dict_0004_0242.uasset" 4519
"../../../Engine/Content/EngineMaterials/Substrate/Glints2/dict_0006_0043.uexp" 4520
"../../../Engine/Content/EngineMaterials/Substrate/Glints2/dict_0006_0043.uasset" 4521
"../../../Engine/Content/EngineMaterials/Substrate/Glints2/dict_0001_0190.uasset" 4522
"../../../Engine/Content/EngineMaterials/Substrate/Glints2/dict_0001_0190.uexp" 4523
"../../../Engine/Content/EngineMaterials/Substrate/Glints2/dict_0006_0176.uasset" 4524
"../../../Engine/Content/EngineMaterials/Substrate/Glints2/dict_0006_0176.uexp" 4525
"../../../Engine/Content/EngineMaterials/Substrate/Glints2/dict_0005_0220.uasset" 4526
"../../../Engine/Content/EngineMaterials/Substrate/Glints2/dict_0005_0220.uexp" 4527
"../../../Engine/Content/EngineMaterials/Substrate/Glints2/dict_0002_0014.uexp" 4528
"../../../Engine/Content/EngineMaterials/Substrate/Glints2/dict_0002_0014.uasset" 4529
"../../../Engine/Content/EngineMaterials/Substrate/Glints2/dict_0004_0074.uexp" 4530
"../../../Engine/Content/EngineMaterials/Substrate/Glints2/dict_0004_0074.uasset" 4531
"../../../Engine/Content/EngineMaterials/Substrate/Glints2/dict_0006_0219.uasset" 4532
"../../../Engine/Content/EngineMaterials/Substrate/Glints2/dict_0006_0219.uexp" 4533
"../../../Engine/Content/EngineMaterials/Substrate/Glints2/dict_0001_0232.uexp" 4534
"../../../Engine/Content/EngineMaterials/Substrate/Glints2/dict_0001_0232.uasset" 4535
"../../../Engine/Content/EngineMaterials/Substrate/Glints2/dict_0000_0246.uexp" 4536
"../../../Engine/Content/EngineMaterials/Substrate/Glints2/dict_0000_0246.uasset" 4537
"../../../Engine/Content/EngineMaterials/Substrate/Glints2/dict_0000_0189.uasset" 4538
"../../../Engine/Content/EngineMaterials/Substrate/Glints2/dict_0000_0189.uexp" 4539
"../../../Engine/Content/EngineMaterials/Substrate/Glints2/dict_0001_0124.uasset" 4540
"../../../Engine/Content/EngineMaterials/Substrate/Glints2/dict_0001_0124.uexp" 4541
"../../../Engine/Content/EngineMaterials/Substrate/Glints2/dict_0002_0066.uasset" 4542
"../../../Engine/Content/EngineMaterials/Substrate/Glints2/dict_0002_0066.uexp" 4543
"../../../Engine/Content/EngineMaterials/Substrate/Glints2/dict_0002_0098.uasset" 4544
"../../../Engine/Content/EngineMaterials/Substrate/Glints2/dict_0002_0098.uexp" 4545
"../../../Engine/Content/EngineMaterials/Substrate/Glints2/dict_0004_0157.uasset" 4546
"../../../Engine/Content/EngineMaterials/Substrate/Glints2/dict_0004_0157.uexp" 4547
"../../../Engine/Content/EngineMaterials/Substrate/Glints2/dict_0004_0190.uasset" 4548
"../../../Engine/Content/EngineMaterials/Substrate/Glints2/dict_0004_0190.uexp" 4549
"../../../Engine/Content/EngineMaterials/Substrate/Glints2/dict_0001_0133.uexp" 4550
"../../../Engine/Content/EngineMaterials/Substrate/Glints2/dict_0001_0133.uasset" 4551
"../../../Engine/Content/EngineMaterials/Substrate/Glints2/dict_0003_0205.uexp" 4552
"../../../Engine/Content/EngineMaterials/Substrate/Glints2/dict_0003_0205.uasset" 4553
"../../../Engine/Content/EngineMaterials/Substrate/Glints2/dict_0002_0171.uexp" 4554
"../../../Engine/Content/EngineMaterials/Substrate/Glints2/dict_0002_0171.uasset" 4555
"../../../Engine/Content/EngineMaterials/Substrate/Glints2/dict_0004_0205.uexp" 4556
"../../../Engine/Content/EngineMaterials/Substrate/Glints2/dict_0004_0205.uasset" 4557
"../../../Engine/Content/EngineMaterials/Substrate/Glints2/dict_0004_0174.uexp" 4558
"../../../Engine/Content/EngineMaterials/Substrate/Glints2/dict_0004_0174.uasset" 4559
"../../../Engine/Content/EngineMaterials/Substrate/Glints2/dict_0007_0117.uasset" 4560
"../../../Engine/Content/EngineMaterials/Substrate/Glints2/dict_0007_0117.uexp" 4561
"../../../Engine/Content/EngineMaterials/Substrate/Glints2/dict_0007_0168.uexp" 4562
"../../../Engine/Content/EngineMaterials/Substrate/Glints2/dict_0007_0168.uasset" 4563
"../../../Engine/Content/EngineMaterials/Substrate/Glints2/dict_0005_0211.uasset" 4564
"../../../Engine/Content/EngineMaterials/Substrate/Glints2/dict_0005_0211.uexp" 4565
"../../../Engine/Content/EngineMaterials/Substrate/Glints2/dict_0006_0089.uasset" 4566
"../../../Engine/Content/EngineMaterials/Substrate/Glints2/dict_0006_0089.uexp" 4567
"../../../Engine/Content/EngineMaterials/Substrate/Glints2/dict_0000_0107.uasset" 4568
"../../../Engine/Content/EngineMaterials/Substrate/Glints2/dict_0000_0107.uexp" 4569
"../../../Engine/Content/EngineMaterials/Substrate/Glints2/dict_0006_0204.uasset" 4570
"../../../Engine/Content/EngineMaterials/Substrate/Glints2/dict_0006_0204.uexp" 4571
"../../../Engine/Content/EngineMaterials/Substrate/Glints2/dict_0001_0105.uexp" 4572
"../../../Engine/Content/EngineMaterials/Substrate/Glints2/dict_0001_0105.uasset" 4573
"../../../Engine/Content/EngineMaterials/Substrate/Glints2/dict_0002_0039.uexp" 4574
"../../../Engine/Content/EngineMaterials/Substrate/Glints2/dict_0002_0039.uasset" 4575
"../../../Engine/Content/EngineMaterials/Substrate/Glints2/dict_0001_0122.uasset" 4576
"../../../Engine/Content/EngineMaterials/Substrate/Glints2/dict_0001_0122.uexp" 4577
"../../../Engine/Content/EngineMaterials/Substrate/Glints2/dict_0001_0150.uexp" 4578
"../../../Engine/Content/EngineMaterials/Substrate/Glints2/dict_0001_0150.uasset" 4579
"../../../Engine/Content/EngineMaterials/Substrate/Glints2/dict_0007_0026.uexp" 4580
"../../../Engine/Content/EngineMaterials/Substrate/Glints2/dict_0007_0026.uasset" 4581
"../../../Engine/Content/EngineMaterials/Substrate/Glints2/dict_0006_0222.uasset" 4582
"../../../Engine/Content/EngineMaterials/Substrate/Glints2/dict_0006_0222.uexp" 4583
"../../../Engine/Content/EngineMaterials/Substrate/Glints2/dict_0005_0077.uexp" 4584
"../../../Engine/Content/EngineMaterials/Substrate/Glints2/dict_0005_0077.uasset" 4585
"../../../Engine/Content/EngineMaterials/Substrate/Glints2/dict_0005_0036.uasset" 4586
"../../../Engine/Content/EngineMaterials/Substrate/Glints2/dict_0005_0036.uexp" 4587
"../../../Engine/Content/EngineMaterials/Substrate/Glints2/dict_0004_0122.uasset" 4588
"../../../Engine/Content/EngineMaterials/Substrate/Glints2/dict_0004_0122.uexp" 4589
"../../../Engine/Content/EngineMaterials/Substrate/Glints2/dict_0005_0085.uasset" 4590
"../../../Engine/Content/EngineMaterials/Substrate/Glints2/dict_0005_0085.uexp" 4591
"../../../Engine/Content/EngineMaterials/Substrate/Glints2/dict_0001_0235.uasset" 4592
"../../../Engine/Content/EngineMaterials/Substrate/Glints2/dict_0001_0235.uexp" 4593
"../../../Engine/Content/EngineMaterials/Substrate/Glints2/dict_0002_0051.uasset" 4594
"../../../Engine/Content/EngineMaterials/Substrate/Glints2/dict_0002_0051.uexp" 4595
"../../../Engine/Content/EngineMaterials/Substrate/Glints2/dict_0006_0225.uexp" 4596
"../../../Engine/Content/EngineMaterials/Substrate/Glints2/dict_0006_0225.uasset" 4597
"../../../Engine/Content/EngineMaterials/Substrate/Glints2/dict_0006_0022.uexp" 4598
"../../../Engine/Content/EngineMaterials/Substrate/Glints2/dict_0006_0022.uasset" 4599
"../../../Engine/Content/EngineMaterials/Substrate/Glints2/dict_0006_0183.uasset" 4600
"../../../Engine/Content/EngineMaterials/Substrate/Glints2/dict_0006_0183.uexp" 4601
"../../../Engine/Content/EngineMaterials/Substrate/Glints2/dict_0003_0163.uasset" 4602
"../../../Engine/Content/EngineMaterials/Substrate/Glints2/dict_0003_0163.uexp" 4603
"../../../Engine/Content/EngineMaterials/Substrate/Glints2/dict_0004_0237.uasset" 4604
"../../../Engine/Content/EngineMaterials/Substrate/Glints2/dict_0004_0237.uexp" 4605
"../../../Engine/Content/EngineMaterials/Substrate/Glints2/dict_0001_0197.uexp" 4606
"../../../Engine/Content/EngineMaterials/Substrate/Glints2/dict_0001_0197.uasset" 4607
"../../../Engine/Content/EngineMaterials/Substrate/Glints2/dict_0005_0003.uasset" 4608
"../../../Engine/Content/EngineMaterials/Substrate/Glints2/dict_0005_0003.uexp" 4609
"../../../Engine/Content/EngineMaterials/Substrate/Glints2/dict_0004_0009.uexp" 4610
"../../../Engine/Content/EngineMaterials/Substrate/Glints2/dict_0004_0009.uasset" 4611
"../../../Engine/Content/EngineMaterials/Substrate/Glints2/dict_0001_0164.uexp" 4612
"../../../Engine/Content/EngineMaterials/Substrate/Glints2/dict_0001_0164.uasset" 4613
"../../../Engine/Content/EngineMaterials/Substrate/Glints2/dict_0002_0185.uexp" 4614
"../../../Engine/Content/EngineMaterials/Substrate/Glints2/dict_0002_0185.uasset" 4615
"../../../Engine/Content/EngineMaterials/Substrate/Glints2/dict_0004_0168.uasset" 4616
"../../../Engine/Content/EngineMaterials/Substrate/Glints2/dict_0004_0168.uexp" 4617
"../../../Engine/Content/EngineMaterials/Substrate/Glints2/dict_0002_0050.uexp" 4618
"../../../Engine/Content/EngineMaterials/Substrate/Glints2/dict_0002_0050.uasset" 4619
"../../../Engine/Content/EngineMaterials/Substrate/Glints2/dict_0004_0169.uasset" 4620
"../../../Engine/Content/EngineMaterials/Substrate/Glints2/dict_0004_0169.uexp" 4621
"../../../Engine/Content/EngineMaterials/Substrate/Glints2/dict_0007_0059.uasset" 4622
"../../../Engine/Content/EngineMaterials/Substrate/Glints2/dict_0007_0059.uexp" 4623
"../../../Engine/Content/EngineMaterials/Substrate/Glints2/dict_0002_0141.uasset" 4624
"../../../Engine/Content/EngineMaterials/Substrate/Glints2/dict_0002_0141.uexp" 4625
"../../../Engine/Content/EngineMaterials/Substrate/Glints2/dict_0003_0232.uasset" 4626
"../../../Engine/Content/EngineMaterials/Substrate/Glints2/dict_0003_0232.uexp" 4627
"../../../Engine/Content/EngineMaterials/Substrate/Glints2/dict_0004_0164.uexp" 4628
"../../../Engine/Content/EngineMaterials/Substrate/Glints2/dict_0004_0164.uasset" 4629
"../../../Engine/Content/EngineMaterials/Substrate/Glints2/dict_0004_0199.uexp" 4630
"../../../Engine/Content/EngineMaterials/Substrate/Glints2/dict_0004_0199.uasset" 4631
"../../../Engine/Content/EngineMaterials/Substrate/Glints2/dict_0004_0061.uasset" 4632
"../../../Engine/Content/EngineMaterials/Substrate/Glints2/dict_0004_0061.uexp" 4633
"../../../Engine/Content/EngineMaterials/Substrate/Glints2/dict_0002_0146.uexp" 4634
"../../../Engine/Content/EngineMaterials/Substrate/Glints2/dict_0002_0146.uasset" 4635
"../../../Engine/Content/EngineMaterials/Substrate/Glints2/dict_0007_0040.uexp" 4636
"../../../Engine/Content/EngineMaterials/Substrate/Glints2/dict_0007_0040.uasset" 4637
"../../../Engine/Content/EngineMaterials/Substrate/Glints2/dict_0001_0170.uasset" 4638
"../../../Engine/Content/EngineMaterials/Substrate/Glints2/dict_0001_0170.uexp" 4639
"../../../Engine/Content/EngineMaterials/Substrate/Glints2/dict_0005_0230.uasset" 4640
"../../../Engine/Content/EngineMaterials/Substrate/Glints2/dict_0005_0230.uexp" 4641
"../../../Engine/Content/EngineMaterials/Substrate/Glints2/dict_0007_0028.uasset" 4642
"../../../Engine/Content/EngineMaterials/Substrate/Glints2/dict_0007_0028.uexp" 4643
"../../../Engine/Content/EngineMaterials/Substrate/Glints2/dict_0006_0223.uexp" 4644
"../../../Engine/Content/EngineMaterials/Substrate/Glints2/dict_0006_0223.uasset" 4645
"../../../Engine/Content/EngineMaterials/Substrate/Glints2/dict_0005_0253.uexp" 4646
"../../../Engine/Content/EngineMaterials/Substrate/Glints2/dict_0005_0253.uasset" 4647
"../../../Engine/Content/EngineMaterials/Substrate/Glints2/dict_0005_0199.uexp" 4648
"../../../Engine/Content/EngineMaterials/Substrate/Glints2/dict_0005_0199.uasset" 4649
"../../../Engine/Content/EngineMaterials/Substrate/Glints2/dict_0007_0049.uasset" 4650
"../../../Engine/Content/EngineMaterials/Substrate/Glints2/dict_0007_0049.uexp" 4651
"../../../Engine/Content/EngineMaterials/Substrate/Glints2/dict_0002_0012.uasset" 4652
"../../../Engine/Content/EngineMaterials/Substrate/Glints2/dict_0002_0012.uexp" 4653
"../../../Engine/Content/EngineMaterials/Substrate/Glints2/dict_0006_0008.uasset" 4654
"../../../Engine/Content/EngineMaterials/Substrate/Glints2/dict_0006_0008.uexp" 4655
"../../../Engine/Content/EngineMaterials/Substrate/Glints2/dict_0007_0202.uasset" 4656
"../../../Engine/Content/EngineMaterials/Substrate/Glints2/dict_0007_0202.uexp" 4657
"../../../Engine/Content/EngineMaterials/Substrate/Glints2/dict_0007_0110.uasset" 4658
"../../../Engine/Content/EngineMaterials/Substrate/Glints2/dict_0007_0110.uexp" 4659
"../../../Engine/Content/EngineMaterials/Substrate/Glints2/dict_0006_0072.uasset" 4660
"../../../Engine/Content/EngineMaterials/Substrate/Glints2/dict_0006_0072.uexp" 4661
"../../../Engine/Content/EngineMaterials/Substrate/Glints2/dict_0003_0078.uasset" 4662
"../../../Engine/Content/EngineMaterials/Substrate/Glints2/dict_0003_0078.uexp" 4663
"../../../Engine/Content/EngineMaterials/Substrate/Glints2/dict_0003_0214.uasset" 4664
"../../../Engine/Content/EngineMaterials/Substrate/Glints2/dict_0003_0214.uexp" 4665
"../../../Engine/Content/EngineMaterials/Substrate/Glints2/dict_0004_0015.uexp" 4666
"../../../Engine/Content/EngineMaterials/Substrate/Glints2/dict_0004_0015.uasset" 4667
"../../../Engine/Content/EngineMaterials/Substrate/Glints2/dict_0000_0232.uasset" 4668
"../../../Engine/Content/EngineMaterials/Substrate/Glints2/dict_0000_0232.uexp" 4669
"../../../Engine/Content/EngineMaterials/Substrate/Glints2/dict_0000_0241.uasset" 4670
"../../../Engine/Content/EngineMaterials/Substrate/Glints2/dict_0000_0241.uexp" 4671
"../../../Engine/Content/EngineMaterials/Substrate/Glints2/dict_0003_0023.uasset" 4672
"../../../Engine/Content/EngineMaterials/Substrate/Glints2/dict_0003_0023.uexp" 4673
"../../../Engine/Content/EngineMaterials/Substrate/Glints2/dict_0003_0121.uexp" 4674
"../../../Engine/Content/EngineMaterials/Substrate/Glints2/dict_0003_0121.uasset" 4675
"../../../Engine/Content/EngineMaterials/Substrate/Glints2/dict_0006_0136.uexp" 4676
"../../../Engine/Content/EngineMaterials/Substrate/Glints2/dict_0006_0136.uasset" 4677
"../../../Engine/Content/EngineMaterials/Substrate/Glints2/dict_0005_0074.uexp" 4678
"../../../Engine/Content/EngineMaterials/Substrate/Glints2/dict_0005_0074.uasset" 4679
"../../../Engine/Content/EngineMaterials/Substrate/Glints2/dict_0005_0243.uasset" 4680
"../../../Engine/Content/EngineMaterials/Substrate/Glints2/dict_0005_0243.uexp" 4681
"../../../Engine/Content/EngineMaterials/Substrate/Glints2/dict_0002_0162.uexp" 4682
"../../../Engine/Content/EngineMaterials/Substrate/Glints2/dict_0002_0162.uasset" 4683
"../../../Engine/Content/EngineMaterials/Substrate/Glints2/dict_0003_0080.uexp" 4684
"../../../Engine/Content/EngineMaterials/Substrate/Glints2/dict_0003_0080.uasset" 4685
"../../../Engine/Content/EngineMaterials/Substrate/Glints2/dict_0003_0001.uasset" 4686
"../../../Engine/Content/EngineMaterials/Substrate/Glints2/dict_0003_0001.uexp" 4687
"../../../Engine/Content/EngineMaterials/Substrate/Glints2/dict_0003_0126.uexp" 4688
"../../../Engine/Content/EngineMaterials/Substrate/Glints2/dict_0003_0126.uasset" 4689
"../../../Engine/Content/EngineMaterials/Substrate/Glints2/dict_0006_0069.uasset" 4690
"../../../Engine/Content/EngineMaterials/Substrate/Glints2/dict_0006_0069.uexp" 4691
"../../../Engine/Content/EngineMaterials/Substrate/Glints2/dict_0003_0096.uexp" 4692
"../../../Engine/Content/EngineMaterials/Substrate/Glints2/dict_0003_0096.uasset" 4693
"../../../Engine/Content/EngineMaterials/Substrate/Glints2/dict_0007_0140.uasset" 4694
"../../../Engine/Content/EngineMaterials/Substrate/Glints2/dict_0007_0140.uexp" 4695
"../../../Engine/Content/EngineMaterials/Substrate/Glints2/dict_0000_0054.uasset" 4696
"../../../Engine/Content/EngineMaterials/Substrate/Glints2/dict_0000_0054.uexp" 4697
"../../../Engine/Content/EngineMaterials/Substrate/Glints2/dict_0002_0058.uexp" 4698
"../../../Engine/Content/EngineMaterials/Substrate/Glints2/dict_0002_0058.uasset" 4699
"../../../Engine/Content/EngineMaterials/Substrate/Glints2/dict_0004_0022.uexp" 4700
"../../../Engine/Content/EngineMaterials/Substrate/Glints2/dict_0004_0022.uasset" 4701
"../../../Engine/Content/EngineMaterials/Substrate/Glints2/dict_0002_0026.uasset" 4702
"../../../Engine/Content/EngineMaterials/Substrate/Glints2/dict_0002_0026.uexp" 4703
"../../../Engine/Content/EngineMaterials/Substrate/Glints2/dict_0000_0235.uasset" 4704
"../../../Engine/Content/EngineMaterials/Substrate/Glints2/dict_0000_0235.uexp" 4705
"../../../Engine/Content/EngineMaterials/Substrate/Glints2/dict_0004_0139.uasset" 4706
"../../../Engine/Content/EngineMaterials/Substrate/Glints2/dict_0004_0139.uexp" 4707
"../../../Engine/Content/EngineMaterials/Substrate/Glints2/dict_0005_0116.uexp" 4708
"../../../Engine/Content/EngineMaterials/Substrate/Glints2/dict_0005_0116.uasset" 4709
"../../../Engine/Content/EngineMaterials/Substrate/Glints2/dict_0001_0183.uexp" 4710
"../../../Engine/Content/EngineMaterials/Substrate/Glints2/dict_0001_0183.uasset" 4711
"../../../Engine/Content/EngineMaterials/Substrate/Glints2/dict_0003_0153.uasset" 4712
"../../../Engine/Content/EngineMaterials/Substrate/Glints2/dict_0003_0153.uexp" 4713
"../../../Engine/Content/EngineMaterials/Substrate/Glints2/dict_0004_0104.uasset" 4714
"../../../Engine/Content/EngineMaterials/Substrate/Glints2/dict_0004_0104.uexp" 4715
"../../../Engine/Content/EngineMaterials/Substrate/Glints2/dict_0007_0020.uexp" 4716
"../../../Engine/Content/EngineMaterials/Substrate/Glints2/dict_0007_0020.uasset" 4717
"../../../Engine/Content/EngineMaterials/Substrate/Glints2/dict_0005_0094.uexp" 4718
"../../../Engine/Content/EngineMaterials/Substrate/Glints2/dict_0005_0094.uasset" 4719
"../../../Engine/Content/EngineMaterials/Substrate/Glints2/dict_0003_0244.uexp" 4720
"../../../Engine/Content/EngineMaterials/Substrate/Glints2/dict_0003_0244.uasset" 4721
"../../../Engine/Content/EngineMaterials/Substrate/Glints2/dict_0005_0180.uasset" 4722
"../../../Engine/Content/EngineMaterials/Substrate/Glints2/dict_0005_0180.uexp" 4723
"../../../Engine/Content/EngineMaterials/Substrate/Glints2/dict_0006_0206.uasset" 4724
"../../../Engine/Content/EngineMaterials/Substrate/Glints2/dict_0006_0206.uexp" 4725
"../../../Engine/Content/EngineMaterials/Substrate/Glints2/dict_0004_0093.uasset" 4726
"../../../Engine/Content/EngineMaterials/Substrate/Glints2/dict_0004_0093.uexp" 4727
"../../../Engine/Content/EngineMaterials/Substrate/Glints2/dict_0003_0182.uexp" 4728
"../../../Engine/Content/EngineMaterials/Substrate/Glints2/dict_0003_0182.uasset" 4729
"../../../Engine/Content/EngineMaterials/Substrate/Glints2/dict_0005_0254.uexp" 4730
"../../../Engine/Content/EngineMaterials/Substrate/Glints2/dict_0005_0254.uasset" 4731
"../../../Engine/Content/EngineMaterials/Substrate/Glints2/dict_0004_0233.uexp" 4732
"../../../Engine/Content/EngineMaterials/Substrate/Glints2/dict_0004_0233.uasset" 4733
"../../../Engine/Content/EngineMaterials/Substrate/Glints2/dict_0002_0154.uexp" 4734
"../../../Engine/Content/EngineMaterials/Substrate/Glints2/dict_0002_0154.uasset" 4735
"../../../Engine/Content/EngineMaterials/Substrate/Glints2/dict_0001_0199.uexp" 4736
"../../../Engine/Content/EngineMaterials/Substrate/Glints2/dict_0001_0199.uasset" 4737
"../../../Engine/Content/EngineMaterials/Substrate/Glints2/dict_0001_0222.uexp" 4738
"../../../Engine/Content/EngineMaterials/Substrate/Glints2/dict_0001_0222.uasset" 4739
"../../../Engine/Content/EngineMaterials/Substrate/Glints2/dict_0007_0015.uasset" 4740
"../../../Engine/Content/EngineMaterials/Substrate/Glints2/dict_0007_0015.uexp" 4741
"../../../Engine/Content/EngineMaterials/Substrate/Glints2/dict_0005_0147.uexp" 4742
"../../../Engine/Content/EngineMaterials/Substrate/Glints2/dict_0005_0147.uasset" 4743
"../../../Engine/Content/EngineMaterials/Substrate/Glints2/dict_0003_0144.uasset" 4744
"../../../Engine/Content/EngineMaterials/Substrate/Glints2/dict_0003_0144.uexp" 4745
"../../../Engine/Content/EngineMaterials/Substrate/Glints2/dict_0000_0218.uasset" 4746
"../../../Engine/Content/EngineMaterials/Substrate/Glints2/dict_0000_0218.uexp" 4747
"../../../Engine/Content/EngineMaterials/Substrate/Glints2/dict_0000_0172.uasset" 4748
"../../../Engine/Content/EngineMaterials/Substrate/Glints2/dict_0000_0172.uexp" 4749
"../../../Engine/Content/EngineMaterials/Substrate/Glints2/dict_0006_0203.uexp" 4750
"../../../Engine/Content/EngineMaterials/Substrate/Glints2/dict_0006_0203.uasset" 4751
"../../../Engine/Content/EngineMaterials/Substrate/Glints2/dict_0001_0187.uexp" 4752
"../../../Engine/Content/EngineMaterials/Substrate/Glints2/dict_0001_0187.uasset" 4753
"../../../Engine/Content/EngineMaterials/Substrate/Glints2/dict_0006_0151.uexp" 4754
"../../../Engine/Content/EngineMaterials/Substrate/Glints2/dict_0006_0151.uasset" 4755
"../../../Engine/Content/EngineMaterials/Substrate/Glints2/dict_0001_0045.uasset" 4756
"../../../Engine/Content/EngineMaterials/Substrate/Glints2/dict_0001_0045.uexp" 4757
"../../../Engine/Content/EngineMaterials/Substrate/Glints2/dict_0000_0237.uexp" 4758
"../../../Engine/Content/EngineMaterials/Substrate/Glints2/dict_0000_0237.uasset" 4759
"../../../Engine/Content/EngineMaterials/Substrate/Glints2/dict_0002_0130.uasset" 4760
"../../../Engine/Content/EngineMaterials/Substrate/Glints2/dict_0002_0130.uexp" 4761
"../../../Engine/Content/EngineMaterials/Substrate/Glints2/dict_0006_0007.uasset" 4762
"../../../Engine/Content/EngineMaterials/Substrate/Glints2/dict_0006_0007.uexp" 4763
"../../../Engine/Content/EngineMaterials/Substrate/Glints2/dict_0007_0236.uexp" 4764
"../../../Engine/Content/EngineMaterials/Substrate/Glints2/dict_0007_0236.uasset" 4765
"../../../Engine/Content/EngineMaterials/Substrate/Glints2/dict_0004_0083.uasset" 4766
"../../../Engine/Content/EngineMaterials/Substrate/Glints2/dict_0004_0083.uexp" 4767
"../../../Engine/Content/EngineMaterials/Substrate/Glints2/dict_0006_0252.uasset" 4768
"../../../Engine/Content/EngineMaterials/Substrate/Glints2/dict_0006_0252.uexp" 4769
"../../../Engine/Content/EngineMaterials/Substrate/Glints2/dict_0004_0081.uexp" 4770
"../../../Engine/Content/EngineMaterials/Substrate/Glints2/dict_0004_0081.uasset" 4771
"../../../Engine/Content/EngineMaterials/Substrate/Glints2/dict_0002_0083.uexp" 4772
"../../../Engine/Content/EngineMaterials/Substrate/Glints2/dict_0002_0083.uasset" 4773
"../../../Engine/Content/EngineMaterials/Substrate/Glints2/dict_0004_0133.uasset" 4774
"../../../Engine/Content/EngineMaterials/Substrate/Glints2/dict_0004_0133.uexp" 4775
"../../../Engine/Content/EngineMaterials/Substrate/Glints2/dict_0002_0148.uexp" 4776
"../../../Engine/Content/EngineMaterials/Substrate/Glints2/dict_0002_0148.uasset" 4777
"../../../Engine/Content/EngineMaterials/Substrate/Glints2/dict_0000_0015.uasset" 4778
"../../../Engine/Content/EngineMaterials/Substrate/Glints2/dict_0000_0015.uexp" 4779
"../../../Engine/Content/EngineMaterials/Substrate/Glints2/dict_0007_0113.uexp" 4780
"../../../Engine/Content/EngineMaterials/Substrate/Glints2/dict_0007_0113.uasset" 4781
"../../../Engine/Content/EngineMaterials/Substrate/Glints2/dict_0007_0254.uasset" 4782
"../../../Engine/Content/EngineMaterials/Substrate/Glints2/dict_0007_0254.uexp" 4783
"../../../Engine/Content/EngineMaterials/Substrate/Glints2/dict_0006_0037.uexp" 4784
"../../../Engine/Content/EngineMaterials/Substrate/Glints2/dict_0006_0037.uasset" 4785
"../../../Engine/Content/EngineMaterials/Substrate/Glints2/dict_0001_0027.uexp" 4786
"../../../Engine/Content/EngineMaterials/Substrate/Glints2/dict_0001_0027.uasset" 4787
"../../../Engine/Content/EngineMaterials/Substrate/Glints2/dict_0007_0179.uasset" 4788
"../../../Engine/Content/EngineMaterials/Substrate/Glints2/dict_0007_0179.uexp" 4789
"../../../Engine/Content/EngineMaterials/Substrate/Glints2/dict_0000_0177.uexp" 4790
"../../../Engine/Content/EngineMaterials/Substrate/Glints2/dict_0000_0177.uasset" 4791
"../../../Engine/Content/EngineMaterials/Substrate/Glints2/dict_0002_0145.uasset" 4792
"../../../Engine/Content/EngineMaterials/Substrate/Glints2/dict_0002_0145.uexp" 4793
"../../../Engine/Content/EngineMaterials/Substrate/Glints2/dict_0001_0138.uasset" 4794
"../../../Engine/Content/EngineMaterials/Substrate/Glints2/dict_0001_0138.uexp" 4795
"../../../Engine/Content/EngineMaterials/Substrate/Glints2/dict_0001_0149.uasset" 4796
"../../../Engine/Content/EngineMaterials/Substrate/Glints2/dict_0001_0149.uexp" 4797
"../../../Engine/Content/EngineMaterials/Substrate/Glints2/dict_0007_0228.uexp" 4798
"../../../Engine/Content/EngineMaterials/Substrate/Glints2/dict_0007_0228.uasset" 4799
"../../../Engine/Content/EngineMaterials/Substrate/Glints2/dict_0004_0099.uasset" 4800
"../../../Engine/Content/EngineMaterials/Substrate/Glints2/dict_0004_0099.uexp" 4801
"../../../Engine/Content/EngineMaterials/Substrate/Glints2/dict_0006_0172.uasset" 4802
"../../../Engine/Content/EngineMaterials/Substrate/Glints2/dict_0006_0172.uexp" 4803
"../../../Engine/Content/EngineMaterials/Substrate/Glints2/dict_0001_0192.uasset" 4804
"../../../Engine/Content/EngineMaterials/Substrate/Glints2/dict_0001_0192.uexp" 4805
"../../../Engine/Content/EngineMaterials/Substrate/Glints2/dict_0001_0083.uexp" 4806
"../../../Engine/Content/EngineMaterials/Substrate/Glints2/dict_0001_0083.uasset" 4807
"../../../Engine/Content/EngineMaterials/Substrate/Glints2/dict_0006_0023.uasset" 4808
"../../../Engine/Content/EngineMaterials/Substrate/Glints2/dict_0006_0023.uexp" 4809
"../../../Engine/Content/EngineMaterials/Substrate/Glints2/dict_0002_0135.uexp" 4810
"../../../Engine/Content/EngineMaterials/Substrate/Glints2/dict_0002_0135.uasset" 4811
"../../../Engine/Content/EngineMaterials/Substrate/Glints2/dict_0003_0014.uexp" 4812
"../../../Engine/Content/EngineMaterials/Substrate/Glints2/dict_0003_0014.uasset" 4813
"../../../Engine/Content/EngineMaterials/Substrate/Glints2/dict_0000_0243.uasset" 4814
"../../../Engine/Content/EngineMaterials/Substrate/Glints2/dict_0000_0243.uexp" 4815
"../../../Engine/Content/EngineMaterials/Substrate/Glints2/dict_0002_0031.uexp" 4816
"../../../Engine/Content/EngineMaterials/Substrate/Glints2/dict_0002_0031.uasset" 4817
"../../../Engine/Content/EngineMaterials/Substrate/Glints2/dict_0003_0058.uasset" 4818
"../../../Engine/Content/EngineMaterials/Substrate/Glints2/dict_0003_0058.uexp" 4819
"../../../Engine/Content/EngineMaterials/Substrate/Glints2/dict_0007_0131.uasset" 4820
"../../../Engine/Content/EngineMaterials/Substrate/Glints2/dict_0007_0131.uexp" 4821
"../../../Engine/Content/EngineMaterials/Substrate/Glints2/dict_0004_0018.uexp" 4822
"../../../Engine/Content/EngineMaterials/Substrate/Glints2/dict_0004_0018.uasset" 4823
"../../../Engine/Content/EngineMaterials/Substrate/Glints2/dict_0005_0131.uasset" 4824
"../../../Engine/Content/EngineMaterials/Substrate/Glints2/dict_0005_0131.uexp" 4825
"../../../Engine/Content/EngineMaterials/Substrate/Glints2/dict_0001_0131.uexp" 4826
"../../../Engine/Content/EngineMaterials/Substrate/Glints2/dict_0001_0131.uasset" 4827
"../../../Engine/Content/EngineMaterials/Substrate/Glints2/dict_0002_0104.uasset" 4828
"../../../Engine/Content/EngineMaterials/Substrate/Glints2/dict_0002_0104.uexp" 4829
"../../../Engine/Content/EngineMaterials/Substrate/Glints2/dict_0006_0177.uasset" 4830
"../../../Engine/Content/EngineMaterials/Substrate/Glints2/dict_0006_0177.uexp" 4831
"../../../Engine/Content/EngineMaterials/Substrate/Glints2/dict_0004_0203.uexp" 4832
"../../../Engine/Content/EngineMaterials/Substrate/Glints2/dict_0004_0203.uasset" 4833
"../../../Engine/Content/EngineMaterials/Substrate/Glints2/dict_0000_0201.uexp" 4834
"../../../Engine/Content/EngineMaterials/Substrate/Glints2/dict_0000_0201.uasset" 4835
"../../../Engine/Content/EngineMaterials/Substrate/Glints2/dict_0005_0144.uasset" 4836
"../../../Engine/Content/EngineMaterials/Substrate/Glints2/dict_0005_0144.uexp" 4837
"../../../Engine/Content/EngineMaterials/Substrate/Glints2/dict_0006_0111.uasset" 4838
"../../../Engine/Content/EngineMaterials/Substrate/Glints2/dict_0006_0111.uexp" 4839
"../../../Engine/Content/EngineMaterials/Substrate/Glints2/dict_0005_0210.uasset" 4840
"../../../Engine/Content/EngineMaterials/Substrate/Glints2/dict_0005_0210.uexp" 4841
"../../../Engine/Content/EngineMaterials/Substrate/Glints2/dict_0007_0102.uexp" 4842
"../../../Engine/Content/EngineMaterials/Substrate/Glints2/dict_0007_0102.uasset" 4843
"../../../Engine/Content/EngineMaterials/Substrate/Glints2/dict_0006_0124.uexp" 4844
"../../../Engine/Content/EngineMaterials/Substrate/Glints2/dict_0006_0124.uasset" 4845
"../../../Engine/Content/EngineMaterials/Substrate/Glints2/dict_0006_0145.uexp" 4846
"../../../Engine/Content/EngineMaterials/Substrate/Glints2/dict_0006_0145.uasset" 4847
"../../../Engine/Content/EngineMaterials/Substrate/Glints2/dict_0002_0133.uasset" 4848
"../../../Engine/Content/EngineMaterials/Substrate/Glints2/dict_0002_0133.uexp" 4849
"../../../Engine/Content/EngineMaterials/Substrate/Glints2/dict_0000_0074.uasset" 4850
"../../../Engine/Content/EngineMaterials/Substrate/Glints2/dict_0000_0074.uexp" 4851
"../../../Engine/Content/EngineMaterials/Substrate/Glints2/dict_0007_0155.uasset" 4852
"../../../Engine/Content/EngineMaterials/Substrate/Glints2/dict_0007_0155.uexp" 4853
"../../../Engine/Content/EngineMaterials/Substrate/Glints2/dict_0001_0000.uasset" 4854
"../../../Engine/Content/EngineMaterials/Substrate/Glints2/dict_0001_0000.uexp" 4855
"../../../Engine/Content/EngineMaterials/Substrate/Glints2/dict_0002_0214.uexp" 4856
"../../../Engine/Content/EngineMaterials/Substrate/Glints2/dict_0002_0214.uasset" 4857
"../../../Engine/Content/EngineMaterials/Substrate/Glints2/dict_0005_0156.uexp" 4858
"../../../Engine/Content/EngineMaterials/Substrate/Glints2/dict_0005_0156.uasset" 4859
"../../../Engine/Content/EngineMaterials/Substrate/Glints2/dict_0004_0197.uexp" 4860
"../../../Engine/Content/EngineMaterials/Substrate/Glints2/dict_0004_0197.uasset" 4861
"../../../Engine/Content/EngineMaterials/Substrate/Glints2/dict_0007_0019.uasset" 4862
"../../../Engine/Content/EngineMaterials/Substrate/Glints2/dict_0007_0019.uexp" 4863
"../../../Engine/Content/EngineMaterials/Substrate/Glints2/dict_0002_0150.uexp" 4864
"../../../Engine/Content/EngineMaterials/Substrate/Glints2/dict_0002_0150.uasset" 4865
"../../../Engine/Content/EngineMaterials/Substrate/Glints2/dict_0005_0161.uexp" 4866
"../../../Engine/Content/EngineMaterials/Substrate/Glints2/dict_0005_0161.uasset" 4867
"../../../Engine/Content/EngineMaterials/Substrate/Glints2/dict_0004_0204.uexp" 4868
"../../../Engine/Content/EngineMaterials/Substrate/Glints2/dict_0004_0204.uasset" 4869
"../../../Engine/Content/EngineMaterials/Substrate/Glints2/dict_0004_0131.uexp" 4870
"../../../Engine/Content/EngineMaterials/Substrate/Glints2/dict_0004_0131.uasset" 4871
"../../../Engine/Content/EngineMaterials/Substrate/Glints2/dict_0003_0118.uasset" 4872
"../../../Engine/Content/EngineMaterials/Substrate/Glints2/dict_0003_0118.uexp" 4873
"../../../Engine/Content/EngineMaterials/Substrate/Glints2/dict_0002_0094.uasset" 4874
"../../../Engine/Content/EngineMaterials/Substrate/Glints2/dict_0002_0094.uexp" 4875
"../../../Engine/Content/EngineMaterials/Substrate/Glints2/dict_0005_0083.uasset" 4876
"../../../Engine/Content/EngineMaterials/Substrate/Glints2/dict_0005_0083.uexp" 4877
"../../../Engine/Content/EngineMaterials/Substrate/Glints2/dict_0003_0168.uasset" 4878
"../../../Engine/Content/EngineMaterials/Substrate/Glints2/dict_0003_0168.uexp" 4879
"../../../Engine/Content/EngineMaterials/Substrate/Glints2/dict_0006_0018.uexp" 4880
"../../../Engine/Content/EngineMaterials/Substrate/Glints2/dict_0006_0018.uasset" 4881
"../../../Engine/Content/EngineMaterials/Substrate/Glints2/dict_0002_0105.uasset" 4882
"../../../Engine/Content/EngineMaterials/Substrate/Glints2/dict_0002_0105.uexp" 4883
"../../../Engine/Content/EngineMaterials/Substrate/Glints2/dict_0007_0123.uexp" 4884
"../../../Engine/Content/EngineMaterials/Substrate/Glints2/dict_0007_0123.uasset" 4885
"../../../Engine/Content/EngineMaterials/Substrate/Glints2/dict_0003_0216.uasset" 4886
"../../../Engine/Content/EngineMaterials/Substrate/Glints2/dict_0003_0216.uexp" 4887
"../../../Engine/Content/EngineMaterials/Substrate/Glints2/dict_0006_0126.uexp" 4888
"../../../Engine/Content/EngineMaterials/Substrate/Glints2/dict_0006_0126.uasset" 4889
"../../../Engine/Content/EngineMaterials/Substrate/Glints2/dict_0003_0035.uexp" 4890
"../../../Engine/Content/EngineMaterials/Substrate/Glints2/dict_0003_0035.uasset" 4891
"../../../Engine/Content/EngineMaterials/Substrate/Glints2/dict_0005_0188.uexp" 4892
"../../../Engine/Content/EngineMaterials/Substrate/Glints2/dict_0005_0188.uasset" 4893
"../../../Engine/Content/EngineMaterials/Substrate/Glints2/dict_0006_0086.uasset" 4894
"../../../Engine/Content/EngineMaterials/Substrate/Glints2/dict_0006_0086.uexp" 4895
"../../../Engine/Content/EngineMaterials/Substrate/Glints2/dict_0004_0027.uasset" 4896
"../../../Engine/Content/EngineMaterials/Substrate/Glints2/dict_0004_0027.uexp" 4897
"../../../Engine/Content/EngineMaterials/Substrate/Glints2/dict_0004_0079.uexp" 4898
"../../../Engine/Content/EngineMaterials/Substrate/Glints2/dict_0004_0079.uasset" 4899
"../../../Engine/Content/EngineMaterials/Substrate/Glints2/dict_0000_0247.uexp" 4900
"../../../Engine/Content/EngineMaterials/Substrate/Glints2/dict_0000_0247.uasset" 4901
"../../../Engine/Content/EngineMaterials/Substrate/Glints2/dict_0002_0077.uasset" 4902
"../../../Engine/Content/EngineMaterials/Substrate/Glints2/dict_0002_0077.uexp" 4903
"../../../Engine/Content/EngineMaterials/Substrate/Glints2/dict_0003_0063.uexp" 4904
"../../../Engine/Content/EngineMaterials/Substrate/Glints2/dict_0003_0063.uasset" 4905
"../../../Engine/Content/EngineMaterials/Substrate/Glints2/dict_0001_0148.uexp" 4906
"../../../Engine/Content/EngineMaterials/Substrate/Glints2/dict_0001_0148.uasset" 4907
"../../../Engine/Content/EngineMaterials/Substrate/Glints2/dict_0006_0127.uasset" 4908
"../../../Engine/Content/EngineMaterials/Substrate/Glints2/dict_0006_0127.uexp" 4909
"../../../Engine/Content/EngineMaterials/Substrate/Glints2/dict_0000_0125.uasset" 4910
"../../../Engine/Content/EngineMaterials/Substrate/Glints2/dict_0000_0125.uexp" 4911
"../../../Engine/Content/EngineMaterials/Substrate/Glints2/dict_0002_0195.uexp" 4912
"../../../Engine/Content/EngineMaterials/Substrate/Glints2/dict_0002_0195.uasset" 4913
"../../../Engine/Content/EngineMaterials/Substrate/Glints2/dict_0001_0032.uasset" 4914
"../../../Engine/Content/EngineMaterials/Substrate/Glints2/dict_0001_0032.uexp" 4915
"../../../Engine/Content/EngineMaterials/Substrate/Glints2/dict_0005_0174.uasset" 4916
"../../../Engine/Content/EngineMaterials/Substrate/Glints2/dict_0005_0174.uexp" 4917
"../../../Engine/Content/EngineMaterials/Substrate/Glints2/dict_0004_0214.uexp" 4918
"../../../Engine/Content/EngineMaterials/Substrate/Glints2/dict_0004_0214.uasset" 4919
"../../../Engine/Content/EngineMaterials/Substrate/Glints2/dict_0002_0140.uexp" 4920
"../../../Engine/Content/EngineMaterials/Substrate/Glints2/dict_0002_0140.uasset" 4921
"../../../Engine/Content/EngineMaterials/Substrate/Glints2/dict_0000_0214.uasset" 4922
"../../../Engine/Content/EngineMaterials/Substrate/Glints2/dict_0000_0214.uexp" 4923
"../../../Engine/Content/EngineMaterials/Substrate/Glints2/dict_0005_0045.uexp" 4924
"../../../Engine/Content/EngineMaterials/Substrate/Glints2/dict_0005_0045.uasset" 4925
"../../../Engine/Content/EngineMaterials/Substrate/Glints2/dict_0001_0151.uasset" 4926
"../../../Engine/Content/EngineMaterials/Substrate/Glints2/dict_0001_0151.uexp" 4927
"../../../Engine/Content/EngineMaterials/Substrate/Glints2/dict_0003_0039.uexp" 4928
"../../../Engine/Content/EngineMaterials/Substrate/Glints2/dict_0003_0039.uasset" 4929
"../../../Engine/Content/EngineMaterials/Substrate/Glints2/dict_0005_0019.uasset" 4930
"../../../Engine/Content/EngineMaterials/Substrate/Glints2/dict_0005_0019.uexp" 4931
"../../../Engine/Content/EngineMaterials/Substrate/Glints2/dict_0000_0096.uexp" 4932
"../../../Engine/Content/EngineMaterials/Substrate/Glints2/dict_0000_0096.uasset" 4933
"../../../Engine/Content/EngineMaterials/Substrate/Glints2/dict_0006_0044.uasset" 4934
"../../../Engine/Content/EngineMaterials/Substrate/Glints2/dict_0006_0044.uexp" 4935
"../../../Engine/Content/EngineMaterials/Substrate/Glints2/dict_0006_0093.uexp" 4936
"../../../Engine/Content/EngineMaterials/Substrate/Glints2/dict_0006_0093.uasset" 4937
"../../../Engine/Content/EngineMaterials/Substrate/Glints2/dict_0005_0106.uexp" 4938
"../../../Engine/Content/EngineMaterials/Substrate/Glints2/dict_0005_0106.uasset" 4939
"../../../Engine/Content/EngineMaterials/Substrate/Glints2/dict_0003_0132.uexp" 4940
"../../../Engine/Content/EngineMaterials/Substrate/Glints2/dict_0003_0132.uasset" 4941
"../../../Engine/Content/EngineMaterials/Substrate/Glints2/dict_0003_0133.uasset" 4942
"../../../Engine/Content/EngineMaterials/Substrate/Glints2/dict_0003_0133.uexp" 4943
"../../../Engine/Content/EngineMaterials/Substrate/Glints2/dict_0002_0136.uasset" 4944
"../../../Engine/Content/EngineMaterials/Substrate/Glints2/dict_0002_0136.uexp" 4945
"../../../Engine/Content/EngineMaterials/Substrate/Glints2/dict_0000_0182.uasset" 4946
"../../../Engine/Content/EngineMaterials/Substrate/Glints2/dict_0000_0182.uexp" 4947
"../../../Engine/Content/EngineMaterials/Substrate/Glints2/dict_0002_0196.uasset" 4948
"../../../Engine/Content/EngineMaterials/Substrate/Glints2/dict_0002_0196.uexp" 4949
"../../../Engine/Content/EngineMaterials/Substrate/Glints2/dict_0007_0011.uexp" 4950
"../../../Engine/Content/EngineMaterials/Substrate/Glints2/dict_0007_0011.uasset" 4951
"../../../Engine/Content/EngineMaterials/Substrate/Glints2/dict_0004_0189.uexp" 4952
"../../../Engine/Content/EngineMaterials/Substrate/Glints2/dict_0004_0189.uasset" 4953
"../../../Engine/Content/EngineMaterials/Substrate/Glints2/dict_0001_0023.uexp" 4954
"../../../Engine/Content/EngineMaterials/Substrate/Glints2/dict_0001_0023.uasset" 4955
"../../../Engine/Content/EngineMaterials/Substrate/Glints2/dict_0001_0160.uexp" 4956
"../../../Engine/Content/EngineMaterials/Substrate/Glints2/dict_0001_0160.uasset" 4957
"../../../Engine/Content/EngineMaterials/Substrate/Glints2/dict_0000_0197.uexp" 4958
"../../../Engine/Content/EngineMaterials/Substrate/Glints2/dict_0000_0197.uasset" 4959
"../../../Engine/Content/EngineMaterials/Substrate/Glints2/dict_0001_0227.uasset" 4960
"../../../Engine/Content/EngineMaterials/Substrate/Glints2/dict_0001_0227.uexp" 4961
"../../../Engine/Content/EngineMaterials/Substrate/Glints2/dict_0005_0111.uasset" 4962
"../../../Engine/Content/EngineMaterials/Substrate/Glints2/dict_0005_0111.uexp" 4963
"../../../Engine/Content/EngineMaterials/Substrate/Glints2/dict_0006_0094.uexp" 4964
"../../../Engine/Content/EngineMaterials/Substrate/Glints2/dict_0006_0094.uasset" 4965
"../../../Engine/Content/EngineMaterials/Substrate/Glints2/dict_0005_0022.uexp" 4966
"../../../Engine/Content/EngineMaterials/Substrate/Glints2/dict_0005_0022.uasset" 4967
"../../../Engine/Content/EngineMaterials/Substrate/Glints2/dict_0004_0162.uexp" 4968
"../../../Engine/Content/EngineMaterials/Substrate/Glints2/dict_0004_0162.uasset" 4969
"../../../Engine/Content/EngineMaterials/Substrate/Glints2/dict_0004_0051.uasset" 4970
"../../../Engine/Content/EngineMaterials/Substrate/Glints2/dict_0004_0051.uexp" 4971
"../../../Engine/Content/EngineMaterials/Substrate/Glints2/dict_0002_0220.uasset" 4972
"../../../Engine/Content/EngineMaterials/Substrate/Glints2/dict_0002_0220.uexp" 4973
"../../../Engine/Content/EngineMaterials/Substrate/Glints2/dict_0004_0129.uasset" 4974
"../../../Engine/Content/EngineMaterials/Substrate/Glints2/dict_0004_0129.uexp" 4975
"../../../Engine/Content/EngineMaterials/Substrate/Glints2/dict_0006_0013.uasset" 4976
"../../../Engine/Content/EngineMaterials/Substrate/Glints2/dict_0006_0013.uexp" 4977
"../../../Engine/Content/EngineMaterials/Substrate/Glints2/dict_0003_0207.uasset" 4978
"../../../Engine/Content/EngineMaterials/Substrate/Glints2/dict_0003_0207.uexp" 4979
"../../../Engine/Content/EngineMaterials/Substrate/Glints2/dict_0005_0095.uasset" 4980
"../../../Engine/Content/EngineMaterials/Substrate/Glints2/dict_0005_0095.uexp" 4981
"../../../Engine/Content/EngineMaterials/Substrate/Glints2/dict_0000_0199.uasset" 4982
"../../../Engine/Content/EngineMaterials/Substrate/Glints2/dict_0000_0199.uexp" 4983
"../../../Engine/Content/EngineMaterials/Substrate/Glints2/dict_0001_0171.uasset" 4984
"../../../Engine/Content/EngineMaterials/Substrate/Glints2/dict_0001_0171.uexp" 4985
"../../../Engine/Content/EngineMaterials/Substrate/Glints2/dict_0002_0067.uasset" 4986
"../../../Engine/Content/EngineMaterials/Substrate/Glints2/dict_0002_0067.uexp" 4987
"../../../Engine/Content/EngineMaterials/Substrate/Glints2/dict_0006_0185.uasset" 4988
"../../../Engine/Content/EngineMaterials/Substrate/Glints2/dict_0006_0185.uexp" 4989
"../../../Engine/Content/EngineMaterials/Substrate/Glints2/dict_0003_0090.uexp" 4990
"../../../Engine/Content/EngineMaterials/Substrate/Glints2/dict_0003_0090.uasset" 4991
"../../../Engine/Content/EngineMaterials/Substrate/Glints2/dict_0005_0122.uexp" 4992
"../../../Engine/Content/EngineMaterials/Substrate/Glints2/dict_0005_0122.uasset" 4993
"../../../Engine/Content/EngineMaterials/Substrate/Glints2/dict_0003_0057.uexp" 4994
"../../../Engine/Content/EngineMaterials/Substrate/Glints2/dict_0003_0057.uasset" 4995
"../../../Engine/Content/EngineMaterials/Substrate/Glints2/dict_0003_0004.uexp" 4996
"../../../Engine/Content/EngineMaterials/Substrate/Glints2/dict_0003_0004.uasset" 4997
"../../../Engine/Content/EngineMaterials/Substrate/Glints2/dict_0000_0222.uasset" 4998
"../../../Engine/Content/EngineMaterials/Substrate/Glints2/dict_0000_0222.uexp" 4999
"../../../Engine/Content/EngineMaterials/Substrate/Glints2/dict_0002_0252.uasset" 5000
"../../../Engine/Content/EngineMaterials/Substrate/Glints2/dict_0002_0252.uexp" 5001
"../../../Engine/Content/EngineMaterials/Substrate/Glints2/dict_0003_0099.uasset" 5002
"../../../Engine/Content/EngineMaterials/Substrate/Glints2/dict_0003_0099.uexp" 5003
"../../../Engine/Content/EngineMaterials/Substrate/Glints2/dict_0005_0103.uasset" 5004
"../../../Engine/Content/EngineMaterials/Substrate/Glints2/dict_0005_0103.uexp" 5005
"../../../Engine/Content/EngineMaterials/Substrate/Glints2/dict_0007_0247.uexp" 5006
"../../../Engine/Content/EngineMaterials/Substrate/Glints2/dict_0007_0247.uasset" 5007
"../../../Engine/Content/EngineMaterials/Substrate/Glints2/dict_0006_0038.uexp" 5008
"../../../Engine/Content/EngineMaterials/Substrate/Glints2/dict_0006_0038.uasset" 5009
"../../../Engine/Content/EngineMaterials/Substrate/Glints2/dict_0004_0177.uexp" 5010
"../../../Engine/Content/EngineMaterials/Substrate/Glints2/dict_0004_0177.uasset" 5011
"../../../Engine/Content/EngineMaterials/Substrate/Glints2/dict_0000_0166.uasset" 5012
"../../../Engine/Content/EngineMaterials/Substrate/Glints2/dict_0000_0166.uexp" 5013
"../../../Engine/Content/EngineMaterials/Substrate/Glints2/dict_0006_0150.uasset" 5014
"../../../Engine/Content/EngineMaterials/Substrate/Glints2/dict_0006_0150.uexp" 5015
"../../../Engine/Content/EngineMaterials/Substrate/Glints2/dict_0006_0140.uasset" 5016
"../../../Engine/Content/EngineMaterials/Substrate/Glints2/dict_0006_0140.uexp" 5017
"../../../Engine/Content/EngineMaterials/Substrate/Glints2/dict_0003_0116.uexp" 5018
"../../../Engine/Content/EngineMaterials/Substrate/Glints2/dict_0003_0116.uasset" 5019
"../../../Engine/Content/EngineMaterials/Substrate/Glints2/dict_0006_0234.uasset" 5020
"../../../Engine/Content/EngineMaterials/Substrate/Glints2/dict_0006_0234.uexp" 5021
"../../../Engine/Content/EngineMaterials/Substrate/Glints2/dict_0004_0091.uexp" 5022
"../../../Engine/Content/EngineMaterials/Substrate/Glints2/dict_0004_0091.uasset" 5023
"../../../Engine/Content/EngineMaterials/Substrate/Glints2/dict_0001_0001.uexp" 5024
"../../../Engine/Content/EngineMaterials/Substrate/Glints2/dict_0001_0001.uasset" 5025
"../../../Engine/Content/EngineMaterials/Substrate/Glints2/dict_0004_0232.uexp" 5026
"../../../Engine/Content/EngineMaterials/Substrate/Glints2/dict_0004_0232.uasset" 5027
"../../../Engine/Content/EngineMaterials/Substrate/Glints2/dict_0002_0117.uexp" 5028
"../../../Engine/Content/EngineMaterials/Substrate/Glints2/dict_0002_0117.uasset" 5029
"../../../Engine/Content/EngineMaterials/Substrate/Glints2/dict_0001_0209.uasset" 5030
"../../../Engine/Content/EngineMaterials/Substrate/Glints2/dict_0001_0209.uexp" 5031
"../../../Engine/Content/EngineMaterials/Substrate/Glints2/dict_0001_0157.uasset" 5032
"../../../Engine/Content/EngineMaterials/Substrate/Glints2/dict_0001_0157.uexp" 5033
"../../../Engine/Content/EngineMaterials/Substrate/Glints2/dict_0002_0043.uasset" 5034
"../../../Engine/Content/EngineMaterials/Substrate/Glints2/dict_0002_0043.uexp" 5035
"../../../Engine/Content/EngineMaterials/Substrate/Glints2/dict_0000_0187.uasset" 5036
"../../../Engine/Content/EngineMaterials/Substrate/Glints2/dict_0000_0187.uexp" 5037
"../../../Engine/Content/EngineMaterials/Substrate/Glints2/dict_0001_0220.uexp" 5038
"../../../Engine/Content/EngineMaterials/Substrate/Glints2/dict_0001_0220.uasset" 5039
"../../../Engine/Content/EngineMaterials/Substrate/Glints2/dict_0007_0008.uasset" 5040
"../../../Engine/Content/EngineMaterials/Substrate/Glints2/dict_0007_0008.uexp" 5041
"../../../Engine/Content/EngineMaterials/Substrate/Glints2/dict_0001_0216.uexp" 5042
"../../../Engine/Content/EngineMaterials/Substrate/Glints2/dict_0001_0216.uasset" 5043
"../../../Engine/Content/EngineMaterials/Substrate/Glints2/dict_0002_0131.uexp" 5044
"../../../Engine/Content/EngineMaterials/Substrate/Glints2/dict_0002_0131.uasset" 5045
"../../../Engine/Content/EngineMaterials/Substrate/Glints2/dict_0001_0006.uasset" 5046
"../../../Engine/Content/EngineMaterials/Substrate/Glints2/dict_0001_0006.uexp" 5047
"../../../Engine/Content/EngineMaterials/Substrate/Glints2/dict_0003_0192.uexp" 5048
"../../../Engine/Content/EngineMaterials/Substrate/Glints2/dict_0003_0192.uasset" 5049
"../../../Engine/Content/EngineMaterials/Substrate/Glints2/dict_0005_0034.uexp" 5050
"../../../Engine/Content/EngineMaterials/Substrate/Glints2/dict_0005_0034.uasset" 5051
"../../../Engine/Content/EngineMaterials/Substrate/Glints2/dict_0004_0160.uexp" 5052
"../../../Engine/Content/EngineMaterials/Substrate/Glints2/dict_0004_0160.uasset" 5053
"../../../Engine/Content/EngineMaterials/Substrate/Glints2/dict_0004_0059.uexp" 5054
"../../../Engine/Content/EngineMaterials/Substrate/Glints2/dict_0004_0059.uasset" 5055
"../../../Engine/Content/EngineMaterials/Substrate/Glints2/dict_0000_0085.uexp" 5056
"../../../Engine/Content/EngineMaterials/Substrate/Glints2/dict_0000_0085.uasset" 5057
"../../../Engine/Content/EngineMaterials/Substrate/Glints2/dict_0003_0191.uasset" 5058
"../../../Engine/Content/EngineMaterials/Substrate/Glints2/dict_0003_0191.uexp" 5059
"../../../Engine/Content/EngineMaterials/Substrate/Glints2/dict_0005_0113.uasset" 5060
"../../../Engine/Content/EngineMaterials/Substrate/Glints2/dict_0005_0113.uexp" 5061
"../../../Engine/Content/EngineMaterials/Substrate/Glints2/dict_0002_0210.uexp" 5062
"../../../Engine/Content/EngineMaterials/Substrate/Glints2/dict_0002_0210.uasset" 5063
"../../../Engine/Content/EngineMaterials/Substrate/Glints2/dict_0002_0103.uexp" 5064
"../../../Engine/Content/EngineMaterials/Substrate/Glints2/dict_0002_0103.uasset" 5065
"../../../Engine/Content/EngineMaterials/Substrate/Glints2/dict_0005_0109.uasset" 5066
"../../../Engine/Content/EngineMaterials/Substrate/Glints2/dict_0005_0109.uexp" 5067
"../../../Engine/Content/EngineMaterials/Substrate/Glints2/dict_0003_0013.uexp" 5068
"../../../Engine/Content/EngineMaterials/Substrate/Glints2/dict_0003_0013.uasset" 5069
"../../../Engine/Content/EngineMaterials/Substrate/Glints2/dict_0003_0087.uexp" 5070
"../../../Engine/Content/EngineMaterials/Substrate/Glints2/dict_0003_0087.uasset" 5071
"../../../Engine/Content/EngineMaterials/Substrate/Glints2/dict_0006_0170.uasset" 5072
"../../../Engine/Content/EngineMaterials/Substrate/Glints2/dict_0006_0170.uexp" 5073
"../../../Engine/Content/EngineMaterials/Substrate/Glints2/dict_0004_0151.uexp" 5074
"../../../Engine/Content/EngineMaterials/Substrate/Glints2/dict_0004_0151.uasset" 5075
"../../../Engine/Content/EngineMaterials/Substrate/Glints2/dict_0000_0030.uexp" 5076
"../../../Engine/Content/EngineMaterials/Substrate/Glints2/dict_0000_0030.uasset" 5077
"../../../Engine/Content/EngineMaterials/Substrate/Glints2/dict_0007_0238.uasset" 5078
"../../../Engine/Content/EngineMaterials/Substrate/Glints2/dict_0007_0238.uexp" 5079
"../../../Engine/Content/EngineMaterials/Substrate/Glints2/dict_0003_0082.uexp" 5080
"../../../Engine/Content/EngineMaterials/Substrate/Glints2/dict_0003_0082.uasset" 5081
"../../../Engine/Content/EngineMaterials/Substrate/Glints2/dict_0005_0087.uexp" 5082
"../../../Engine/Content/EngineMaterials/Substrate/Glints2/dict_0005_0087.uasset" 5083
"../../../Engine/Content/EngineMaterials/Substrate/Glints2/dict_0007_0065.uasset" 5084
"../../../Engine/Content/EngineMaterials/Substrate/Glints2/dict_0007_0065.uexp" 5085
"../../../Engine/Content/EngineMaterials/Substrate/Glints2/dict_0007_0234.uasset" 5086
"../../../Engine/Content/EngineMaterials/Substrate/Glints2/dict_0007_0234.uexp" 5087
"../../../Engine/Content/EngineMaterials/Substrate/Glints2/dict_0004_0178.uexp" 5088
"../../../Engine/Content/EngineMaterials/Substrate/Glints2/dict_0004_0178.uasset" 5089
"../../../Engine/Content/EngineMaterials/Substrate/Glints2/dict_0004_0253.uexp" 5090
"../../../Engine/Content/EngineMaterials/Substrate/Glints2/dict_0004_0253.uasset" 5091
"../../../Engine/Content/EngineMaterials/Substrate/Glints2/dict_0004_0077.uasset" 5092
"../../../Engine/Content/EngineMaterials/Substrate/Glints2/dict_0004_0077.uexp" 5093
"../../../Engine/Content/EngineMaterials/Substrate/Glints2/dict_0000_0171.uasset" 5094
"../../../Engine/Content/EngineMaterials/Substrate/Glints2/dict_0000_0171.uexp" 5095
"../../../Engine/Content/EngineMaterials/Substrate/Glints2/dict_0006_0042.uasset" 5096
"../../../Engine/Content/EngineMaterials/Substrate/Glints2/dict_0006_0042.uexp" 5097
"../../../Engine/Content/EngineMaterials/Substrate/Glints2/dict_0007_0027.uexp" 5098
"../../../Engine/Content/EngineMaterials/Substrate/Glints2/dict_0007_0027.uasset" 5099
"../../../Engine/Content/EngineMaterials/Substrate/Glints2/dict_0005_0231.uexp" 5100
"../../../Engine/Content/EngineMaterials/Substrate/Glints2/dict_0005_0231.uasset" 5101
"../../../Engine/Content/EngineMaterials/Substrate/Glints2/dict_0000_0004.uasset" 5102
"../../../Engine/Content/EngineMaterials/Substrate/Glints2/dict_0000_0004.uexp" 5103
"../../../Engine/Content/EngineMaterials/Substrate/Glints2/dict_0007_0184.uasset" 5104
"../../../Engine/Content/EngineMaterials/Substrate/Glints2/dict_0007_0184.uexp" 5105
"../../../Engine/Content/EngineMaterials/Substrate/Glints2/dict_0005_0205.uexp" 5106
"../../../Engine/Content/EngineMaterials/Substrate/Glints2/dict_0005_0205.uasset" 5107
"../../../Engine/Content/EngineMaterials/Substrate/Glints2/dict_0000_0008.uasset" 5108
"../../../Engine/Content/EngineMaterials/Substrate/Glints2/dict_0000_0008.uexp" 5109
"../../../Engine/Content/EngineMaterials/Substrate/Glints2/dict_0006_0058.uasset" 5110
"../../../Engine/Content/EngineMaterials/Substrate/Glints2/dict_0006_0058.uexp" 5111
"../../../Engine/Content/EngineMaterials/Substrate/Glints2/dict_0005_0143.uexp" 5112
"../../../Engine/Content/EngineMaterials/Substrate/Glints2/dict_0005_0143.uasset" 5113
"../../../Engine/Content/EngineMaterials/Substrate/Glints2/dict_0006_0209.uasset" 5114
"../../../Engine/Content/EngineMaterials/Substrate/Glints2/dict_0006_0209.uexp" 5115
"../../../Engine/Content/EngineMaterials/Substrate/Glints2/dict_0000_0204.uasset" 5116
"../../../Engine/Content/EngineMaterials/Substrate/Glints2/dict_0000_0204.uexp" 5117
"../../../Engine/Content/EngineMaterials/Substrate/Glints2/dict_0007_0248.uasset" 5118
"../../../Engine/Content/EngineMaterials/Substrate/Glints2/dict_0007_0248.uexp" 5119
"../../../Engine/Content/EngineMaterials/Substrate/Glints2/dict_0001_0141.uasset" 5120
"../../../Engine/Content/EngineMaterials/Substrate/Glints2/dict_0001_0141.uexp" 5121
"../../../Engine/Content/EngineMaterials/Substrate/Glints2/dict_0004_0038.uexp" 5122
"../../../Engine/Content/EngineMaterials/Substrate/Glints2/dict_0004_0038.uasset" 5123
"../../../Engine/Content/EngineMaterials/Substrate/Glints2/dict_0006_0147.uexp" 5124
"../../../Engine/Content/EngineMaterials/Substrate/Glints2/dict_0006_0147.uasset" 5125
"../../../Engine/Content/EngineMaterials/Substrate/Glints2/dict_0000_0179.uexp" 5126
"../../../Engine/Content/EngineMaterials/Substrate/Glints2/dict_0000_0179.uasset" 5127
"../../../Engine/Content/EngineMaterials/Substrate/Glints2/dict_0001_0125.uexp" 5128
"../../../Engine/Content/EngineMaterials/Substrate/Glints2/dict_0001_0125.uasset" 5129
"../../../Engine/Content/EngineMaterials/Substrate/Glints2/dict_0007_0192.uasset" 5130
"../../../Engine/Content/EngineMaterials/Substrate/Glints2/dict_0007_0192.uexp" 5131
"../../../Engine/Content/EngineMaterials/Substrate/Glints2/dict_0002_0172.uasset" 5132
"../../../Engine/Content/EngineMaterials/Substrate/Glints2/dict_0002_0172.uexp" 5133
"../../../Engine/Content/EngineMaterials/Substrate/Glints2/dict_0007_0097.uasset" 5134
"../../../Engine/Content/EngineMaterials/Substrate/Glints2/dict_0007_0097.uexp" 5135
"../../../Engine/Content/EngineMaterials/Substrate/Glints2/dict_0005_0168.uasset" 5136
"../../../Engine/Content/EngineMaterials/Substrate/Glints2/dict_0005_0168.uexp" 5137
"../../../Engine/Content/EngineMaterials/Substrate/Glints2/dict_0001_0071.uasset" 5138
"../../../Engine/Content/EngineMaterials/Substrate/Glints2/dict_0001_0071.uexp" 5139
"../../../Engine/Content/EngineMaterials/Substrate/Glints2/dict_0001_0163.uasset" 5140
"../../../Engine/Content/EngineMaterials/Substrate/Glints2/dict_0001_0163.uexp" 5141
"../../../Engine/Content/EngineMaterials/Substrate/Glints2/dict_0006_0083.uasset" 5142
"../../../Engine/Content/EngineMaterials/Substrate/Glints2/dict_0006_0083.uexp" 5143
"../../../Engine/Content/EngineMaterials/Substrate/Glints2/dict_0000_0123.uexp" 5144
"../../../Engine/Content/EngineMaterials/Substrate/Glints2/dict_0000_0123.uasset" 5145
"../../../Engine/Content/EngineMaterials/Substrate/Glints2/dict_0002_0101.uexp" 5146
"../../../Engine/Content/EngineMaterials/Substrate/Glints2/dict_0002_0101.uasset" 5147
"../../../Engine/Content/EngineMaterials/Substrate/Glints2/dict_0002_0074.uexp" 5148
"../../../Engine/Content/EngineMaterials/Substrate/Glints2/dict_0002_0074.uasset" 5149
"../../../Engine/Content/EngineMaterials/Substrate/Glints2/dict_0005_0055.uexp" 5150
"../../../Engine/Content/EngineMaterials/Substrate/Glints2/dict_0005_0055.uasset" 5151
"../../../Engine/Content/EngineMaterials/Substrate/Glints2/dict_0004_0014.uexp" 5152
"../../../Engine/Content/EngineMaterials/Substrate/Glints2/dict_0004_0014.uasset" 5153
"../../../Engine/Content/EngineMaterials/Substrate/Glints2/dict_0000_0009.uasset" 5154
"../../../Engine/Content/EngineMaterials/Substrate/Glints2/dict_0000_0009.uexp" 5155
"../../../Engine/Content/EngineMaterials/Substrate/Glints2/dict_0001_0200.uexp" 5156
"../../../Engine/Content/EngineMaterials/Substrate/Glints2/dict_0001_0200.uasset" 5157
"../../../Engine/Content/EngineMaterials/Substrate/Glints2/dict_0000_0226.uexp" 5158
"../../../Engine/Content/EngineMaterials/Substrate/Glints2/dict_0000_0226.uasset" 5159
"../../../Engine/Content/EngineMaterials/Substrate/Glints2/dict_0002_0106.uexp" 5160
"../../../Engine/Content/EngineMaterials/Substrate/Glints2/dict_0002_0106.uasset" 5161
"../../../Engine/Content/EngineMaterials/Substrate/Glints2/dict_0006_0243.uasset" 5162
"../../../Engine/Content/EngineMaterials/Substrate/Glints2/dict_0006_0243.uexp" 5163
"../../../Engine/Content/EngineMaterials/Substrate/Glints2/dict_0001_0039.uasset" 5164
"../../../Engine/Content/EngineMaterials/Substrate/Glints2/dict_0001_0039.uexp" 5165
"../../../Engine/Content/EngineMaterials/Substrate/Glints2/dict_0000_0001.uasset" 5166
"../../../Engine/Content/EngineMaterials/Substrate/Glints2/dict_0000_0001.uexp" 5167
"../../../Engine/Content/EngineMaterials/Substrate/Glints2/dict_0005_0158.uasset" 5168
"../../../Engine/Content/EngineMaterials/Substrate/Glints2/dict_0005_0158.uexp" 5169
"../../../Engine/Content/EngineMaterials/Substrate/Glints2/dict_0003_0201.uexp" 5170
"../../../Engine/Content/EngineMaterials/Substrate/Glints2/dict_0003_0201.uasset" 5171
"../../../Engine/Content/EngineMaterials/Substrate/Glints2/dict_0005_0241.uasset" 5172
"../../../Engine/Content/EngineMaterials/Substrate/Glints2/dict_0005_0241.uexp" 5173
"../../../Engine/Content/EngineMaterials/Substrate/Glints2/dict_0007_0107.uasset" 5174
"../../../Engine/Content/EngineMaterials/Substrate/Glints2/dict_0007_0107.uexp" 5175
"../../../Engine/Content/EngineMaterials/Substrate/Glints2/dict_0002_0042.uexp" 5176
"../../../Engine/Content/EngineMaterials/Substrate/Glints2/dict_0002_0042.uasset" 5177
"../../../Engine/Content/EngineMaterials/Substrate/Glints2/dict_0007_0251.uexp" 5178
"../../../Engine/Content/EngineMaterials/Substrate/Glints2/dict_0007_0251.uasset" 5179
"../../../Engine/Content/EngineMaterials/Substrate/Glints2/dict_0005_0232.uexp" 5180
"../../../Engine/Content/EngineMaterials/Substrate/Glints2/dict_0005_0232.uasset" 5181
"../../../Engine/Content/EngineMaterials/Substrate/Glints2/dict_0000_0044.uasset" 5182
"../../../Engine/Content/EngineMaterials/Substrate/Glints2/dict_0000_0044.uexp" 5183
"../../../Engine/Content/EngineMaterials/Substrate/Glints2/dict_0003_0179.uasset" 5184
"../../../Engine/Content/EngineMaterials/Substrate/Glints2/dict_0003_0179.uexp" 5185
"../../../Engine/Content/EngineMaterials/Substrate/Glints2/dict_0004_0229.uasset" 5186
"../../../Engine/Content/EngineMaterials/Substrate/Glints2/dict_0004_0229.uexp" 5187
"../../../Engine/Content/EngineMaterials/Substrate/Glints2/dict_0007_0007.uexp" 5188
"../../../Engine/Content/EngineMaterials/Substrate/Glints2/dict_0007_0007.uasset" 5189
"../../../Engine/Content/EngineMaterials/Substrate/Glints2/dict_0007_0253.uexp" 5190
"../../../Engine/Content/EngineMaterials/Substrate/Glints2/dict_0007_0253.uasset" 5191
"../../../Engine/Content/EngineMaterials/Substrate/Glints2/dict_0004_0234.uexp" 5192
"../../../Engine/Content/EngineMaterials/Substrate/Glints2/dict_0004_0234.uasset" 5193
"../../../Engine/Content/EngineMaterials/Substrate/Glints2/dict_0002_0175.uasset" 5194
"../../../Engine/Content/EngineMaterials/Substrate/Glints2/dict_0002_0175.uexp" 5195
"../../../Engine/Content/EngineMaterials/Substrate/Glints2/dict_0005_0182.uexp" 5196
"../../../Engine/Content/EngineMaterials/Substrate/Glints2/dict_0005_0182.uasset" 5197
"../../../Engine/Content/EngineMaterials/Substrate/Glints2/dict_0000_0039.uasset" 5198
"../../../Engine/Content/EngineMaterials/Substrate/Glints2/dict_0000_0039.uexp" 5199
"../../../Engine/Content/EngineMaterials/Substrate/Glints2/dict_0000_0046.uexp" 5200
"../../../Engine/Content/EngineMaterials/Substrate/Glints2/dict_0000_0046.uasset" 5201
"../../../Engine/Content/EngineMaterials/Substrate/Glints2/dict_0002_0115.uexp" 5202
"../../../Engine/Content/EngineMaterials/Substrate/Glints2/dict_0002_0115.uasset" 5203
"../../../Engine/Content/EngineMaterials/Substrate/Glints2/dict_0000_0027.uasset" 5204
"../../../Engine/Content/EngineMaterials/Substrate/Glints2/dict_0000_0027.uexp" 5205
"../../../Engine/Content/EngineMaterials/Substrate/Glints2/dict_0003_0166.uasset" 5206
"../../../Engine/Content/EngineMaterials/Substrate/Glints2/dict_0003_0166.uexp" 5207
"../../../Engine/Content/EngineMaterials/Substrate/Glints2/dict_0004_0092.uasset" 5208
"../../../Engine/Content/EngineMaterials/Substrate/Glints2/dict_0004_0092.uexp" 5209
"../../../Engine/Content/EngineMaterials/Substrate/Glints2/dict_0000_0065.uexp" 5210
"../../../Engine/Content/EngineMaterials/Substrate/Glints2/dict_0000_0065.uasset" 5211
"../../../Engine/Content/EngineMaterials/Substrate/Glints2/dict_0000_0242.uexp" 5212
"../../../Engine/Content/EngineMaterials/Substrate/Glints2/dict_0000_0242.uasset" 5213
"../../../Engine/Content/EngineMaterials/Substrate/Glints2/dict_0003_0193.uexp" 5214
"../../../Engine/Content/EngineMaterials/Substrate/Glints2/dict_0003_0193.uasset" 5215
"../../../Engine/Content/EngineMaterials/Substrate/Glints2/dict_0004_0067.uasset" 5216
"../../../Engine/Content/EngineMaterials/Substrate/Glints2/dict_0004_0067.uexp" 5217
"../../../Engine/Content/EngineMaterials/Substrate/Glints2/dict_0001_0142.uexp" 5218
"../../../Engine/Content/EngineMaterials/Substrate/Glints2/dict_0001_0142.uasset" 5219
"../../../Engine/Content/EngineMaterials/Substrate/Glints2/dict_0005_0097.uasset" 5220
"../../../Engine/Content/EngineMaterials/Substrate/Glints2/dict_0005_0097.uexp" 5221
"../../../Engine/Content/EngineMaterials/Substrate/Glints2/dict_0004_0108.uasset" 5222
"../../../Engine/Content/EngineMaterials/Substrate/Glints2/dict_0004_0108.uexp" 5223
"../../../Engine/Content/EngineMaterials/Substrate/Glints2/dict_0005_0228.uexp" 5224
"../../../Engine/Content/EngineMaterials/Substrate/Glints2/dict_0005_0228.uasset" 5225
"../../../Engine/Content/EngineMaterials/Substrate/Glints2/dict_0006_0132.uexp" 5226
"../../../Engine/Content/EngineMaterials/Substrate/Glints2/dict_0006_0132.uasset" 5227
"../../../Engine/Content/EngineMaterials/Substrate/Glints2/dict_0001_0127.uasset" 5228
"../../../Engine/Content/EngineMaterials/Substrate/Glints2/dict_0001_0127.uexp" 5229
"../../../Engine/Content/EngineMaterials/Substrate/Glints2/dict_0000_0040.uexp" 5230
"../../../Engine/Content/EngineMaterials/Substrate/Glints2/dict_0000_0040.uasset" 5231
"../../../Engine/Content/EngineMaterials/Substrate/Glints2/dict_0002_0005.uexp" 5232
"../../../Engine/Content/EngineMaterials/Substrate/Glints2/dict_0002_0005.uasset" 5233
"../../../Engine/Content/EngineMaterials/Substrate/Glints2/dict_0004_0219.uexp" 5234
"../../../Engine/Content/EngineMaterials/Substrate/Glints2/dict_0004_0219.uasset" 5235
"../../../Engine/Content/EngineMaterials/Substrate/Glints2/dict_0003_0054.uasset" 5236
"../../../Engine/Content/EngineMaterials/Substrate/Glints2/dict_0003_0054.uexp" 5237
"../../../Engine/Content/EngineMaterials/Substrate/Glints2/dict_0004_0125.uasset" 5238
"../../../Engine/Content/EngineMaterials/Substrate/Glints2/dict_0004_0125.uexp" 5239
"../../../Engine/Content/EngineMaterials/Substrate/Glints2/dict_0003_0184.uexp" 5240
"../../../Engine/Content/EngineMaterials/Substrate/Glints2/dict_0003_0184.uasset" 5241
"../../../Engine/Content/EngineMaterials/Substrate/Glints2/dict_0007_0147.uasset" 5242
"../../../Engine/Content/EngineMaterials/Substrate/Glints2/dict_0007_0147.uexp" 5243
"../../../Engine/Content/EngineMaterials/Substrate/Glints2/dict_0006_0079.uexp" 5244
"../../../Engine/Content/EngineMaterials/Substrate/Glints2/dict_0006_0079.uasset" 5245
"../../../Engine/Content/EngineMaterials/Substrate/Glints2/dict_0004_0128.uasset" 5246
"../../../Engine/Content/EngineMaterials/Substrate/Glints2/dict_0004_0128.uexp" 5247
"../../../Engine/Content/EngineMaterials/Substrate/Glints2/dict_0005_0227.uasset" 5248
"../../../Engine/Content/EngineMaterials/Substrate/Glints2/dict_0005_0227.uexp" 5249
"../../../Engine/Content/EngineMaterials/Substrate/Glints2/dict_0004_0231.uasset" 5250
"../../../Engine/Content/EngineMaterials/Substrate/Glints2/dict_0004_0231.uexp" 5251
"../../../Engine/Content/EngineMaterials/Substrate/Glints2/dict_0001_0189.uasset" 5252
"../../../Engine/Content/EngineMaterials/Substrate/Glints2/dict_0001_0189.uexp" 5253
"../../../Engine/Content/EngineMaterials/Substrate/Glints2/dict_0003_0200.uasset" 5254
"../../../Engine/Content/EngineMaterials/Substrate/Glints2/dict_0003_0200.uexp" 5255
"../../../Engine/Content/EngineMaterials/Substrate/Glints2/dict_0001_0254.uasset" 5256
"../../../Engine/Content/EngineMaterials/Substrate/Glints2/dict_0001_0254.uexp" 5257
"../../../Engine/Content/EngineMaterials/Substrate/Glints2/dict_0000_0160.uasset" 5258
"../../../Engine/Content/EngineMaterials/Substrate/Glints2/dict_0000_0160.uexp" 5259
"../../../Engine/Content/EngineMaterials/Substrate/Glints2/dict_0001_0050.uexp" 5260
"../../../Engine/Content/EngineMaterials/Substrate/Glints2/dict_0001_0050.uasset" 5261
"../../../Engine/Content/EngineMaterials/Substrate/Glints2/dict_0001_0098.uexp" 5262
"../../../Engine/Content/EngineMaterials/Substrate/Glints2/dict_0001_0098.uasset" 5263
"../../../Engine/Content/EngineMaterials/Substrate/Glints2/dict_0004_0010.uasset" 5264
"../../../Engine/Content/EngineMaterials/Substrate/Glints2/dict_0004_0010.uexp" 5265
"../../../Engine/Content/EngineMaterials/Substrate/Glints2/dict_0006_0033.uasset" 5266
"../../../Engine/Content/EngineMaterials/Substrate/Glints2/dict_0006_0033.uexp" 5267
"../../../Engine/Content/EngineMaterials/Substrate/Glints2/dict_0001_0024.uasset" 5268
"../../../Engine/Content/EngineMaterials/Substrate/Glints2/dict_0001_0024.uexp" 5269
"../../../Engine/Content/EngineMaterials/Substrate/Glints2/dict_0004_0161.uasset" 5270
"../../../Engine/Content/EngineMaterials/Substrate/Glints2/dict_0004_0161.uexp" 5271
"../../../Engine/Content/EngineMaterials/Substrate/Glints2/dict_0007_0135.uexp" 5272
"../../../Engine/Content/EngineMaterials/Substrate/Glints2/dict_0007_0135.uasset" 5273
"../../../Engine/Content/EngineMaterials/Substrate/Glints2/dict_0000_0124.uexp" 5274
"../../../Engine/Content/EngineMaterials/Substrate/Glints2/dict_0000_0124.uasset" 5275
"../../../Engine/Content/EngineMaterials/Substrate/Glints2/dict_0004_0209.uexp" 5276
"../../../Engine/Content/EngineMaterials/Substrate/Glints2/dict_0004_0209.uasset" 5277
"../../../Engine/Content/EngineMaterials/Substrate/Glints2/dict_0004_0080.uasset" 5278
"../../../Engine/Content/EngineMaterials/Substrate/Glints2/dict_0004_0080.uexp" 5279
"../../../Engine/Content/EngineMaterials/Substrate/Glints2/dict_0006_0068.uasset" 5280
"../../../Engine/Content/EngineMaterials/Substrate/Glints2/dict_0006_0068.uexp" 5281
"../../../Engine/Content/EngineMaterials/Substrate/Glints2/dict_0006_0020.uexp" 5282
"../../../Engine/Content/EngineMaterials/Substrate/Glints2/dict_0006_0020.uasset" 5283
"../../../Engine/Content/EngineMaterials/Substrate/Glints2/dict_0002_0107.uexp" 5284
"../../../Engine/Content/EngineMaterials/Substrate/Glints2/dict_0002_0107.uasset" 5285
"../../../Engine/Content/EngineMaterials/Substrate/Glints2/dict_0007_0237.uexp" 5286
"../../../Engine/Content/EngineMaterials/Substrate/Glints2/dict_0007_0237.uasset" 5287
"../../../Engine/Content/EngineMaterials/Substrate/Glints2/dict_0003_0138.uasset" 5288
"../../../Engine/Content/EngineMaterials/Substrate/Glints2/dict_0003_0138.uexp" 5289
"../../../Engine/Content/EngineMaterials/Substrate/Glints2/dict_0003_0047.uasset" 5290
"../../../Engine/Content/EngineMaterials/Substrate/Glints2/dict_0003_0047.uexp" 5291
"../../../Engine/Content/EngineMaterials/Substrate/Glints2/dict_0005_0221.uexp" 5292
"../../../Engine/Content/EngineMaterials/Substrate/Glints2/dict_0005_0221.uasset" 5293
"../../../Engine/Content/EngineMaterials/Substrate/Glints2/dict_0002_0110.uexp" 5294
"../../../Engine/Content/EngineMaterials/Substrate/Glints2/dict_0002_0110.uasset" 5295
"../../../Engine/Content/EngineMaterials/Substrate/Glints2/dict_0002_0069.uasset" 5296
"../../../Engine/Content/EngineMaterials/Substrate/Glints2/dict_0002_0069.uexp" 5297
"../../../Engine/Content/EngineMaterials/Substrate/Glints2/dict_0007_0154.uexp" 5298
"../../../Engine/Content/EngineMaterials/Substrate/Glints2/dict_0007_0154.uasset" 5299
"../../../Engine/Content/EngineMaterials/Substrate/Glints2/dict_0006_0251.uexp" 5300
"../../../Engine/Content/EngineMaterials/Substrate/Glints2/dict_0006_0251.uasset" 5301
"../../../Engine/Content/EngineMaterials/Substrate/Glints2/dict_0000_0084.uexp" 5302
"../../../Engine/Content/EngineMaterials/Substrate/Glints2/dict_0000_0084.uasset" 5303
"../../../Engine/Content/EngineMaterials/Substrate/Glints2/dict_0001_0072.uexp" 5304
"../../../Engine/Content/EngineMaterials/Substrate/Glints2/dict_0001_0072.uasset" 5305
"../../../Engine/Content/EngineMaterials/Substrate/Glints2/dict_0000_0234.uasset" 5306
"../../../Engine/Content/EngineMaterials/Substrate/Glints2/dict_0000_0234.uexp" 5307
"../../../Engine/Content/EngineMaterials/Substrate/Glints2/dict_0004_0062.uexp" 5308
"../../../Engine/Content/EngineMaterials/Substrate/Glints2/dict_0004_0062.uasset" 5309
"../../../Engine/Content/EngineMaterials/Substrate/Glints2/dict_0006_0158.uexp" 5310
"../../../Engine/Content/EngineMaterials/Substrate/Glints2/dict_0006_0158.uasset" 5311
"../../../Engine/Content/EngineMaterials/Substrate/Glints2/dict_0003_0239.uexp" 5312
"../../../Engine/Content/EngineMaterials/Substrate/Glints2/dict_0003_0239.uasset" 5313
"../../../Engine/Content/EngineMaterials/Substrate/Glints2/dict_0003_0062.uexp" 5314
"../../../Engine/Content/EngineMaterials/Substrate/Glints2/dict_0003_0062.uasset" 5315
"../../../Engine/Content/EngineMaterials/Substrate/Glints2/dict_0000_0151.uexp" 5316
"../../../Engine/Content/EngineMaterials/Substrate/Glints2/dict_0000_0151.uasset" 5317
"../../../Engine/Content/EngineMaterials/Substrate/Glints2/dict_0006_0114.uexp" 5318
"../../../Engine/Content/EngineMaterials/Substrate/Glints2/dict_0006_0114.uasset" 5319
"../../../Engine/Content/EngineMaterials/Substrate/Glints2/dict_0006_0179.uexp" 5320
"../../../Engine/Content/EngineMaterials/Substrate/Glints2/dict_0006_0179.uasset" 5321
"../../../Engine/Content/EngineMaterials/Substrate/Glints2/dict_0002_0206.uasset" 5322
"../../../Engine/Content/EngineMaterials/Substrate/Glints2/dict_0002_0206.uexp" 5323
"../../../Engine/Content/EngineMaterials/Substrate/Glints2/dict_0000_0042.uasset" 5324
"../../../Engine/Content/EngineMaterials/Substrate/Glints2/dict_0000_0042.uexp" 5325
"../../../Engine/Content/EngineMaterials/Substrate/Glints2/dict_0007_0132.uexp" 5326
"../../../Engine/Content/EngineMaterials/Substrate/Glints2/dict_0007_0132.uasset" 5327
"../../../Engine/Content/EngineMaterials/Substrate/Glints2/dict_0000_0079.uexp" 5328
"../../../Engine/Content/EngineMaterials/Substrate/Glints2/dict_0000_0079.uasset" 5329
"../../../Engine/Content/EngineMaterials/Substrate/Glints2/dict_0007_0133.uexp" 5330
"../../../Engine/Content/EngineMaterials/Substrate/Glints2/dict_0007_0133.uasset" 5331
"../../../Engine/Content/EngineMaterials/Substrate/Glints2/dict_0001_0057.uexp" 5332
"../../../Engine/Content/EngineMaterials/Substrate/Glints2/dict_0001_0057.uasset" 5333
"../../../Engine/Content/EngineMaterials/Substrate/Glints2/dict_0004_0068.uexp" 5334
"../../../Engine/Content/EngineMaterials/Substrate/Glints2/dict_0004_0068.uasset" 5335
"../../../Engine/Content/EngineMaterials/Substrate/Glints2/dict_0007_0054.uasset" 5336
"../../../Engine/Content/EngineMaterials/Substrate/Glints2/dict_0007_0054.uexp" 5337
"../../../Engine/Content/EngineMaterials/Substrate/Glints2/dict_0003_0075.uexp" 5338
"../../../Engine/Content/EngineMaterials/Substrate/Glints2/dict_0003_0075.uasset" 5339
"../../../Engine/Content/EngineMaterials/Substrate/Glints2/dict_0002_0113.uexp" 5340
"../../../Engine/Content/EngineMaterials/Substrate/Glints2/dict_0002_0113.uasset" 5341
"../../../Engine/Content/EngineMaterials/Substrate/Glints2/dict_0000_0186.uexp" 5342
"../../../Engine/Content/EngineMaterials/Substrate/Glints2/dict_0000_0186.uasset" 5343
"../../../Engine/Content/EngineMaterials/Substrate/Glints2/dict_0007_0002.uasset" 5344
"../../../Engine/Content/EngineMaterials/Substrate/Glints2/dict_0007_0002.uexp" 5345
"../../../Engine/Content/EngineMaterials/Substrate/Glints2/dict_0005_0196.uasset" 5346
"../../../Engine/Content/EngineMaterials/Substrate/Glints2/dict_0005_0196.uexp" 5347
"../../../Engine/Content/EngineMaterials/Substrate/Glints2/dict_0004_0222.uexp" 5348
"../../../Engine/Content/EngineMaterials/Substrate/Glints2/dict_0004_0222.uasset" 5349
"../../../Engine/Content/EngineMaterials/Substrate/Glints2/dict_0001_0188.uasset" 5350
"../../../Engine/Content/EngineMaterials/Substrate/Glints2/dict_0001_0188.uexp" 5351
"../../../Engine/Content/EngineMaterials/Substrate/Glints2/dict_0005_0025.uasset" 5352
"../../../Engine/Content/EngineMaterials/Substrate/Glints2/dict_0005_0025.uexp" 5353
"../../../Engine/Content/EngineMaterials/Substrate/Glints2/dict_0003_0221.uasset" 5354
"../../../Engine/Content/EngineMaterials/Substrate/Glints2/dict_0003_0221.uexp" 5355
"../../../Engine/Content/EngineMaterials/Substrate/Glints2/dict_0001_0036.uasset" 5356
"../../../Engine/Content/EngineMaterials/Substrate/Glints2/dict_0001_0036.uexp" 5357
"../../../Engine/Content/EngineMaterials/Substrate/Glints2/dict_0004_0226.uasset" 5358
"../../../Engine/Content/EngineMaterials/Substrate/Glints2/dict_0004_0226.uexp" 5359
"../../../Engine/Content/EngineMaterials/Substrate/Glints2/dict_0000_0138.uexp" 5360
"../../../Engine/Content/EngineMaterials/Substrate/Glints2/dict_0000_0138.uasset" 5361
"../../../Engine/Content/EngineMaterials/Substrate/Glints2/dict_0004_0095.uasset" 5362
"../../../Engine/Content/EngineMaterials/Substrate/Glints2/dict_0004_0095.uexp" 5363
"../../../Engine/Content/EngineMaterials/Substrate/Glints2/dict_0006_0212.uasset" 5364
"../../../Engine/Content/EngineMaterials/Substrate/Glints2/dict_0006_0212.uexp" 5365
"../../../Engine/Content/EngineMaterials/Substrate/Glints2/dict_0007_0093.uexp" 5366
"../../../Engine/Content/EngineMaterials/Substrate/Glints2/dict_0007_0093.uasset" 5367
"../../../Engine/Content/EngineMaterials/Substrate/Glints2/dict_0000_0194.uasset" 5368
"../../../Engine/Content/EngineMaterials/Substrate/Glints2/dict_0000_0194.uexp" 5369
"../../../Engine/Content/EngineMaterials/Substrate/Glints2/dict_0004_0037.uasset" 5370
"../../../Engine/Content/EngineMaterials/Substrate/Glints2/dict_0004_0037.uexp" 5371
"../../../Engine/Content/EngineMaterials/Substrate/Glints2/dict_0003_0072.uexp" 5372
"../../../Engine/Content/EngineMaterials/Substrate/Glints2/dict_0003_0072.uasset" 5373
"../../../Engine/Content/EngineMaterials/Substrate/Glints2/dict_0005_0214.uasset" 5374
"../../../Engine/Content/EngineMaterials/Substrate/Glints2/dict_0005_0214.uexp" 5375
"../../../Engine/Content/EngineMaterials/Substrate/Glints2/dict_0004_0183.uexp" 5376
"../../../Engine/Content/EngineMaterials/Substrate/Glints2/dict_0004_0183.uasset" 5377
"../../../Engine/Content/EngineMaterials/Substrate/Glints2/dict_0007_0036.uexp" 5378
"../../../Engine/Content/EngineMaterials/Substrate/Glints2/dict_0007_0036.uasset" 5379
"../../../Engine/Content/EngineMaterials/Substrate/Glints2/dict_0005_0216.uasset" 5380
"../../../Engine/Content/EngineMaterials/Substrate/Glints2/dict_0005_0216.uexp" 5381
"../../../Engine/Content/EngineMaterials/Substrate/Glints2/dict_0004_0211.uasset" 5382
"../../../Engine/Content/EngineMaterials/Substrate/Glints2/dict_0004_0211.uexp" 5383
"../../../Engine/Content/EngineMaterials/Substrate/Glints2/dict_0002_0033.uexp" 5384
"../../../Engine/Content/EngineMaterials/Substrate/Glints2/dict_0002_0033.uasset" 5385
"../../../Engine/Content/EngineMaterials/Substrate/Glints2/dict_0004_0155.uasset" 5386
"../../../Engine/Content/EngineMaterials/Substrate/Glints2/dict_0004_0155.uexp" 5387
"../../../Engine/Content/EngineMaterials/Substrate/Glints2/dict_0002_0038.uexp" 5388
"../../../Engine/Content/EngineMaterials/Substrate/Glints2/dict_0002_0038.uasset" 5389
"../../../Engine/Content/EngineMaterials/Substrate/Glints2/dict_0004_0184.uexp" 5390
"../../../Engine/Content/EngineMaterials/Substrate/Glints2/dict_0004_0184.uasset" 5391
"../../../Engine/Content/EngineMaterials/Substrate/Glints2/dict_0007_0024.uasset" 5392
"../../../Engine/Content/EngineMaterials/Substrate/Glints2/dict_0007_0024.uexp" 5393
"../../../Engine/Content/EngineMaterials/Substrate/Glints2/dict_0004_0224.uexp" 5394
"../../../Engine/Content/EngineMaterials/Substrate/Glints2/dict_0004_0224.uasset" 5395
"../../../Engine/Content/EngineMaterials/Substrate/Glints2/dict_0003_0172.uasset" 5396
"../../../Engine/Content/EngineMaterials/Substrate/Glints2/dict_0003_0172.uexp" 5397
"../../../Engine/Content/EngineMaterials/Substrate/Glints2/dict_0003_0066.uasset" 5398
"../../../Engine/Content/EngineMaterials/Substrate/Glints2/dict_0003_0066.uexp" 5399
"../../../Engine/Content/EngineMaterials/Substrate/Glints2/dict_0007_0056.uexp" 5400
"../../../Engine/Content/EngineMaterials/Substrate/Glints2/dict_0007_0056.uasset" 5401
"../../../Engine/Content/EngineMaterials/Substrate/Glints2/dict_0000_0000.uexp" 5402
"../../../Engine/Content/EngineMaterials/Substrate/Glints2/dict_0000_0000.uasset" 5403
"../../../Engine/Content/EngineMaterials/Substrate/Glints2/dict_0003_0098.uasset" 5404
"../../../Engine/Content/EngineMaterials/Substrate/Glints2/dict_0003_0098.uexp" 5405
"../../../Engine/Content/EngineMaterials/Substrate/Glints2/dict_0007_0207.uasset" 5406
"../../../Engine/Content/EngineMaterials/Substrate/Glints2/dict_0007_0207.uexp" 5407
"../../../Engine/Content/EngineMaterials/Substrate/Glints2/dict_0007_0078.uasset" 5408
"../../../Engine/Content/EngineMaterials/Substrate/Glints2/dict_0007_0078.uexp" 5409
"../../../Engine/Content/EngineMaterials/Substrate/Glints2/dict_0000_0033.uasset" 5410
"../../../Engine/Content/EngineMaterials/Substrate/Glints2/dict_0000_0033.uexp" 5411
"../../../Engine/Content/EngineMaterials/Substrate/Glints2/dict_0002_0208.uexp" 5412
"../../../Engine/Content/EngineMaterials/Substrate/Glints2/dict_0002_0208.uasset" 5413
"../../../Engine/Content/EngineMaterials/Substrate/Glints2/dict_0006_0122.uexp" 5414
"../../../Engine/Content/EngineMaterials/Substrate/Glints2/dict_0006_0122.uasset" 5415
"../../../Engine/Content/EngineMaterials/Substrate/Glints2/dict_0000_0097.uasset" 5416
"../../../Engine/Content/EngineMaterials/Substrate/Glints2/dict_0000_0097.uexp" 5417
"../../../Engine/Content/EngineMaterials/Substrate/Glints2/dict_0007_0178.uexp" 5418
"../../../Engine/Content/EngineMaterials/Substrate/Glints2/dict_0007_0178.uasset" 5419
"../../../Engine/Content/EngineMaterials/Substrate/Glints2/dict_0003_0249.uexp" 5420
"../../../Engine/Content/EngineMaterials/Substrate/Glints2/dict_0003_0249.uasset" 5421
"../../../Engine/Content/EngineMaterials/Substrate/Glints2/dict_0004_0087.uexp" 5422
"../../../Engine/Content/EngineMaterials/Substrate/Glints2/dict_0004_0087.uasset" 5423
"../../../Engine/Content/EngineMaterials/Substrate/Glints2/dict_0007_0159.uexp" 5424
"../../../Engine/Content/EngineMaterials/Substrate/Glints2/dict_0007_0159.uasset" 5425
"../../../Engine/Content/EngineMaterials/Substrate/Glints2/dict_0006_0133.uasset" 5426
"../../../Engine/Content/EngineMaterials/Substrate/Glints2/dict_0006_0133.uexp" 5427
"../../../Engine/Content/EngineMaterials/Substrate/Glints2/dict_0001_0224.uexp" 5428
"../../../Engine/Content/EngineMaterials/Substrate/Glints2/dict_0001_0224.uasset" 5429
"../../../Engine/Content/EngineMaterials/Substrate/Glints2/dict_0006_0125.uexp" 5430
"../../../Engine/Content/EngineMaterials/Substrate/Glints2/dict_0006_0125.uasset" 5431
"../../../Engine/Content/EngineMaterials/Substrate/Glints2/dict_0005_0027.uasset" 5432
"../../../Engine/Content/EngineMaterials/Substrate/Glints2/dict_0005_0027.uexp" 5433
"../../../Engine/Content/EngineMaterials/Substrate/Glints2/dict_0006_0119.uasset" 5434
"../../../Engine/Content/EngineMaterials/Substrate/Glints2/dict_0006_0119.uexp" 5435
"../../../Engine/Content/EngineMaterials/Substrate/Glints2/dict_0000_0112.uexp" 5436
"../../../Engine/Content/EngineMaterials/Substrate/Glints2/dict_0000_0112.uasset" 5437
"../../../Engine/Content/EngineMaterials/Substrate/Glints2/dict_0006_0004.uasset" 5438
"../../../Engine/Content/EngineMaterials/Substrate/Glints2/dict_0006_0004.uexp" 5439
"../../../Engine/Content/EngineMaterials/Substrate/Glints2/dict_0004_0019.uexp" 5440
"../../../Engine/Content/EngineMaterials/Substrate/Glints2/dict_0004_0019.uasset" 5441
"../../../Engine/Content/EngineMaterials/Substrate/Glints2/dict_0003_0217.uasset" 5442
"../../../Engine/Content/EngineMaterials/Substrate/Glints2/dict_0003_0217.uexp" 5443
"../../../Engine/Content/EngineMaterials/Substrate/Glints2/dict_0001_0137.uasset" 5444
"../../../Engine/Content/EngineMaterials/Substrate/Glints2/dict_0001_0137.uexp" 5445
"../../../Engine/Content/EngineMaterials/Substrate/Glints2/dict_0000_0048.uasset" 5446
"../../../Engine/Content/EngineMaterials/Substrate/Glints2/dict_0000_0048.uexp" 5447
"../../../Engine/Content/EngineMaterials/Substrate/Glints2/dict_0003_0197.uasset" 5448
"../../../Engine/Content/EngineMaterials/Substrate/Glints2/dict_0003_0197.uexp" 5449
"../../../Engine/Content/EngineMaterials/Substrate/Glints2/dict_0005_0080.uexp" 5450
"../../../Engine/Content/EngineMaterials/Substrate/Glints2/dict_0005_0080.uasset" 5451
"../../../Engine/Content/EngineMaterials/Substrate/Glints2/dict_0003_0148.uasset" 5452
"../../../Engine/Content/EngineMaterials/Substrate/Glints2/dict_0003_0148.uexp" 5453
"../../../Engine/Content/EngineMaterials/Substrate/Glints2/dict_0000_0230.uexp" 5454
"../../../Engine/Content/EngineMaterials/Substrate/Glints2/dict_0000_0230.uasset" 5455
"../../../Engine/Content/EngineMaterials/Substrate/Glints2/dict_0002_0138.uasset" 5456
"../../../Engine/Content/EngineMaterials/Substrate/Glints2/dict_0002_0138.uexp" 5457
"../../../Engine/Content/EngineMaterials/Substrate/Glints2/dict_0000_0043.uexp" 5458
"../../../Engine/Content/EngineMaterials/Substrate/Glints2/dict_0000_0043.uasset" 5459
"../../../Engine/Content/EngineMaterials/Substrate/Glints2/dict_0006_0213.uasset" 5460
"../../../Engine/Content/EngineMaterials/Substrate/Glints2/dict_0006_0213.uexp" 5461
"../../../Engine/Content/EngineMaterials/Substrate/Glints2/dict_0002_0204.uexp" 5462
"../../../Engine/Content/EngineMaterials/Substrate/Glints2/dict_0002_0204.uasset" 5463
"../../../Engine/Content/EngineMaterials/Substrate/Glints2/dict_0007_0006.uasset" 5464
"../../../Engine/Content/EngineMaterials/Substrate/Glints2/dict_0007_0006.uexp" 5465
"../../../Engine/Content/EngineMaterials/Substrate/Glints2/dict_0007_0108.uexp" 5466
"../../../Engine/Content/EngineMaterials/Substrate/Glints2/dict_0007_0108.uasset" 5467
"../../../Engine/Content/EngineMaterials/Substrate/Glints2/dict_0006_0063.uexp" 5468
"../../../Engine/Content/EngineMaterials/Substrate/Glints2/dict_0006_0063.uasset" 5469
"../../../Engine/Content/EngineMaterials/Substrate/Glints2/dict_0000_0120.uasset" 5470
"../../../Engine/Content/EngineMaterials/Substrate/Glints2/dict_0000_0120.uexp" 5471
"../../../Engine/Content/EngineMaterials/Substrate/Glints2/dict_0001_0020.uexp" 5472
"../../../Engine/Content/EngineMaterials/Substrate/Glints2/dict_0001_0020.uasset" 5473
"../../../Engine/Content/EngineMaterials/Substrate/Glints2/dict_0004_0235.uexp" 5474
"../../../Engine/Content/EngineMaterials/Substrate/Glints2/dict_0004_0235.uasset" 5475
"../../../Engine/Content/EngineMaterials/Substrate/Glints2/dict_0001_0176.uexp" 5476
"../../../Engine/Content/EngineMaterials/Substrate/Glints2/dict_0001_0176.uasset" 5477
"../../../Engine/Content/EngineMaterials/Substrate/Glints2/dict_0002_0011.uexp" 5478
"../../../Engine/Content/EngineMaterials/Substrate/Glints2/dict_0002_0011.uasset" 5479
"../../../Engine/Content/EngineMaterials/Substrate/Glints2/dict_0000_0136.uasset" 5480
"../../../Engine/Content/EngineMaterials/Substrate/Glints2/dict_0000_0136.uexp" 5481
"../../../Engine/Content/EngineMaterials/Substrate/Glints2/dict_0004_0137.uexp" 5482
"../../../Engine/Content/EngineMaterials/Substrate/Glints2/dict_0004_0137.uasset" 5483
"../../../Engine/Content/EngineMaterials/Substrate/Glints2/dict_0007_0209.uasset" 5484
"../../../Engine/Content/EngineMaterials/Substrate/Glints2/dict_0007_0209.uexp" 5485
"../../../Engine/Content/EngineMaterials/Substrate/Glints2/dict_0007_0158.uexp" 5486
"../../../Engine/Content/EngineMaterials/Substrate/Glints2/dict_0007_0158.uasset" 5487
"../../../Engine/Content/EngineMaterials/Substrate/Glints2/dict_0001_0135.uexp" 5488
"../../../Engine/Content/EngineMaterials/Substrate/Glints2/dict_0001_0135.uasset" 5489
"../../../Engine/Content/EngineMaterials/Substrate/Glints2/dict_0002_0109.uasset" 5490
"../../../Engine/Content/EngineMaterials/Substrate/Glints2/dict_0002_0109.uexp" 5491
"../../../Engine/Content/EngineMaterials/Substrate/Glints2/dict_0001_0249.uasset" 5492
"../../../Engine/Content/EngineMaterials/Substrate/Glints2/dict_0001_0249.uexp" 5493
"../../../Engine/Content/EngineMaterials/Substrate/Glints2/dict_0005_0138.uasset" 5494
"../../../Engine/Content/EngineMaterials/Substrate/Glints2/dict_0005_0138.uexp" 5495
"../../../Engine/Content/EngineMaterials/Substrate/Glints2/dict_0007_0052.uasset" 5496
"../../../Engine/Content/EngineMaterials/Substrate/Glints2/dict_0007_0052.uexp" 5497
"../../../Engine/Content/EngineMaterials/Substrate/Glints2/dict_0000_0193.uasset" 5498
"../../../Engine/Content/EngineMaterials/Substrate/Glints2/dict_0000_0193.uexp" 5499
"../../../Engine/Content/EngineMaterials/Substrate/Glints2/dict_0005_0028.uexp" 5500
"../../../Engine/Content/EngineMaterials/Substrate/Glints2/dict_0005_0028.uasset" 5501
"../../../Engine/Content/EngineMaterials/Substrate/Glints2/dict_0007_0172.uexp" 5502
"../../../Engine/Content/EngineMaterials/Substrate/Glints2/dict_0007_0172.uasset" 5503
"../../../Engine/Content/EngineMaterials/Substrate/Glints2/dict_0005_0222.uexp" 5504
"../../../Engine/Content/EngineMaterials/Substrate/Glints2/dict_0005_0222.uasset" 5505
"../../../Engine/Content/EngineMaterials/Substrate/Glints2/dict_0000_0060.uasset" 5506
"../../../Engine/Content/EngineMaterials/Substrate/Glints2/dict_0000_0060.uexp" 5507
"../../../Engine/Content/EngineMaterials/Substrate/Glints2/dict_0005_0193.uasset" 5508
"../../../Engine/Content/EngineMaterials/Substrate/Glints2/dict_0005_0193.uexp" 5509
"../../../Engine/Content/EngineMaterials/Substrate/Glints2/dict_0006_0102.uexp" 5510
"../../../Engine/Content/EngineMaterials/Substrate/Glints2/dict_0006_0102.uasset" 5511
"../../../Engine/Content/EngineMaterials/Substrate/Glints2/dict_0006_0246.uexp" 5512
"../../../Engine/Content/EngineMaterials/Substrate/Glints2/dict_0006_0246.uasset" 5513
"../../../Engine/Content/EngineMaterials/Substrate/Glints2/dict_0000_0019.uasset" 5514
"../../../Engine/Content/EngineMaterials/Substrate/Glints2/dict_0000_0019.uexp" 5515
"../../../Engine/Content/EngineMaterials/Substrate/Glints2/dict_0006_0190.uexp" 5516
"../../../Engine/Content/EngineMaterials/Substrate/Glints2/dict_0006_0190.uasset" 5517
"../../../Engine/Content/EngineMaterials/Substrate/Glints2/dict_0000_0014.uexp" 5518
"../../../Engine/Content/EngineMaterials/Substrate/Glints2/dict_0000_0014.uasset" 5519
"../../../Engine/Content/EngineMaterials/Substrate/Glints2/dict_0006_0182.uexp" 5520
"../../../Engine/Content/EngineMaterials/Substrate/Glints2/dict_0006_0182.uasset" 5521
"../../../Engine/Content/EngineMaterials/Substrate/Glints2/dict_0000_0052.uasset" 5522
"../../../Engine/Content/EngineMaterials/Substrate/Glints2/dict_0000_0052.uexp" 5523
"../../../Engine/Content/EngineMaterials/Substrate/Glints2/dict_0004_0055.uexp" 5524
"../../../Engine/Content/EngineMaterials/Substrate/Glints2/dict_0004_0055.uasset" 5525
"../../../Engine/Content/EngineMaterials/Substrate/Glints2/dict_0001_0191.uexp" 5526
"../../../Engine/Content/EngineMaterials/Substrate/Glints2/dict_0001_0191.uasset" 5527
"../../../Engine/Content/EngineMaterials/Substrate/Glints2/dict_0007_0053.uasset" 5528
"../../../Engine/Content/EngineMaterials/Substrate/Glints2/dict_0007_0053.uexp" 5529
"../../../Engine/Content/EngineMaterials/Substrate/Glints2/dict_0002_0139.uexp" 5530
"../../../Engine/Content/EngineMaterials/Substrate/Glints2/dict_0002_0139.uasset" 5531
"../../../Engine/Content/EngineMaterials/Substrate/Glints2/dict_0007_0029.uexp" 5532
"../../../Engine/Content/EngineMaterials/Substrate/Glints2/dict_0007_0029.uasset" 5533
"../../../Engine/Content/EngineMaterials/Substrate/Glints2/dict_0002_0164.uasset" 5534
"../../../Engine/Content/EngineMaterials/Substrate/Glints2/dict_0002_0164.uexp" 5535
"../../../Engine/Content/EngineMaterials/Substrate/Glints2/dict_0004_0202.uexp" 5536
"../../../Engine/Content/EngineMaterials/Substrate/Glints2/dict_0004_0202.uasset" 5537
"../../../Engine/Content/EngineMaterials/Substrate/Glints2/dict_0006_0148.uasset" 5538
"../../../Engine/Content/EngineMaterials/Substrate/Glints2/dict_0006_0148.uexp" 5539
"../../../Engine/Content/EngineMaterials/Substrate/Glints2/dict_0000_0011.uasset" 5540
"../../../Engine/Content/EngineMaterials/Substrate/Glints2/dict_0000_0011.uexp" 5541
"../../../Engine/Content/EngineMaterials/Substrate/Glints2/dict_0001_0015.uexp" 5542
"../../../Engine/Content/EngineMaterials/Substrate/Glints2/dict_0001_0015.uasset" 5543
"../../../Engine/Content/EngineMaterials/Substrate/Glints2/dict_0003_0242.uexp" 5544
"../../../Engine/Content/EngineMaterials/Substrate/Glints2/dict_0003_0242.uasset" 5545
"../../../Engine/Content/EngineMaterials/Substrate/Glints2/dict_0004_0002.uexp" 5546
"../../../Engine/Content/EngineMaterials/Substrate/Glints2/dict_0004_0002.uasset" 5547
"../../../Engine/Content/EngineMaterials/Substrate/Glints2/dict_0003_0024.uexp" 5548
"../../../Engine/Content/EngineMaterials/Substrate/Glints2/dict_0003_0024.uasset" 5549
"../../../Engine/Content/EngineMaterials/Substrate/Glints2/dict_0000_0223.uexp" 5550
"../../../Engine/Content/EngineMaterials/Substrate/Glints2/dict_0000_0223.uasset" 5551
"../../../Engine/Content/EngineMaterials/Substrate/Glints2/dict_0001_0156.uexp" 5552
"../../../Engine/Content/EngineMaterials/Substrate/Glints2/dict_0001_0156.uasset" 5553
"../../../Engine/Content/EngineMaterials/Substrate/Glints2/dict_0006_0230.uasset" 5554
"../../../Engine/Content/EngineMaterials/Substrate/Glints2/dict_0006_0230.uexp" 5555
"../../../Engine/Content/EngineMaterials/Substrate/Glints2/dict_0003_0124.uexp" 5556
"../../../Engine/Content/EngineMaterials/Substrate/Glints2/dict_0003_0124.uasset" 5557
"../../../Engine/Content/EngineMaterials/Substrate/Glints2/dict_0001_0111.uasset" 5558
"../../../Engine/Content/EngineMaterials/Substrate/Glints2/dict_0001_0111.uexp" 5559
"../../../Engine/Content/EngineMaterials/Substrate/Glints2/dict_0005_0224.uasset" 5560
"../../../Engine/Content/EngineMaterials/Substrate/Glints2/dict_0005_0224.uexp" 5561
"../../../Engine/Content/EngineMaterials/Substrate/Glints2/dict_0002_0221.uasset" 5562
"../../../Engine/Content/EngineMaterials/Substrate/Glints2/dict_0002_0221.uexp" 5563
"../../../Engine/Content/EngineMaterials/Substrate/Glints2/dict_0004_0182.uasset" 5564
"../../../Engine/Content/EngineMaterials/Substrate/Glints2/dict_0004_0182.uexp" 5565
"../../../Engine/Content/EngineMaterials/Substrate/Glints2/dict_0002_0086.uasset" 5566
"../../../Engine/Content/EngineMaterials/Substrate/Glints2/dict_0002_0086.uexp" 5567
"../../../Engine/Content/EngineMaterials/Substrate/Glints2/dict_0005_0118.uasset" 5568
"../../../Engine/Content/EngineMaterials/Substrate/Glints2/dict_0005_0118.uexp" 5569
"../../../Engine/Content/EngineMaterials/Substrate/Glints2/dict_0003_0223.uexp" 5570
"../../../Engine/Content/EngineMaterials/Substrate/Glints2/dict_0003_0223.uasset" 5571
"../../../Engine/Content/EngineMaterials/Substrate/Glints2/dict_0005_0172.uasset" 5572
"../../../Engine/Content/EngineMaterials/Substrate/Glints2/dict_0005_0172.uexp" 5573
"../../../Engine/Content/EngineMaterials/Substrate/Glints2/dict_0007_0033.uasset" 5574
"../../../Engine/Content/EngineMaterials/Substrate/Glints2/dict_0007_0033.uexp" 5575
"../../../Engine/Content/EngineMaterials/Substrate/Glints2/dict_0003_0152.uasset" 5576
"../../../Engine/Content/EngineMaterials/Substrate/Glints2/dict_0003_0152.uexp" 5577
"../../../Engine/Content/EngineMaterials/Substrate/Glints2/dict_0003_0084.uasset" 5578
"../../../Engine/Content/EngineMaterials/Substrate/Glints2/dict_0003_0084.uexp" 5579
"../../../Engine/Content/EngineMaterials/Substrate/Glints2/dict_0004_0096.uexp" 5580
"../../../Engine/Content/EngineMaterials/Substrate/Glints2/dict_0004_0096.uasset" 5581
"../../../Engine/Content/EngineMaterials/Substrate/Glints2/dict_0005_0135.uasset" 5582
"../../../Engine/Content/EngineMaterials/Substrate/Glints2/dict_0005_0135.uexp" 5583
"../../../Engine/Content/EngineMaterials/Substrate/Glints2/dict_0003_0220.uasset" 5584
"../../../Engine/Content/EngineMaterials/Substrate/Glints2/dict_0003_0220.uexp" 5585
"../../../Engine/Content/EngineMaterials/Substrate/Glints2/dict_0002_0233.uasset" 5586
"../../../Engine/Content/EngineMaterials/Substrate/Glints2/dict_0002_0233.uexp" 5587
"../../../Engine/Content/EngineMaterials/Substrate/Glints2/dict_0007_0016.uexp" 5588
"../../../Engine/Content/EngineMaterials/Substrate/Glints2/dict_0007_0016.uasset" 5589
"../../../Engine/Content/EngineMaterials/Substrate/Glints2/dict_0006_0049.uexp" 5590
"../../../Engine/Content/EngineMaterials/Substrate/Glints2/dict_0006_0049.uasset" 5591
"../../../Engine/Content/EngineMaterials/Substrate/Glints2/dict_0006_0027.uexp" 5592
"../../../Engine/Content/EngineMaterials/Substrate/Glints2/dict_0006_0027.uasset" 5593
"../../../Engine/Content/EngineMaterials/Substrate/Glints2/dict_0006_0121.uasset" 5594
"../../../Engine/Content/EngineMaterials/Substrate/Glints2/dict_0006_0121.uexp" 5595
"../../../Engine/Content/EngineMaterials/Substrate/Glints2/AGlintTex2dArray2.uasset" 5596
"../../../Engine/Content/EngineMaterials/Substrate/Glints2/AGlintTex2dArray2.uexp" 5597
"../../../Engine/Content/EngineMaterials/Substrate/GLints/dict_16_192_64_0p5_0p02_0047_0010.uexp" 5598
"../../../Engine/Content/EngineMaterials/Substrate/GLints/dict_16_192_64_0p5_0p02_0047_0010.uasset" 5599
"../../../Engine/Content/EngineMaterials/Substrate/GLints/dict_16_192_64_0p5_0p02_0039_0007.uasset" 5600
"../../../Engine/Content/EngineMaterials/Substrate/GLints/dict_16_192_64_0p5_0p02_0039_0007.uexp" 5601
"../../../Engine/Content/EngineMaterials/Substrate/GLints/dict_16_192_64_0p5_0p02_0023_0009.uexp" 5602
"../../../Engine/Content/EngineMaterials/Substrate/GLints/dict_16_192_64_0p5_0p02_0023_0009.uasset" 5603
"../../../Engine/Content/EngineMaterials/Substrate/GLints/dict_16_192_64_0p5_0p02_0028_0008.uasset" 5604
"../../../Engine/Content/EngineMaterials/Substrate/GLints/dict_16_192_64_0p5_0p02_0028_0008.uexp" 5605
"../../../Engine/Content/EngineMaterials/Substrate/GLints/dict_16_192_64_0p5_0p02_0025_0007.uexp" 5606
"../../../Engine/Content/EngineMaterials/Substrate/GLints/dict_16_192_64_0p5_0p02_0025_0007.uasset" 5607
"../../../Engine/Content/EngineMaterials/Substrate/GLints/dict_16_192_64_0p5_0p02_0052_0015.uasset" 5608
"../../../Engine/Content/EngineMaterials/Substrate/GLints/dict_16_192_64_0p5_0p02_0052_0015.uexp" 5609
"../../../Engine/Content/EngineMaterials/Substrate/GLints/dict_16_192_64_0p5_0p02_0061_0004.uasset" 5610
"../../../Engine/Content/EngineMaterials/Substrate/GLints/dict_16_192_64_0p5_0p02_0061_0004.uexp" 5611
"../../../Engine/Content/EngineMaterials/Substrate/GLints/dict_16_192_64_0p5_0p02_0022_0011.uexp" 5612
"../../../Engine/Content/EngineMaterials/Substrate/GLints/dict_16_192_64_0p5_0p02_0022_0011.uasset" 5613
"../../../Engine/Content/EngineMaterials/Substrate/GLints/dict_16_192_64_0p5_0p02_0048_0011.uasset" 5614
"../../../Engine/Content/EngineMaterials/Substrate/GLints/dict_16_192_64_0p5_0p02_0048_0011.uexp" 5615
"../../../Engine/Content/EngineMaterials/Substrate/GLints/dict_16_192_64_0p5_0p02_0010_0002.uasset" 5616
"../../../Engine/Content/EngineMaterials/Substrate/GLints/dict_16_192_64_0p5_0p02_0010_0002.uexp" 5617
"../../../Engine/Content/EngineMaterials/Substrate/GLints/dict_16_192_64_0p5_0p02_0057_0000.uasset" 5618
"../../../Engine/Content/EngineMaterials/Substrate/GLints/dict_16_192_64_0p5_0p02_0057_0000.uexp" 5619
"../../../Engine/Content/EngineMaterials/Substrate/GLints/dict_16_192_64_0p5_0p02_0058_0012.uexp" 5620
"../../../Engine/Content/EngineMaterials/Substrate/GLints/dict_16_192_64_0p5_0p02_0058_0012.uasset" 5621
"../../../Engine/Content/EngineMaterials/Substrate/GLints/dict_16_192_64_0p5_0p02_0050_0014.uasset" 5622
"../../../Engine/Content/EngineMaterials/Substrate/GLints/dict_16_192_64_0p5_0p02_0050_0014.uexp" 5623
"../../../Engine/Content/EngineMaterials/Substrate/GLints/dict_16_192_64_0p5_0p02_0014_0014.uasset" 5624
"../../../Engine/Content/EngineMaterials/Substrate/GLints/dict_16_192_64_0p5_0p02_0014_0014.uexp" 5625
"../../../Engine/Content/EngineMaterials/Substrate/GLints/dict_16_192_64_0p5_0p02_0017_0006.uexp" 5626
"../../../Engine/Content/EngineMaterials/Substrate/GLints/dict_16_192_64_0p5_0p02_0017_0006.uasset" 5627
"../../../Engine/Content/EngineMaterials/Substrate/GLints/dict_16_192_64_0p5_0p02_0038_0014.uexp" 5628
"../../../Engine/Content/EngineMaterials/Substrate/GLints/dict_16_192_64_0p5_0p02_0038_0014.uasset" 5629
"../../../Engine/Content/EngineMaterials/Substrate/GLints/dict_16_192_64_0p5_0p02_0050_0006.uasset" 5630
"../../../Engine/Content/EngineMaterials/Substrate/GLints/dict_16_192_64_0p5_0p02_0050_0006.uexp" 5631
"../../../Engine/Content/EngineMaterials/Substrate/GLints/dict_16_192_64_0p5_0p02_0027_0003.uasset" 5632
"../../../Engine/Content/EngineMaterials/Substrate/GLints/dict_16_192_64_0p5_0p02_0027_0003.uexp" 5633
"../../../Engine/Content/EngineMaterials/Substrate/GLints/dict_16_192_64_0p5_0p02_0014_0008.uexp" 5634
"../../../Engine/Content/EngineMaterials/Substrate/GLints/dict_16_192_64_0p5_0p02_0014_0008.uasset" 5635
"../../../Engine/Content/EngineMaterials/Substrate/GLints/dict_16_192_64_0p5_0p02_0056_0006.uasset" 5636
"../../../Engine/Content/EngineMaterials/Substrate/GLints/dict_16_192_64_0p5_0p02_0056_0006.uexp" 5637
"../../../Engine/Content/EngineMaterials/Substrate/GLints/dict_16_192_64_0p5_0p02_0023_0013.uexp" 5638
"../../../Engine/Content/EngineMaterials/Substrate/GLints/dict_16_192_64_0p5_0p02_0023_0013.uasset" 5639
"../../../Engine/Content/EngineMaterials/Substrate/GLints/dict_16_192_64_0p5_0p02_0000_0007.uasset" 5640
"../../../Engine/Content/EngineMaterials/Substrate/GLints/dict_16_192_64_0p5_0p02_0000_0007.uexp" 5641
"../../../Engine/Content/EngineMaterials/Substrate/GLints/dict_16_192_64_0p5_0p02_0043_0015.uexp" 5642
"../../../Engine/Content/EngineMaterials/Substrate/GLints/dict_16_192_64_0p5_0p02_0043_0015.uasset" 5643
"../../../Engine/Content/EngineMaterials/Substrate/GLints/dict_16_192_64_0p5_0p02_0032_0010.uasset" 5644
"../../../Engine/Content/EngineMaterials/Substrate/GLints/dict_16_192_64_0p5_0p02_0032_0010.uexp" 5645
"../../../Engine/Content/EngineMaterials/Substrate/GLints/dict_16_192_64_0p5_0p02_0002_0001.uexp" 5646
"../../../Engine/Content/EngineMaterials/Substrate/GLints/dict_16_192_64_0p5_0p02_0002_0001.uasset" 5647
"../../../Engine/Content/EngineMaterials/Substrate/GLints/dict_16_192_64_0p5_0p02_0063_0001.uasset" 5648
"../../../Engine/Content/EngineMaterials/Substrate/GLints/dict_16_192_64_0p5_0p02_0063_0001.uexp" 5649
"../../../Engine/Content/EngineMaterials/Substrate/GLints/dict_16_192_64_0p5_0p02_0058_0009.uasset" 5650
"../../../Engine/Content/EngineMaterials/Substrate/GLints/dict_16_192_64_0p5_0p02_0058_0009.uexp" 5651
"../../../Engine/Content/EngineMaterials/Substrate/GLints/dict_16_192_64_0p5_0p02_0060_0003.uasset" 5652
"../../../Engine/Content/EngineMaterials/Substrate/GLints/dict_16_192_64_0p5_0p02_0060_0003.uexp" 5653
"../../../Engine/Content/EngineMaterials/Substrate/GLints/dict_16_192_64_0p5_0p02_0008_0007.uexp" 5654
"../../../Engine/Content/EngineMaterials/Substrate/GLints/dict_16_192_64_0p5_0p02_0008_0007.uasset" 5655
"../../../Engine/Content/EngineMaterials/Substrate/GLints/dict_16_192_64_0p5_0p02_0007_0014.uasset" 5656
"../../../Engine/Content/EngineMaterials/Substrate/GLints/dict_16_192_64_0p5_0p02_0007_0014.uexp" 5657
"../../../Engine/Content/EngineMaterials/Substrate/GLints/dict_16_192_64_0p5_0p02_0013_0011.uasset" 5658
"../../../Engine/Content/EngineMaterials/Substrate/GLints/dict_16_192_64_0p5_0p02_0013_0011.uexp" 5659
"../../../Engine/Content/EngineMaterials/Substrate/GLints/dict_16_192_64_0p5_0p02_0062_0006.uasset" 5660
"../../../Engine/Content/EngineMaterials/Substrate/GLints/dict_16_192_64_0p5_0p02_0062_0006.uexp" 5661
"../../../Engine/Content/EngineMaterials/Substrate/GLints/dict_16_192_64_0p5_0p02_0033_0015.uexp" 5662
"../../../Engine/Content/EngineMaterials/Substrate/GLints/dict_16_192_64_0p5_0p02_0033_0015.uasset" 5663
"../../../Engine/Content/EngineMaterials/Substrate/GLints/dict_16_192_64_0p5_0p02_0020_0015.uexp" 5664
"../../../Engine/Content/EngineMaterials/Substrate/GLints/dict_16_192_64_0p5_0p02_0020_0015.uasset" 5665
"../../../Engine/Content/EngineMaterials/Substrate/GLints/dict_16_192_64_0p5_0p02_0060_0000.uexp" 5666
"../../../Engine/Content/EngineMaterials/Substrate/GLints/dict_16_192_64_0p5_0p02_0060_0000.uasset" 5667
"../../../Engine/Content/EngineMaterials/Substrate/GLints/dict_16_192_64_0p5_0p02_0006_0013.uexp" 5668
"../../../Engine/Content/EngineMaterials/Substrate/GLints/dict_16_192_64_0p5_0p02_0006_0013.uasset" 5669
"../../../Engine/Content/EngineMaterials/Substrate/GLints/dict_16_192_64_0p5_0p02_0057_0008.uexp" 5670
"../../../Engine/Content/EngineMaterials/Substrate/GLints/dict_16_192_64_0p5_0p02_0057_0008.uasset" 5671
"../../../Engine/Content/EngineMaterials/Substrate/GLints/dict_16_192_64_0p5_0p02_0042_0013.uasset" 5672
"../../../Engine/Content/EngineMaterials/Substrate/GLints/dict_16_192_64_0p5_0p02_0042_0013.uexp" 5673
"../../../Engine/Content/EngineMaterials/Substrate/GLints/dict_16_192_64_0p5_0p02_0040_0009.uasset" 5674
"../../../Engine/Content/EngineMaterials/Substrate/GLints/dict_16_192_64_0p5_0p02_0040_0009.uexp" 5675
"../../../Engine/Content/EngineMaterials/Substrate/GLints/dict_16_192_64_0p5_0p02_0026_0014.uexp" 5676
"../../../Engine/Content/EngineMaterials/Substrate/GLints/dict_16_192_64_0p5_0p02_0026_0014.uasset" 5677
"../../../Engine/Content/EngineMaterials/Substrate/GLints/dict_16_192_64_0p5_0p02_0002_0011.uexp" 5678
"../../../Engine/Content/EngineMaterials/Substrate/GLints/dict_16_192_64_0p5_0p02_0002_0011.uasset" 5679
"../../../Engine/Content/EngineMaterials/Substrate/GLints/dict_16_192_64_0p5_0p02_0001_0000.uasset" 5680
"../../../Engine/Content/EngineMaterials/Substrate/GLints/dict_16_192_64_0p5_0p02_0001_0000.uexp" 5681
"../../../Engine/Content/EngineMaterials/Substrate/GLints/dict_16_192_64_0p5_0p02_0045_0013.uexp" 5682
"../../../Engine/Content/EngineMaterials/Substrate/GLints/dict_16_192_64_0p5_0p02_0045_0013.uasset" 5683
"../../../Engine/Content/EngineMaterials/Substrate/GLints/dict_16_192_64_0p5_0p02_0034_0000.uexp" 5684
"../../../Engine/Content/EngineMaterials/Substrate/GLints/dict_16_192_64_0p5_0p02_0034_0000.uasset" 5685
"../../../Engine/Content/EngineMaterials/Substrate/GLints/dict_16_192_64_0p5_0p02_0004_0007.uexp" 5686
"../../../Engine/Content/EngineMaterials/Substrate/GLints/dict_16_192_64_0p5_0p02_0004_0007.uasset" 5687
"../../../Engine/Content/EngineMaterials/Substrate/GLints/dict_16_192_64_0p5_0p02_0042_0006.uexp" 5688
"../../../Engine/Content/EngineMaterials/Substrate/GLints/dict_16_192_64_0p5_0p02_0042_0006.uasset" 5689
"../../../Engine/Content/EngineMaterials/Substrate/GLints/dict_16_192_64_0p5_0p02_0006_0001.uasset" 5690
"../../../Engine/Content/EngineMaterials/Substrate/GLints/dict_16_192_64_0p5_0p02_0006_0001.uexp" 5691
"../../../Engine/Content/EngineMaterials/Substrate/GLints/dict_16_192_64_0p5_0p02_0016_0009.uasset" 5692
"../../../Engine/Content/EngineMaterials/Substrate/GLints/dict_16_192_64_0p5_0p02_0016_0009.uexp" 5693
"../../../Engine/Content/EngineMaterials/Substrate/GLints/dict_16_192_64_0p5_0p02_0030_0013.uexp" 5694
"../../../Engine/Content/EngineMaterials/Substrate/GLints/dict_16_192_64_0p5_0p02_0030_0013.uasset" 5695
"../../../Engine/Content/EngineMaterials/Substrate/GLints/dict_16_192_64_0p5_0p02_0015_0009.uasset" 5696
"../../../Engine/Content/EngineMaterials/Substrate/GLints/dict_16_192_64_0p5_0p02_0015_0009.uexp" 5697
"../../../Engine/Content/EngineMaterials/Substrate/GLints/dict_16_192_64_0p5_0p02_0041_0007.uasset" 5698
"../../../Engine/Content/EngineMaterials/Substrate/GLints/dict_16_192_64_0p5_0p02_0041_0007.uexp" 5699
"../../../Engine/Content/EngineMaterials/Substrate/GLints/dict_16_192_64_0p5_0p02_0016_0005.uasset" 5700
"../../../Engine/Content/EngineMaterials/Substrate/GLints/dict_16_192_64_0p5_0p02_0016_0005.uexp" 5701
"../../../Engine/Content/EngineMaterials/Substrate/GLints/dict_16_192_64_0p5_0p02_0036_0000.uasset" 5702
"../../../Engine/Content/EngineMaterials/Substrate/GLints/dict_16_192_64_0p5_0p02_0036_0000.uexp" 5703
"../../../Engine/Content/EngineMaterials/Substrate/GLints/dict_16_192_64_0p5_0p02_0040_0006.uasset" 5704
"../../../Engine/Content/EngineMaterials/Substrate/GLints/dict_16_192_64_0p5_0p02_0040_0006.uexp" 5705
"../../../Engine/Content/EngineMaterials/Substrate/GLints/dict_16_192_64_0p5_0p02_0042_0008.uexp" 5706
"../../../Engine/Content/EngineMaterials/Substrate/GLints/dict_16_192_64_0p5_0p02_0042_0008.uasset" 5707
"../../../Engine/Content/EngineMaterials/Substrate/GLints/dict_16_192_64_0p5_0p02_0002_0012.uasset" 5708
"../../../Engine/Content/EngineMaterials/Substrate/GLints/dict_16_192_64_0p5_0p02_0002_0012.uexp" 5709
"../../../Engine/Content/EngineMaterials/Substrate/GLints/dict_16_192_64_0p5_0p02_0052_0011.uasset" 5710
"../../../Engine/Content/EngineMaterials/Substrate/GLints/dict_16_192_64_0p5_0p02_0052_0011.uexp" 5711
"../../../Engine/Content/EngineMaterials/Substrate/GLints/dict_16_192_64_0p5_0p02_0054_0005.uasset" 5712
"../../../Engine/Content/EngineMaterials/Substrate/GLints/dict_16_192_64_0p5_0p02_0054_0005.uexp" 5713
"../../../Engine/Content/EngineMaterials/Substrate/GLints/dict_16_192_64_0p5_0p02_0061_0007.uexp" 5714
"../../../Engine/Content/EngineMaterials/Substrate/GLints/dict_16_192_64_0p5_0p02_0061_0007.uasset" 5715
"../../../Engine/Content/EngineMaterials/Substrate/GLints/dict_16_192_64_0p5_0p02_0016_0006.uexp" 5716
"../../../Engine/Content/EngineMaterials/Substrate/GLints/dict_16_192_64_0p5_0p02_0016_0006.uasset" 5717
"../../../Engine/Content/EngineMaterials/Substrate/GLints/dict_16_192_64_0p5_0p02_0057_0014.uexp" 5718
"../../../Engine/Content/EngineMaterials/Substrate/GLints/dict_16_192_64_0p5_0p02_0057_0014.uasset" 5719
"../../../Engine/Content/EngineMaterials/Substrate/GLints/dict_16_192_64_0p5_0p02_0035_0009.uexp" 5720
"../../../Engine/Content/EngineMaterials/Substrate/GLints/dict_16_192_64_0p5_0p02_0035_0009.uasset" 5721
"../../../Engine/Content/EngineMaterials/Substrate/GLints/dict_16_192_64_0p5_0p02_0012_0003.uexp" 5722
"../../../Engine/Content/EngineMaterials/Substrate/GLints/dict_16_192_64_0p5_0p02_0012_0003.uasset" 5723
"../../../Engine/Content/EngineMaterials/Substrate/GLints/dict_16_192_64_0p5_0p02_0035_0000.uasset" 5724
"../../../Engine/Content/EngineMaterials/Substrate/GLints/dict_16_192_64_0p5_0p02_0035_0000.uexp" 5725
"../../../Engine/Content/EngineMaterials/Substrate/GLints/dict_16_192_64_0p5_0p02_0056_0003.uexp" 5726
"../../../Engine/Content/EngineMaterials/Substrate/GLints/dict_16_192_64_0p5_0p02_0056_0003.uasset" 5727
"../../../Engine/Content/EngineMaterials/Substrate/GLints/dict_16_192_64_0p5_0p02_0017_0002.uasset" 5728
"../../../Engine/Content/EngineMaterials/Substrate/GLints/dict_16_192_64_0p5_0p02_0017_0002.uexp" 5729
"../../../Engine/Content/EngineMaterials/Substrate/GLints/dict_16_192_64_0p5_0p02_0024_0000.uexp" 5730
"../../../Engine/Content/EngineMaterials/Substrate/GLints/dict_16_192_64_0p5_0p02_0024_0000.uasset" 5731
"../../../Engine/Content/EngineMaterials/Substrate/GLints/dict_16_192_64_0p5_0p02_0000_0010.uasset" 5732
"../../../Engine/Content/EngineMaterials/Substrate/GLints/dict_16_192_64_0p5_0p02_0000_0010.uexp" 5733
"../../../Engine/Content/EngineMaterials/Substrate/GLints/dict_16_192_64_0p5_0p02_0036_0002.uasset" 5734
"../../../Engine/Content/EngineMaterials/Substrate/GLints/dict_16_192_64_0p5_0p02_0036_0002.uexp" 5735
"../../../Engine/Content/EngineMaterials/Substrate/GLints/dict_16_192_64_0p5_0p02_0024_0014.uasset" 5736
"../../../Engine/Content/EngineMaterials/Substrate/GLints/dict_16_192_64_0p5_0p02_0024_0014.uexp" 5737
"../../../Engine/Content/EngineMaterials/Substrate/GLints/dict_16_192_64_0p5_0p02_0046_0002.uasset" 5738
"../../../Engine/Content/EngineMaterials/Substrate/GLints/dict_16_192_64_0p5_0p02_0046_0002.uexp" 5739
"../../../Engine/Content/EngineMaterials/Substrate/GLints/dict_16_192_64_0p5_0p02_0025_0011.uexp" 5740
"../../../Engine/Content/EngineMaterials/Substrate/GLints/dict_16_192_64_0p5_0p02_0025_0011.uasset" 5741
"../../../Engine/Content/EngineMaterials/Substrate/GLints/dict_16_192_64_0p5_0p02_0003_0009.uasset" 5742
"../../../Engine/Content/EngineMaterials/Substrate/GLints/dict_16_192_64_0p5_0p02_0003_0009.uexp" 5743
"../../../Engine/Content/EngineMaterials/Substrate/GLints/dict_16_192_64_0p5_0p02_0024_0006.uexp" 5744
"../../../Engine/Content/EngineMaterials/Substrate/GLints/dict_16_192_64_0p5_0p02_0024_0006.uasset" 5745
"../../../Engine/Content/EngineMaterials/Substrate/GLints/dict_16_192_64_0p5_0p02_0030_0015.uexp" 5746
"../../../Engine/Content/EngineMaterials/Substrate/GLints/dict_16_192_64_0p5_0p02_0030_0015.uasset" 5747
"../../../Engine/Content/EngineMaterials/Substrate/GLints/dict_16_192_64_0p5_0p02_0025_0000.uexp" 5748
"../../../Engine/Content/EngineMaterials/Substrate/GLints/dict_16_192_64_0p5_0p02_0025_0000.uasset" 5749
"../../../Engine/Content/EngineMaterials/Substrate/GLints/dict_16_192_64_0p5_0p02_0039_0005.uexp" 5750
"../../../Engine/Content/EngineMaterials/Substrate/GLints/dict_16_192_64_0p5_0p02_0039_0005.uasset" 5751
"../../../Engine/Content/EngineMaterials/Substrate/GLints/dict_16_192_64_0p5_0p02_0039_0002.uexp" 5752
"../../../Engine/Content/EngineMaterials/Substrate/GLints/dict_16_192_64_0p5_0p02_0039_0002.uasset" 5753
"../../../Engine/Content/EngineMaterials/Substrate/GLints/dict_16_192_64_0p5_0p02_0047_0000.uexp" 5754
"../../../Engine/Content/EngineMaterials/Substrate/GLints/dict_16_192_64_0p5_0p02_0047_0000.uasset" 5755
"../../../Engine/Content/EngineMaterials/Substrate/GLints/dict_16_192_64_0p5_0p02_0008_0006.uexp" 5756
"../../../Engine/Content/EngineMaterials/Substrate/GLints/dict_16_192_64_0p5_0p02_0008_0006.uasset" 5757
"../../../Engine/Content/EngineMaterials/Substrate/GLints/dict_16_192_64_0p5_0p02_0039_0012.uexp" 5758
"../../../Engine/Content/EngineMaterials/Substrate/GLints/dict_16_192_64_0p5_0p02_0039_0012.uasset" 5759
"../../../Engine/Content/EngineMaterials/Substrate/GLints/dict_16_192_64_0p5_0p02_0056_0008.uexp" 5760
"../../../Engine/Content/EngineMaterials/Substrate/GLints/dict_16_192_64_0p5_0p02_0056_0008.uasset" 5761
"../../../Engine/Content/EngineMaterials/Substrate/GLints/dict_16_192_64_0p5_0p02_0044_0000.uexp" 5762
"../../../Engine/Content/EngineMaterials/Substrate/GLints/dict_16_192_64_0p5_0p02_0044_0000.uasset" 5763
"../../../Engine/Content/EngineMaterials/Substrate/GLints/dict_16_192_64_0p5_0p02_0002_0007.uexp" 5764
"../../../Engine/Content/EngineMaterials/Substrate/GLints/dict_16_192_64_0p5_0p02_0002_0007.uasset" 5765
"../../../Engine/Content/EngineMaterials/Substrate/GLints/dict_16_192_64_0p5_0p02_0029_0008.uasset" 5766
"../../../Engine/Content/EngineMaterials/Substrate/GLints/dict_16_192_64_0p5_0p02_0029_0008.uexp" 5767
"../../../Engine/Content/EngineMaterials/Substrate/GLints/dict_16_192_64_0p5_0p02_0006_0012.uexp" 5768
"../../../Engine/Content/EngineMaterials/Substrate/GLints/dict_16_192_64_0p5_0p02_0006_0012.uasset" 5769
"../../../Engine/Content/EngineMaterials/Substrate/GLints/dict_16_192_64_0p5_0p02_0045_0009.uexp" 5770
"../../../Engine/Content/EngineMaterials/Substrate/GLints/dict_16_192_64_0p5_0p02_0045_0009.uasset" 5771
"../../../Engine/Content/EngineMaterials/Substrate/GLints/dict_16_192_64_0p5_0p02_0057_0006.uexp" 5772
"../../../Engine/Content/EngineMaterials/Substrate/GLints/dict_16_192_64_0p5_0p02_0057_0006.uasset" 5773
"../../../Engine/Content/EngineMaterials/Substrate/GLints/dict_16_192_64_0p5_0p02_0019_0005.uexp" 5774
"../../../Engine/Content/EngineMaterials/Substrate/GLints/dict_16_192_64_0p5_0p02_0019_0005.uasset" 5775
"../../../Engine/Content/EngineMaterials/Substrate/GLints/dict_16_192_64_0p5_0p02_0020_0008.uasset" 5776
"../../../Engine/Content/EngineMaterials/Substrate/GLints/dict_16_192_64_0p5_0p02_0020_0008.uexp" 5777
"../../../Engine/Content/EngineMaterials/Substrate/GLints/dict_16_192_64_0p5_0p02_0032_0013.uasset" 5778
"../../../Engine/Content/EngineMaterials/Substrate/GLints/dict_16_192_64_0p5_0p02_0032_0013.uexp" 5779
"../../../Engine/Content/EngineMaterials/Substrate/GLints/dict_16_192_64_0p5_0p02_0002_0013.uexp" 5780
"../../../Engine/Content/EngineMaterials/Substrate/GLints/dict_16_192_64_0p5_0p02_0002_0013.uasset" 5781
"../../../Engine/Content/EngineMaterials/Substrate/GLints/dict_16_192_64_0p5_0p02_0005_0005.uasset" 5782
"../../../Engine/Content/EngineMaterials/Substrate/GLints/dict_16_192_64_0p5_0p02_0005_0005.uexp" 5783
"../../../Engine/Content/EngineMaterials/Substrate/GLints/dict_16_192_64_0p5_0p02_0006_0000.uexp" 5784
"../../../Engine/Content/EngineMaterials/Substrate/GLints/dict_16_192_64_0p5_0p02_0006_0000.uasset" 5785
"../../../Engine/Content/EngineMaterials/Substrate/GLints/dict_16_192_64_0p5_0p02_0047_0003.uasset" 5786
"../../../Engine/Content/EngineMaterials/Substrate/GLints/dict_16_192_64_0p5_0p02_0047_0003.uexp" 5787
"../../../Engine/Content/EngineMaterials/Substrate/GLints/dict_16_192_64_0p5_0p02_0061_0001.uexp" 5788
"../../../Engine/Content/EngineMaterials/Substrate/GLints/dict_16_192_64_0p5_0p02_0061_0001.uasset" 5789
"../../../Engine/Content/EngineMaterials/Substrate/GLints/dict_16_192_64_0p5_0p02_0004_0012.uasset" 5790
"../../../Engine/Content/EngineMaterials/Substrate/GLints/dict_16_192_64_0p5_0p02_0004_0012.uexp" 5791
"../../../Engine/Content/EngineMaterials/Substrate/GLints/dict_16_192_64_0p5_0p02_0044_0014.uexp" 5792
"../../../Engine/Content/EngineMaterials/Substrate/GLints/dict_16_192_64_0p5_0p02_0044_0014.uasset" 5793
"../../../Engine/Content/EngineMaterials/Substrate/GLints/dict_16_192_64_0p5_0p02_0027_0015.uexp" 5794
"../../../Engine/Content/EngineMaterials/Substrate/GLints/dict_16_192_64_0p5_0p02_0027_0015.uasset" 5795
"../../../Engine/Content/EngineMaterials/Substrate/GLints/dict_16_192_64_0p5_0p02_0054_0006.uexp" 5796
"../../../Engine/Content/EngineMaterials/Substrate/GLints/dict_16_192_64_0p5_0p02_0054_0006.uasset" 5797
"../../../Engine/Content/EngineMaterials/Substrate/GLints/dict_16_192_64_0p5_0p02_0027_0011.uasset" 5798
"../../../Engine/Content/EngineMaterials/Substrate/GLints/dict_16_192_64_0p5_0p02_0027_0011.uexp" 5799
"../../../Engine/Content/EngineMaterials/Substrate/GLints/dict_16_192_64_0p5_0p02_0018_0014.uexp" 5800
"../../../Engine/Content/EngineMaterials/Substrate/GLints/dict_16_192_64_0p5_0p02_0018_0014.uasset" 5801
"../../../Engine/Content/EngineMaterials/Substrate/GLints/dict_16_192_64_0p5_0p02_0044_0003.uexp" 5802
"../../../Engine/Content/EngineMaterials/Substrate/GLints/dict_16_192_64_0p5_0p02_0044_0003.uasset" 5803
"../../../Engine/Content/EngineMaterials/Substrate/GLints/dict_16_192_64_0p5_0p02_0038_0010.uexp" 5804
"../../../Engine/Content/EngineMaterials/Substrate/GLints/dict_16_192_64_0p5_0p02_0038_0010.uasset" 5805
"../../../Engine/Content/EngineMaterials/Substrate/GLints/dict_16_192_64_0p5_0p02_0018_0003.uexp" 5806
"../../../Engine/Content/EngineMaterials/Substrate/GLints/dict_16_192_64_0p5_0p02_0018_0003.uasset" 5807
"../../../Engine/Content/EngineMaterials/Substrate/GLints/dict_16_192_64_0p5_0p02_0010_0013.uasset" 5808
"../../../Engine/Content/EngineMaterials/Substrate/GLints/dict_16_192_64_0p5_0p02_0010_0013.uexp" 5809
"../../../Engine/Content/EngineMaterials/Substrate/GLints/dict_16_192_64_0p5_0p02_0035_0013.uexp" 5810
"../../../Engine/Content/EngineMaterials/Substrate/GLints/dict_16_192_64_0p5_0p02_0035_0013.uasset" 5811
"../../../Engine/Content/EngineMaterials/Substrate/GLints/dict_16_192_64_0p5_0p02_0007_0015.uexp" 5812
"../../../Engine/Content/EngineMaterials/Substrate/GLints/dict_16_192_64_0p5_0p02_0007_0015.uasset" 5813
"../../../Engine/Content/EngineMaterials/Substrate/GLints/dict_16_192_64_0p5_0p02_0012_0006.uasset" 5814
"../../../Engine/Content/EngineMaterials/Substrate/GLints/dict_16_192_64_0p5_0p02_0012_0006.uexp" 5815
"../../../Engine/Content/EngineMaterials/Substrate/GLints/dict_16_192_64_0p5_0p02_0056_0001.uasset" 5816
"../../../Engine/Content/EngineMaterials/Substrate/GLints/dict_16_192_64_0p5_0p02_0056_0001.uexp" 5817
"../../../Engine/Content/EngineMaterials/Substrate/GLints/dict_16_192_64_0p5_0p02_0042_0007.uasset" 5818
"../../../Engine/Content/EngineMaterials/Substrate/GLints/dict_16_192_64_0p5_0p02_0042_0007.uexp" 5819
"../../../Engine/Content/EngineMaterials/Substrate/GLints/dict_16_192_64_0p5_0p02_0045_0005.uexp" 5820
"../../../Engine/Content/EngineMaterials/Substrate/GLints/dict_16_192_64_0p5_0p02_0045_0005.uasset" 5821
"../../../Engine/Content/EngineMaterials/Substrate/GLints/dict_16_192_64_0p5_0p02_0054_0013.uasset" 5822
"../../../Engine/Content/EngineMaterials/Substrate/GLints/dict_16_192_64_0p5_0p02_0054_0013.uexp" 5823
"../../../Engine/Content/EngineMaterials/Substrate/GLints/dict_16_192_64_0p5_0p02_0022_0005.uasset" 5824
"../../../Engine/Content/EngineMaterials/Substrate/GLints/dict_16_192_64_0p5_0p02_0022_0005.uexp" 5825
"../../../Engine/Content/EngineMaterials/Substrate/GLints/dict_16_192_64_0p5_0p02_0020_0004.uasset" 5826
"../../../Engine/Content/EngineMaterials/Substrate/GLints/dict_16_192_64_0p5_0p02_0020_0004.uexp" 5827
"../../../Engine/Content/EngineMaterials/Substrate/GLints/dict_16_192_64_0p5_0p02_0035_0008.uexp" 5828
"../../../Engine/Content/EngineMaterials/Substrate/GLints/dict_16_192_64_0p5_0p02_0035_0008.uasset" 5829
"../../../Engine/Content/EngineMaterials/Substrate/GLints/dict_16_192_64_0p5_0p02_0053_0014.uasset" 5830
"../../../Engine/Content/EngineMaterials/Substrate/GLints/dict_16_192_64_0p5_0p02_0053_0014.uexp" 5831
"../../../Engine/Content/EngineMaterials/Substrate/GLints/dict_16_192_64_0p5_0p02_0036_0008.uasset" 5832
"../../../Engine/Content/EngineMaterials/Substrate/GLints/dict_16_192_64_0p5_0p02_0036_0008.uexp" 5833
"../../../Engine/Content/EngineMaterials/Substrate/GLints/dict_16_192_64_0p5_0p02_0061_0015.uexp" 5834
"../../../Engine/Content/EngineMaterials/Substrate/GLints/dict_16_192_64_0p5_0p02_0061_0015.uasset" 5835
"../../../Engine/Content/EngineMaterials/Substrate/GLints/dict_16_192_64_0p5_0p02_0009_0007.uexp" 5836
"../../../Engine/Content/EngineMaterials/Substrate/GLints/dict_16_192_64_0p5_0p02_0009_0007.uasset" 5837
"../../../Engine/Content/EngineMaterials/Substrate/GLints/dict_16_192_64_0p5_0p02_0027_0010.uasset" 5838
"../../../Engine/Content/EngineMaterials/Substrate/GLints/dict_16_192_64_0p5_0p02_0027_0010.uexp" 5839
"../../../Engine/Content/EngineMaterials/Substrate/GLints/dict_16_192_64_0p5_0p02_0049_0009.uexp" 5840
"../../../Engine/Content/EngineMaterials/Substrate/GLints/dict_16_192_64_0p5_0p02_0049_0009.uasset" 5841
"../../../Engine/Content/EngineMaterials/Substrate/GLints/dict_16_192_64_0p5_0p02_0063_0003.uasset" 5842
"../../../Engine/Content/EngineMaterials/Substrate/GLints/dict_16_192_64_0p5_0p02_0063_0003.uexp" 5843
"../../../Engine/Content/EngineMaterials/Substrate/GLints/dict_16_192_64_0p5_0p02_0053_0012.uasset" 5844
"../../../Engine/Content/EngineMaterials/Substrate/GLints/dict_16_192_64_0p5_0p02_0053_0012.uexp" 5845
"../../../Engine/Content/EngineMaterials/Substrate/GLints/dict_16_192_64_0p5_0p02_0024_0003.uasset" 5846
"../../../Engine/Content/EngineMaterials/Substrate/GLints/dict_16_192_64_0p5_0p02_0024_0003.uexp" 5847
"../../../Engine/Content/EngineMaterials/Substrate/GLints/dict_16_192_64_0p5_0p02_0007_0008.uasset" 5848
"../../../Engine/Content/EngineMaterials/Substrate/GLints/dict_16_192_64_0p5_0p02_0007_0008.uexp" 5849
"../../../Engine/Content/EngineMaterials/Substrate/GLints/dict_16_192_64_0p5_0p02_0020_0011.uexp" 5850
"../../../Engine/Content/EngineMaterials/Substrate/GLints/dict_16_192_64_0p5_0p02_0020_0011.uasset" 5851
"../../../Engine/Content/EngineMaterials/Substrate/GLints/dict_16_192_64_0p5_0p02_0035_0004.uexp" 5852
"../../../Engine/Content/EngineMaterials/Substrate/GLints/dict_16_192_64_0p5_0p02_0035_0004.uasset" 5853
"../../../Engine/Content/EngineMaterials/Substrate/GLints/dict_16_192_64_0p5_0p02_0032_0012.uexp" 5854
"../../../Engine/Content/EngineMaterials/Substrate/GLints/dict_16_192_64_0p5_0p02_0032_0012.uasset" 5855
"../../../Engine/Content/EngineMaterials/Substrate/GLints/dict_16_192_64_0p5_0p02_0004_0013.uexp" 5856
"../../../Engine/Content/EngineMaterials/Substrate/GLints/dict_16_192_64_0p5_0p02_0004_0013.uasset" 5857
"../../../Engine/Content/EngineMaterials/Substrate/GLints/dict_16_192_64_0p5_0p02_0047_0002.uasset" 5858
"../../../Engine/Content/EngineMaterials/Substrate/GLints/dict_16_192_64_0p5_0p02_0047_0002.uexp" 5859
"../../../Engine/Content/EngineMaterials/Substrate/GLints/dict_16_192_64_0p5_0p02_0015_0002.uexp" 5860
"../../../Engine/Content/EngineMaterials/Substrate/GLints/dict_16_192_64_0p5_0p02_0015_0002.uasset" 5861
"../../../Engine/Content/EngineMaterials/Substrate/GLints/dict_16_192_64_0p5_0p02_0018_0012.uasset" 5862
"../../../Engine/Content/EngineMaterials/Substrate/GLints/dict_16_192_64_0p5_0p02_0018_0012.uexp" 5863
"../../../Engine/Content/EngineMaterials/Substrate/GLints/dict_16_192_64_0p5_0p02_0010_0000.uexp" 5864
"../../../Engine/Content/EngineMaterials/Substrate/GLints/dict_16_192_64_0p5_0p02_0010_0000.uasset" 5865
"../../../Engine/Content/EngineMaterials/Substrate/GLints/dict_16_192_64_0p5_0p02_0045_0002.uexp" 5866
"../../../Engine/Content/EngineMaterials/Substrate/GLints/dict_16_192_64_0p5_0p02_0045_0002.uasset" 5867
"../../../Engine/Content/EngineMaterials/Substrate/GLints/dict_16_192_64_0p5_0p02_0050_0008.uexp" 5868
"../../../Engine/Content/EngineMaterials/Substrate/GLints/dict_16_192_64_0p5_0p02_0050_0008.uasset" 5869
"../../../Engine/Content/EngineMaterials/Substrate/GLints/dict_16_192_64_0p5_0p02_0051_0005.uasset" 5870
"../../../Engine/Content/EngineMaterials/Substrate/GLints/dict_16_192_64_0p5_0p02_0051_0005.uexp" 5871
"../../../Engine/Content/EngineMaterials/Substrate/GLints/dict_16_192_64_0p5_0p02_0035_0001.uexp" 5872
"../../../Engine/Content/EngineMaterials/Substrate/GLints/dict_16_192_64_0p5_0p02_0035_0001.uasset" 5873
"../../../Engine/Content/EngineMaterials/Substrate/GLints/dict_16_192_64_0p5_0p02_0020_0007.uasset" 5874
"../../../Engine/Content/EngineMaterials/Substrate/GLints/dict_16_192_64_0p5_0p02_0020_0007.uexp" 5875
"../../../Engine/Content/EngineMaterials/Substrate/GLints/dict_16_192_64_0p5_0p02_0024_0009.uasset" 5876
"../../../Engine/Content/EngineMaterials/Substrate/GLints/dict_16_192_64_0p5_0p02_0024_0009.uexp" 5877
"../../../Engine/Content/EngineMaterials/Substrate/GLints/dict_16_192_64_0p5_0p02_0003_0000.uexp" 5878
"../../../Engine/Content/EngineMaterials/Substrate/GLints/dict_16_192_64_0p5_0p02_0003_0000.uasset" 5879
"../../../Engine/Content/EngineMaterials/Substrate/GLints/dict_16_192_64_0p5_0p02_0058_0002.uexp" 5880
"../../../Engine/Content/EngineMaterials/Substrate/GLints/dict_16_192_64_0p5_0p02_0058_0002.uasset" 5881
"../../../Engine/Content/EngineMaterials/Substrate/GLints/dict_16_192_64_0p5_0p02_0040_0003.uasset" 5882
"../../../Engine/Content/EngineMaterials/Substrate/GLints/dict_16_192_64_0p5_0p02_0040_0003.uexp" 5883
"../../../Engine/Content/EngineMaterials/Substrate/GLints/dict_16_192_64_0p5_0p02_0006_0008.uexp" 5884
"../../../Engine/Content/EngineMaterials/Substrate/GLints/dict_16_192_64_0p5_0p02_0006_0008.uasset" 5885
"../../../Engine/Content/EngineMaterials/Substrate/GLints/dict_16_192_64_0p5_0p02_0042_0000.uexp" 5886
"../../../Engine/Content/EngineMaterials/Substrate/GLints/dict_16_192_64_0p5_0p02_0042_0000.uasset" 5887
"../../../Engine/Content/EngineMaterials/Substrate/GLints/dict_16_192_64_0p5_0p02_0058_0014.uexp" 5888
"../../../Engine/Content/EngineMaterials/Substrate/GLints/dict_16_192_64_0p5_0p02_0058_0014.uasset" 5889
"../../../Engine/Content/EngineMaterials/Substrate/GLints/dict_16_192_64_0p5_0p02_0053_0015.uexp" 5890
"../../../Engine/Content/EngineMaterials/Substrate/GLints/dict_16_192_64_0p5_0p02_0053_0015.uasset" 5891
"../../../Engine/Content/EngineMaterials/Substrate/GLints/dict_16_192_64_0p5_0p02_0060_0004.uexp" 5892
"../../../Engine/Content/EngineMaterials/Substrate/GLints/dict_16_192_64_0p5_0p02_0060_0004.uasset" 5893
"../../../Engine/Content/EngineMaterials/Substrate/GLints/dict_16_192_64_0p5_0p02_0015_0006.uexp" 5894
"../../../Engine/Content/EngineMaterials/Substrate/GLints/dict_16_192_64_0p5_0p02_0015_0006.uasset" 5895
"../../../Engine/Content/EngineMaterials/Substrate/GLints/dict_16_192_64_0p5_0p02_0017_0009.uasset" 5896
"../../../Engine/Content/EngineMaterials/Substrate/GLints/dict_16_192_64_0p5_0p02_0017_0009.uexp" 5897
"../../../Engine/Content/EngineMaterials/Substrate/GLints/dict_16_192_64_0p5_0p02_0043_0014.uexp" 5898
"../../../Engine/Content/EngineMaterials/Substrate/GLints/dict_16_192_64_0p5_0p02_0043_0014.uasset" 5899
"../../../Engine/Content/EngineMaterials/Substrate/GLints/dict_16_192_64_0p5_0p02_0022_0000.uexp" 5900
"../../../Engine/Content/EngineMaterials/Substrate/GLints/dict_16_192_64_0p5_0p02_0022_0000.uasset" 5901
"../../../Engine/Content/EngineMaterials/Substrate/GLints/dict_16_192_64_0p5_0p02_0054_0002.uexp" 5902
"../../../Engine/Content/EngineMaterials/Substrate/GLints/dict_16_192_64_0p5_0p02_0054_0002.uasset" 5903
"../../../Engine/Content/EngineMaterials/Substrate/GLints/dict_16_192_64_0p5_0p02_0040_0012.uasset" 5904
"../../../Engine/Content/EngineMaterials/Substrate/GLints/dict_16_192_64_0p5_0p02_0040_0012.uexp" 5905
"../../../Engine/Content/EngineMaterials/Substrate/GLints/dict_16_192_64_0p5_0p02_0056_0009.uexp" 5906
"../../../Engine/Content/EngineMaterials/Substrate/GLints/dict_16_192_64_0p5_0p02_0056_0009.uasset" 5907
"../../../Engine/Content/EngineMaterials/Substrate/GLints/dict_16_192_64_0p5_0p02_0000_0004.uexp" 5908
"../../../Engine/Content/EngineMaterials/Substrate/GLints/dict_16_192_64_0p5_0p02_0000_0004.uasset" 5909
"../../../Engine/Content/EngineMaterials/Substrate/GLints/dict_16_192_64_0p5_0p02_0000_0002.uexp" 5910
"../../../Engine/Content/EngineMaterials/Substrate/GLints/dict_16_192_64_0p5_0p02_0000_0002.uasset" 5911
"../../../Engine/Content/EngineMaterials/Substrate/GLints/dict_16_192_64_0p5_0p02_0052_0004.uexp" 5912
"../../../Engine/Content/EngineMaterials/Substrate/GLints/dict_16_192_64_0p5_0p02_0052_0004.uasset" 5913
"../../../Engine/Content/EngineMaterials/Substrate/GLints/dict_16_192_64_0p5_0p02_0003_0008.uasset" 5914
"../../../Engine/Content/EngineMaterials/Substrate/GLints/dict_16_192_64_0p5_0p02_0003_0008.uexp" 5915
"../../../Engine/Content/EngineMaterials/Substrate/GLints/dict_16_192_64_0p5_0p02_0029_0014.uasset" 5916
"../../../Engine/Content/EngineMaterials/Substrate/GLints/dict_16_192_64_0p5_0p02_0029_0014.uexp" 5917
"../../../Engine/Content/EngineMaterials/Substrate/GLints/dict_16_192_64_0p5_0p02_0016_0012.uexp" 5918
"../../../Engine/Content/EngineMaterials/Substrate/GLints/dict_16_192_64_0p5_0p02_0016_0012.uasset" 5919
"../../../Engine/Content/EngineMaterials/Substrate/GLints/dict_16_192_64_0p5_0p02_0023_0014.uasset" 5920
"../../../Engine/Content/EngineMaterials/Substrate/GLints/dict_16_192_64_0p5_0p02_0023_0014.uexp" 5921
"../../../Engine/Content/EngineMaterials/Substrate/GLints/dict_16_192_64_0p5_0p02_0057_0004.uexp" 5922
"../../../Engine/Content/EngineMaterials/Substrate/GLints/dict_16_192_64_0p5_0p02_0057_0004.uasset" 5923
"../../../Engine/Content/EngineMaterials/Substrate/GLints/dict_16_192_64_0p5_0p02_0033_0006.uasset" 5924
"../../../Engine/Content/EngineMaterials/Substrate/GLints/dict_16_192_64_0p5_0p02_0033_0006.uexp" 5925
"../../../Engine/Content/EngineMaterials/Substrate/GLints/dict_16_192_64_0p5_0p02_0045_0000.uasset" 5926
"../../../Engine/Content/EngineMaterials/Substrate/GLints/dict_16_192_64_0p5_0p02_0045_0000.uexp" 5927
"../../../Engine/Content/EngineMaterials/Substrate/GLints/dict_16_192_64_0p5_0p02_0053_0002.uasset" 5928
"../../../Engine/Content/EngineMaterials/Substrate/GLints/dict_16_192_64_0p5_0p02_0053_0002.uexp" 5929
"../../../Engine/Content/EngineMaterials/Substrate/GLints/dict_16_192_64_0p5_0p02_0002_0003.uasset" 5930
"../../../Engine/Content/EngineMaterials/Substrate/GLints/dict_16_192_64_0p5_0p02_0002_0003.uexp" 5931
"../../../Engine/Content/EngineMaterials/Substrate/GLints/dict_16_192_64_0p5_0p02_0026_0012.uasset" 5932
"../../../Engine/Content/EngineMaterials/Substrate/GLints/dict_16_192_64_0p5_0p02_0026_0012.uexp" 5933
"../../../Engine/Content/EngineMaterials/Substrate/GLints/dict_16_192_64_0p5_0p02_0052_0006.uexp" 5934
"../../../Engine/Content/EngineMaterials/Substrate/GLints/dict_16_192_64_0p5_0p02_0052_0006.uasset" 5935
"../../../Engine/Content/EngineMaterials/Substrate/GLints/dict_16_192_64_0p5_0p02_0003_0007.uasset" 5936
"../../../Engine/Content/EngineMaterials/Substrate/GLints/dict_16_192_64_0p5_0p02_0003_0007.uexp" 5937
"../../../Engine/Content/EngineMaterials/Substrate/GLints/dict_16_192_64_0p5_0p02_0015_0011.uasset" 5938
"../../../Engine/Content/EngineMaterials/Substrate/GLints/dict_16_192_64_0p5_0p02_0015_0011.uexp" 5939
"../../../Engine/Content/EngineMaterials/Substrate/GLints/dict_16_192_64_0p5_0p02_0054_0004.uexp" 5940
"../../../Engine/Content/EngineMaterials/Substrate/GLints/dict_16_192_64_0p5_0p02_0054_0004.uasset" 5941
"../../../Engine/Content/EngineMaterials/Substrate/GLints/dict_16_192_64_0p5_0p02_0055_0007.uexp" 5942
"../../../Engine/Content/EngineMaterials/Substrate/GLints/dict_16_192_64_0p5_0p02_0055_0007.uasset" 5943
"../../../Engine/Content/EngineMaterials/Substrate/GLints/dict_16_192_64_0p5_0p02_0021_0015.uasset" 5944
"../../../Engine/Content/EngineMaterials/Substrate/GLints/dict_16_192_64_0p5_0p02_0021_0015.uexp" 5945
"../../../Engine/Content/EngineMaterials/Substrate/GLints/dict_16_192_64_0p5_0p02_0061_0010.uasset" 5946
"../../../Engine/Content/EngineMaterials/Substrate/GLints/dict_16_192_64_0p5_0p02_0061_0010.uexp" 5947
"../../../Engine/Content/EngineMaterials/Substrate/GLints/dict_16_192_64_0p5_0p02_0036_0004.uasset" 5948
"../../../Engine/Content/EngineMaterials/Substrate/GLints/dict_16_192_64_0p5_0p02_0036_0004.uexp" 5949
"../../../Engine/Content/EngineMaterials/Substrate/GLints/dict_16_192_64_0p5_0p02_0039_0013.uexp" 5950
"../../../Engine/Content/EngineMaterials/Substrate/GLints/dict_16_192_64_0p5_0p02_0039_0013.uasset" 5951
"../../../Engine/Content/EngineMaterials/Substrate/GLints/dict_16_192_64_0p5_0p02_0025_0013.uexp" 5952
"../../../Engine/Content/EngineMaterials/Substrate/GLints/dict_16_192_64_0p5_0p02_0025_0013.uasset" 5953
"../../../Engine/Content/EngineMaterials/Substrate/GLints/dict_16_192_64_0p5_0p02_0005_0002.uexp" 5954
"../../../Engine/Content/EngineMaterials/Substrate/GLints/dict_16_192_64_0p5_0p02_0005_0002.uasset" 5955
"../../../Engine/Content/EngineMaterials/Substrate/GLints/dict_16_192_64_0p5_0p02_0012_0011.uexp" 5956
"../../../Engine/Content/EngineMaterials/Substrate/GLints/dict_16_192_64_0p5_0p02_0012_0011.uasset" 5957
"../../../Engine/Content/EngineMaterials/Substrate/GLints/dict_16_192_64_0p5_0p02_0016_0008.uexp" 5958
"../../../Engine/Content/EngineMaterials/Substrate/GLints/dict_16_192_64_0p5_0p02_0016_0008.uasset" 5959
"../../../Engine/Content/EngineMaterials/Substrate/GLints/dict_16_192_64_0p5_0p02_0061_0012.uasset" 5960
"../../../Engine/Content/EngineMaterials/Substrate/GLints/dict_16_192_64_0p5_0p02_0061_0012.uexp" 5961
"../../../Engine/Content/EngineMaterials/Substrate/GLints/dict_16_192_64_0p5_0p02_0034_0002.uexp" 5962
"../../../Engine/Content/EngineMaterials/Substrate/GLints/dict_16_192_64_0p5_0p02_0034_0002.uasset" 5963
"../../../Engine/Content/EngineMaterials/Substrate/GLints/dict_16_192_64_0p5_0p02_0010_0001.uasset" 5964
"../../../Engine/Content/EngineMaterials/Substrate/GLints/dict_16_192_64_0p5_0p02_0010_0001.uexp" 5965
"../../../Engine/Content/EngineMaterials/Substrate/GLints/dict_16_192_64_0p5_0p02_0025_0010.uasset" 5966
"../../../Engine/Content/EngineMaterials/Substrate/GLints/dict_16_192_64_0p5_0p02_0025_0010.uexp" 5967
"../../../Engine/Content/EngineMaterials/Substrate/GLints/dict_16_192_64_0p5_0p02_0049_0000.uasset" 5968
"../../../Engine/Content/EngineMaterials/Substrate/GLints/dict_16_192_64_0p5_0p02_0049_0000.uexp" 5969
"../../../Engine/Content/EngineMaterials/Substrate/GLints/dict_16_192_64_0p5_0p02_0057_0011.uasset" 5970
"../../../Engine/Content/EngineMaterials/Substrate/GLints/dict_16_192_64_0p5_0p02_0057_0011.uexp" 5971
"../../../Engine/Content/EngineMaterials/Substrate/GLints/dict_16_192_64_0p5_0p02_0056_0005.uexp" 5972
"../../../Engine/Content/EngineMaterials/Substrate/GLints/dict_16_192_64_0p5_0p02_0056_0005.uasset" 5973
"../../../Engine/Content/EngineMaterials/Substrate/GLints/dict_16_192_64_0p5_0p02_0001_0015.uexp" 5974
"../../../Engine/Content/EngineMaterials/Substrate/GLints/dict_16_192_64_0p5_0p02_0001_0015.uasset" 5975
"../../../Engine/Content/EngineMaterials/Substrate/GLints/dict_16_192_64_0p5_0p02_0052_0005.uasset" 5976
"../../../Engine/Content/EngineMaterials/Substrate/GLints/dict_16_192_64_0p5_0p02_0052_0005.uexp" 5977
"../../../Engine/Content/EngineMaterials/Substrate/GLints/dict_16_192_64_0p5_0p02_0031_0006.uexp" 5978
"../../../Engine/Content/EngineMaterials/Substrate/GLints/dict_16_192_64_0p5_0p02_0031_0006.uasset" 5979
"../../../Engine/Content/EngineMaterials/Substrate/GLints/dict_16_192_64_0p5_0p02_0022_0009.uasset" 5980
"../../../Engine/Content/EngineMaterials/Substrate/GLints/dict_16_192_64_0p5_0p02_0022_0009.uexp" 5981
"../../../Engine/Content/EngineMaterials/Substrate/GLints/dict_16_192_64_0p5_0p02_0005_0004.uasset" 5982
"../../../Engine/Content/EngineMaterials/Substrate/GLints/dict_16_192_64_0p5_0p02_0005_0004.uexp" 5983
"../../../Engine/Content/EngineMaterials/Substrate/GLints/dict_16_192_64_0p5_0p02_0025_0003.uasset" 5984
"../../../Engine/Content/EngineMaterials/Substrate/GLints/dict_16_192_64_0p5_0p02_0025_0003.uexp" 5985
"../../../Engine/Content/EngineMaterials/Substrate/GLints/dict_16_192_64_0p5_0p02_0016_0011.uexp" 5986
"../../../Engine/Content/EngineMaterials/Substrate/GLints/dict_16_192_64_0p5_0p02_0016_0011.uasset" 5987
"../../../Engine/Content/EngineMaterials/Substrate/GLints/dict_16_192_64_0p5_0p02_0043_0002.uexp" 5988
"../../../Engine/Content/EngineMaterials/Substrate/GLints/dict_16_192_64_0p5_0p02_0043_0002.uasset" 5989
"../../../Engine/Content/EngineMaterials/Substrate/GLints/dict_16_192_64_0p5_0p02_0012_0001.uexp" 5990
"../../../Engine/Content/EngineMaterials/Substrate/GLints/dict_16_192_64_0p5_0p02_0012_0001.uasset" 5991
"../../../Engine/Content/EngineMaterials/Substrate/GLints/dict_16_192_64_0p5_0p02_0012_0002.uasset" 5992
"../../../Engine/Content/EngineMaterials/Substrate/GLints/dict_16_192_64_0p5_0p02_0012_0002.uexp" 5993
"../../../Engine/Content/EngineMaterials/Substrate/GLints/dict_16_192_64_0p5_0p02_0023_0010.uasset" 5994
"../../../Engine/Content/EngineMaterials/Substrate/GLints/dict_16_192_64_0p5_0p02_0023_0010.uexp" 5995
"../../../Engine/Content/EngineMaterials/Substrate/GLints/dict_16_192_64_0p5_0p02_0043_0006.uasset" 5996
"../../../Engine/Content/EngineMaterials/Substrate/GLints/dict_16_192_64_0p5_0p02_0043_0006.uexp" 5997
"../../../Engine/Content/EngineMaterials/Substrate/GLints/dict_16_192_64_0p5_0p02_0033_0008.uexp" 5998
"../../../Engine/Content/EngineMaterials/Substrate/GLints/dict_16_192_64_0p5_0p02_0033_0008.uasset" 5999
"../../../Engine/Content/EngineMaterials/Substrate/GLints/dict_16_192_64_0p5_0p02_0034_0009.uasset" 6000
"../../../Engine/Content/EngineMaterials/Substrate/GLints/dict_16_192_64_0p5_0p02_0034_0009.uexp" 6001
"../../../Engine/Content/EngineMaterials/Substrate/GLints/dict_16_192_64_0p5_0p02_0063_0011.uasset" 6002
"../../../Engine/Content/EngineMaterials/Substrate/GLints/dict_16_192_64_0p5_0p02_0063_0011.uexp" 6003
"../../../Engine/Content/EngineMaterials/Substrate/GLints/dict_16_192_64_0p5_0p02_0017_0001.uexp" 6004
"../../../Engine/Content/EngineMaterials/Substrate/GLints/dict_16_192_64_0p5_0p02_0017_0001.uasset" 6005
"../../../Engine/Content/EngineMaterials/Substrate/GLints/dict_16_192_64_0p5_0p02_0022_0002.uexp" 6006
"../../../Engine/Content/EngineMaterials/Substrate/GLints/dict_16_192_64_0p5_0p02_0022_0002.uasset" 6007
"../../../Engine/Content/EngineMaterials/Substrate/GLints/dict_16_192_64_0p5_0p02_0042_0002.uexp" 6008
"../../../Engine/Content/EngineMaterials/Substrate/GLints/dict_16_192_64_0p5_0p02_0042_0002.uasset" 6009
"../../../Engine/Content/EngineMaterials/Substrate/GLints/dict_16_192_64_0p5_0p02_0052_0001.uasset" 6010
"../../../Engine/Content/EngineMaterials/Substrate/GLints/dict_16_192_64_0p5_0p02_0052_0001.uexp" 6011
"../../../Engine/Content/EngineMaterials/Substrate/GLints/dict_16_192_64_0p5_0p02_0044_0013.uexp" 6012
"../../../Engine/Content/EngineMaterials/Substrate/GLints/dict_16_192_64_0p5_0p02_0044_0013.uasset" 6013
"../../../Engine/Content/EngineMaterials/Substrate/GLints/dict_16_192_64_0p5_0p02_0051_0011.uasset" 6014
"../../../Engine/Content/EngineMaterials/Substrate/GLints/dict_16_192_64_0p5_0p02_0051_0011.uexp" 6015
"../../../Engine/Content/EngineMaterials/Substrate/GLints/dict_16_192_64_0p5_0p02_0029_0004.uasset" 6016
"../../../Engine/Content/EngineMaterials/Substrate/GLints/dict_16_192_64_0p5_0p02_0029_0004.uexp" 6017
"../../../Engine/Content/EngineMaterials/Substrate/GLints/dict_16_192_64_0p5_0p02_0031_0004.uasset" 6018
"../../../Engine/Content/EngineMaterials/Substrate/GLints/dict_16_192_64_0p5_0p02_0031_0004.uexp" 6019
"../../../Engine/Content/EngineMaterials/Substrate/GLints/dict_16_192_64_0p5_0p02_0045_0004.uasset" 6020
"../../../Engine/Content/EngineMaterials/Substrate/GLints/dict_16_192_64_0p5_0p02_0045_0004.uexp" 6021
"../../../Engine/Content/EngineMaterials/Substrate/GLints/dict_16_192_64_0p5_0p02_0049_0004.uasset" 6022
"../../../Engine/Content/EngineMaterials/Substrate/GLints/dict_16_192_64_0p5_0p02_0049_0004.uexp" 6023
"../../../Engine/Content/EngineMaterials/Substrate/GLints/dict_16_192_64_0p5_0p02_0026_0003.uexp" 6024
"../../../Engine/Content/EngineMaterials/Substrate/GLints/dict_16_192_64_0p5_0p02_0026_0003.uasset" 6025
"../../../Engine/Content/EngineMaterials/Substrate/GLints/dict_16_192_64_0p5_0p02_0057_0001.uasset" 6026
"../../../Engine/Content/EngineMaterials/Substrate/GLints/dict_16_192_64_0p5_0p02_0057_0001.uexp" 6027
"../../../Engine/Content/EngineMaterials/Substrate/GLints/dict_16_192_64_0p5_0p02_0008_0013.uasset" 6028
"../../../Engine/Content/EngineMaterials/Substrate/GLints/dict_16_192_64_0p5_0p02_0008_0013.uexp" 6029
"../../../Engine/Content/EngineMaterials/Substrate/GLints/dict_16_192_64_0p5_0p02_0043_0012.uasset" 6030
"../../../Engine/Content/EngineMaterials/Substrate/GLints/dict_16_192_64_0p5_0p02_0043_0012.uexp" 6031
"../../../Engine/Content/EngineMaterials/Substrate/GLints/dict_16_192_64_0p5_0p02_0059_0003.uasset" 6032
"../../../Engine/Content/EngineMaterials/Substrate/GLints/dict_16_192_64_0p5_0p02_0059_0003.uexp" 6033
"../../../Engine/Content/EngineMaterials/Substrate/GLints/dict_16_192_64_0p5_0p02_0031_0015.uasset" 6034
"../../../Engine/Content/EngineMaterials/Substrate/GLints/dict_16_192_64_0p5_0p02_0031_0015.uexp" 6035
"../../../Engine/Content/EngineMaterials/Substrate/GLints/dict_16_192_64_0p5_0p02_0000_0015.uexp" 6036
"../../../Engine/Content/EngineMaterials/Substrate/GLints/dict_16_192_64_0p5_0p02_0000_0015.uasset" 6037
"../../../Engine/Content/EngineMaterials/Substrate/GLints/dict_16_192_64_0p5_0p02_0004_0002.uasset" 6038
"../../../Engine/Content/EngineMaterials/Substrate/GLints/dict_16_192_64_0p5_0p02_0004_0002.uexp" 6039
"../../../Engine/Content/EngineMaterials/Substrate/GLints/dict_16_192_64_0p5_0p02_0032_0001.uasset" 6040
"../../../Engine/Content/EngineMaterials/Substrate/GLints/dict_16_192_64_0p5_0p02_0032_0001.uexp" 6041
"../../../Engine/Content/EngineMaterials/Substrate/GLints/dict_16_192_64_0p5_0p02_0006_0006.uasset" 6042
"../../../Engine/Content/EngineMaterials/Substrate/GLints/dict_16_192_64_0p5_0p02_0006_0006.uexp" 6043
"../../../Engine/Content/EngineMaterials/Substrate/GLints/dict_16_192_64_0p5_0p02_0035_0014.uasset" 6044
"../../../Engine/Content/EngineMaterials/Substrate/GLints/dict_16_192_64_0p5_0p02_0035_0014.uexp" 6045
"../../../Engine/Content/EngineMaterials/Substrate/GLints/dict_16_192_64_0p5_0p02_0013_0002.uexp" 6046
"../../../Engine/Content/EngineMaterials/Substrate/GLints/dict_16_192_64_0p5_0p02_0013_0002.uasset" 6047
"../../../Engine/Content/EngineMaterials/Substrate/GLints/dict_16_192_64_0p5_0p02_0034_0007.uasset" 6048
"../../../Engine/Content/EngineMaterials/Substrate/GLints/dict_16_192_64_0p5_0p02_0034_0007.uexp" 6049
"../../../Engine/Content/EngineMaterials/Substrate/GLints/dict_16_192_64_0p5_0p02_0008_0011.uexp" 6050
"../../../Engine/Content/EngineMaterials/Substrate/GLints/dict_16_192_64_0p5_0p02_0008_0011.uasset" 6051
"../../../Engine/Content/EngineMaterials/Substrate/GLints/dict_16_192_64_0p5_0p02_0013_0004.uexp" 6052
"../../../Engine/Content/EngineMaterials/Substrate/GLints/dict_16_192_64_0p5_0p02_0013_0004.uasset" 6053
"../../../Engine/Content/EngineMaterials/Substrate/GLints/dict_16_192_64_0p5_0p02_0014_0005.uexp" 6054
"../../../Engine/Content/EngineMaterials/Substrate/GLints/dict_16_192_64_0p5_0p02_0014_0005.uasset" 6055
"../../../Engine/Content/EngineMaterials/Substrate/GLints/dict_16_192_64_0p5_0p02_0029_0007.uexp" 6056
"../../../Engine/Content/EngineMaterials/Substrate/GLints/dict_16_192_64_0p5_0p02_0029_0007.uasset" 6057
"../../../Engine/Content/EngineMaterials/Substrate/GLints/dict_16_192_64_0p5_0p02_0043_0008.uexp" 6058
"../../../Engine/Content/EngineMaterials/Substrate/GLints/dict_16_192_64_0p5_0p02_0043_0008.uasset" 6059
"../../../Engine/Content/EngineMaterials/Substrate/GLints/dict_16_192_64_0p5_0p02_0047_0015.uasset" 6060
"../../../Engine/Content/EngineMaterials/Substrate/GLints/dict_16_192_64_0p5_0p02_0047_0015.uexp" 6061
"../../../Engine/Content/EngineMaterials/Substrate/GLints/dict_16_192_64_0p5_0p02_0059_0015.uasset" 6062
"../../../Engine/Content/EngineMaterials/Substrate/GLints/dict_16_192_64_0p5_0p02_0059_0015.uexp" 6063
"../../../Engine/Content/EngineMaterials/Substrate/GLints/dict_16_192_64_0p5_0p02_0048_0006.uasset" 6064
"../../../Engine/Content/EngineMaterials/Substrate/GLints/dict_16_192_64_0p5_0p02_0048_0006.uexp" 6065
"../../../Engine/Content/EngineMaterials/Substrate/GLints/dict_16_192_64_0p5_0p02_0041_0012.uexp" 6066
"../../../Engine/Content/EngineMaterials/Substrate/GLints/dict_16_192_64_0p5_0p02_0041_0012.uasset" 6067
"../../../Engine/Content/EngineMaterials/Substrate/GLints/dict_16_192_64_0p5_0p02_0007_0011.uexp" 6068
"../../../Engine/Content/EngineMaterials/Substrate/GLints/dict_16_192_64_0p5_0p02_0007_0011.uasset" 6069
"../../../Engine/Content/EngineMaterials/Substrate/GLints/dict_16_192_64_0p5_0p02_0016_0015.uasset" 6070
"../../../Engine/Content/EngineMaterials/Substrate/GLints/dict_16_192_64_0p5_0p02_0016_0015.uexp" 6071
"../../../Engine/Content/EngineMaterials/Substrate/GLints/dict_16_192_64_0p5_0p02_0049_0005.uexp" 6072
"../../../Engine/Content/EngineMaterials/Substrate/GLints/dict_16_192_64_0p5_0p02_0049_0005.uasset" 6073
"../../../Engine/Content/EngineMaterials/Substrate/GLints/dict_16_192_64_0p5_0p02_0048_0003.uexp" 6074
"../../../Engine/Content/EngineMaterials/Substrate/GLints/dict_16_192_64_0p5_0p02_0048_0003.uasset" 6075
"../../../Engine/Content/EngineMaterials/Substrate/GLints/dict_16_192_64_0p5_0p02_0059_0001.uexp" 6076
"../../../Engine/Content/EngineMaterials/Substrate/GLints/dict_16_192_64_0p5_0p02_0059_0001.uasset" 6077
"../../../Engine/Content/EngineMaterials/Substrate/GLints/dict_16_192_64_0p5_0p02_0024_0011.uexp" 6078
"../../../Engine/Content/EngineMaterials/Substrate/GLints/dict_16_192_64_0p5_0p02_0024_0011.uasset" 6079
"../../../Engine/Content/EngineMaterials/Substrate/GLints/dict_16_192_64_0p5_0p02_0035_0005.uexp" 6080
"../../../Engine/Content/EngineMaterials/Substrate/GLints/dict_16_192_64_0p5_0p02_0035_0005.uasset" 6081
"../../../Engine/Content/EngineMaterials/Substrate/GLints/dict_16_192_64_0p5_0p02_0019_0013.uasset" 6082
"../../../Engine/Content/EngineMaterials/Substrate/GLints/dict_16_192_64_0p5_0p02_0019_0013.uexp" 6083
"../../../Engine/Content/EngineMaterials/Substrate/GLints/dict_16_192_64_0p5_0p02_0029_0006.uasset" 6084
"../../../Engine/Content/EngineMaterials/Substrate/GLints/dict_16_192_64_0p5_0p02_0029_0006.uexp" 6085
"../../../Engine/Content/EngineMaterials/Substrate/GLints/dict_16_192_64_0p5_0p02_0020_0001.uasset" 6086
"../../../Engine/Content/EngineMaterials/Substrate/GLints/dict_16_192_64_0p5_0p02_0020_0001.uexp" 6087
"../../../Engine/Content/EngineMaterials/Substrate/GLints/dict_16_192_64_0p5_0p02_0049_0006.uasset" 6088
"../../../Engine/Content/EngineMaterials/Substrate/GLints/dict_16_192_64_0p5_0p02_0049_0006.uexp" 6089
"../../../Engine/Content/EngineMaterials/Substrate/GLints/dict_16_192_64_0p5_0p02_0011_0013.uasset" 6090
"../../../Engine/Content/EngineMaterials/Substrate/GLints/dict_16_192_64_0p5_0p02_0011_0013.uexp" 6091
"../../../Engine/Content/EngineMaterials/Substrate/GLints/dict_16_192_64_0p5_0p02_0038_0004.uexp" 6092
"../../../Engine/Content/EngineMaterials/Substrate/GLints/dict_16_192_64_0p5_0p02_0038_0004.uasset" 6093
"../../../Engine/Content/EngineMaterials/Substrate/GLints/dict_16_192_64_0p5_0p02_0034_0003.uexp" 6094
"../../../Engine/Content/EngineMaterials/Substrate/GLints/dict_16_192_64_0p5_0p02_0034_0003.uasset" 6095
"../../../Engine/Content/EngineMaterials/Substrate/GLints/dict_16_192_64_0p5_0p02_0033_0013.uexp" 6096
"../../../Engine/Content/EngineMaterials/Substrate/GLints/dict_16_192_64_0p5_0p02_0033_0013.uasset" 6097
"../../../Engine/Content/EngineMaterials/Substrate/GLints/dict_16_192_64_0p5_0p02_0000_0011.uasset" 6098
"../../../Engine/Content/EngineMaterials/Substrate/GLints/dict_16_192_64_0p5_0p02_0000_0011.uexp" 6099
"../../../Engine/Content/EngineMaterials/Substrate/GLints/dict_16_192_64_0p5_0p02_0028_0010.uexp" 6100
"../../../Engine/Content/EngineMaterials/Substrate/GLints/dict_16_192_64_0p5_0p02_0028_0010.uasset" 6101
"../../../Engine/Content/EngineMaterials/Substrate/GLints/dict_16_192_64_0p5_0p02_0049_0003.uexp" 6102
"../../../Engine/Content/EngineMaterials/Substrate/GLints/dict_16_192_64_0p5_0p02_0049_0003.uasset" 6103
"../../../Engine/Content/EngineMaterials/Substrate/GLints/dict_16_192_64_0p5_0p02_0003_0013.uasset" 6104
"../../../Engine/Content/EngineMaterials/Substrate/GLints/dict_16_192_64_0p5_0p02_0003_0013.uexp" 6105
"../../../Engine/Content/EngineMaterials/Substrate/GLints/dict_16_192_64_0p5_0p02_0007_0003.uexp" 6106
"../../../Engine/Content/EngineMaterials/Substrate/GLints/dict_16_192_64_0p5_0p02_0007_0003.uasset" 6107
"../../../Engine/Content/EngineMaterials/Substrate/GLints/dict_16_192_64_0p5_0p02_0009_0004.uexp" 6108
"../../../Engine/Content/EngineMaterials/Substrate/GLints/dict_16_192_64_0p5_0p02_0009_0004.uasset" 6109
"../../../Engine/Content/EngineMaterials/Substrate/GLints/dict_16_192_64_0p5_0p02_0038_0008.uexp" 6110
"../../../Engine/Content/EngineMaterials/Substrate/GLints/dict_16_192_64_0p5_0p02_0038_0008.uasset" 6111
"../../../Engine/Content/EngineMaterials/Substrate/GLints/dict_16_192_64_0p5_0p02_0023_0008.uasset" 6112
"../../../Engine/Content/EngineMaterials/Substrate/GLints/dict_16_192_64_0p5_0p02_0023_0008.uexp" 6113
"../../../Engine/Content/EngineMaterials/Substrate/GLints/dict_16_192_64_0p5_0p02_0041_0013.uasset" 6114
"../../../Engine/Content/EngineMaterials/Substrate/GLints/dict_16_192_64_0p5_0p02_0041_0013.uexp" 6115
"../../../Engine/Content/EngineMaterials/Substrate/GLints/dict_16_192_64_0p5_0p02_0051_0014.uexp" 6116
"../../../Engine/Content/EngineMaterials/Substrate/GLints/dict_16_192_64_0p5_0p02_0051_0014.uasset" 6117
"../../../Engine/Content/EngineMaterials/Substrate/GLints/dict_16_192_64_0p5_0p02_0031_0011.uexp" 6118
"../../../Engine/Content/EngineMaterials/Substrate/GLints/dict_16_192_64_0p5_0p02_0031_0011.uasset" 6119
"../../../Engine/Content/EngineMaterials/Substrate/GLints/dict_16_192_64_0p5_0p02_0059_0000.uexp" 6120
"../../../Engine/Content/EngineMaterials/Substrate/GLints/dict_16_192_64_0p5_0p02_0059_0000.uasset" 6121
"../../../Engine/Content/EngineMaterials/Substrate/GLints/dict_16_192_64_0p5_0p02_0008_0014.uasset" 6122
"../../../Engine/Content/EngineMaterials/Substrate/GLints/dict_16_192_64_0p5_0p02_0008_0014.uexp" 6123
"../../../Engine/Content/EngineMaterials/Substrate/GLints/dict_16_192_64_0p5_0p02_0014_0006.uasset" 6124
"../../../Engine/Content/EngineMaterials/Substrate/GLints/dict_16_192_64_0p5_0p02_0014_0006.uexp" 6125
"../../../Engine/Content/EngineMaterials/Substrate/GLints/dict_16_192_64_0p5_0p02_0014_0007.uasset" 6126
"../../../Engine/Content/EngineMaterials/Substrate/GLints/dict_16_192_64_0p5_0p02_0014_0007.uexp" 6127
"../../../Engine/Content/EngineMaterials/Substrate/GLints/dict_16_192_64_0p5_0p02_0036_0012.uasset" 6128
"../../../Engine/Content/EngineMaterials/Substrate/GLints/dict_16_192_64_0p5_0p02_0036_0012.uexp" 6129
"../../../Engine/Content/EngineMaterials/Substrate/GLints/dict_16_192_64_0p5_0p02_0022_0010.uexp" 6130
"../../../Engine/Content/EngineMaterials/Substrate/GLints/dict_16_192_64_0p5_0p02_0022_0010.uasset" 6131
"../../../Engine/Content/EngineMaterials/Substrate/GLints/dict_16_192_64_0p5_0p02_0011_0006.uexp" 6132
"../../../Engine/Content/EngineMaterials/Substrate/GLints/dict_16_192_64_0p5_0p02_0011_0006.uasset" 6133
"../../../Engine/Content/EngineMaterials/Substrate/GLints/dict_16_192_64_0p5_0p02_0014_0000.uasset" 6134
"../../../Engine/Content/EngineMaterials/Substrate/GLints/dict_16_192_64_0p5_0p02_0014_0000.uexp" 6135
"../../../Engine/Content/EngineMaterials/Substrate/GLints/dict_16_192_64_0p5_0p02_0053_0001.uexp" 6136
"../../../Engine/Content/EngineMaterials/Substrate/GLints/dict_16_192_64_0p5_0p02_0053_0001.uasset" 6137
"../../../Engine/Content/EngineMaterials/Substrate/GLints/dict_16_192_64_0p5_0p02_0061_0006.uexp" 6138
"../../../Engine/Content/EngineMaterials/Substrate/GLints/dict_16_192_64_0p5_0p02_0061_0006.uasset" 6139
"../../../Engine/Content/EngineMaterials/Substrate/GLints/dict_16_192_64_0p5_0p02_0044_0005.uasset" 6140
"../../../Engine/Content/EngineMaterials/Substrate/GLints/dict_16_192_64_0p5_0p02_0044_0005.uexp" 6141
"../../../Engine/Content/EngineMaterials/Substrate/GLints/dict_16_192_64_0p5_0p02_0046_0014.uasset" 6142
"../../../Engine/Content/EngineMaterials/Substrate/GLints/dict_16_192_64_0p5_0p02_0046_0014.uexp" 6143
"../../../Engine/Content/EngineMaterials/Substrate/GLints/dict_16_192_64_0p5_0p02_0058_0005.uasset" 6144
"../../../Engine/Content/EngineMaterials/Substrate/GLints/dict_16_192_64_0p5_0p02_0058_0005.uexp" 6145
"../../../Engine/Content/EngineMaterials/Substrate/GLints/dict_16_192_64_0p5_0p02_0044_0008.uexp" 6146
"../../../Engine/Content/EngineMaterials/Substrate/GLints/dict_16_192_64_0p5_0p02_0044_0008.uasset" 6147
"../../../Engine/Content/EngineMaterials/Substrate/GLints/dict_16_192_64_0p5_0p02_0006_0015.uasset" 6148
"../../../Engine/Content/EngineMaterials/Substrate/GLints/dict_16_192_64_0p5_0p02_0006_0015.uexp" 6149
"../../../Engine/Content/EngineMaterials/Substrate/GLints/dict_16_192_64_0p5_0p02_0051_0003.uexp" 6150
"../../../Engine/Content/EngineMaterials/Substrate/GLints/dict_16_192_64_0p5_0p02_0051_0003.uasset" 6151
"../../../Engine/Content/EngineMaterials/Substrate/GLints/dict_16_192_64_0p5_0p02_0037_0002.uasset" 6152
"../../../Engine/Content/EngineMaterials/Substrate/GLints/dict_16_192_64_0p5_0p02_0037_0002.uexp" 6153
"../../../Engine/Content/EngineMaterials/Substrate/GLints/dict_16_192_64_0p5_0p02_0001_0011.uexp" 6154
"../../../Engine/Content/EngineMaterials/Substrate/GLints/dict_16_192_64_0p5_0p02_0001_0011.uasset" 6155
"../../../Engine/Content/EngineMaterials/Substrate/GLints/dict_16_192_64_0p5_0p02_0046_0006.uexp" 6156
"../../../Engine/Content/EngineMaterials/Substrate/GLints/dict_16_192_64_0p5_0p02_0046_0006.uasset" 6157
"../../../Engine/Content/EngineMaterials/Substrate/GLints/dict_16_192_64_0p5_0p02_0042_0004.uexp" 6158
"../../../Engine/Content/EngineMaterials/Substrate/GLints/dict_16_192_64_0p5_0p02_0042_0004.uasset" 6159
"../../../Engine/Content/EngineMaterials/Substrate/GLints/dict_16_192_64_0p5_0p02_0045_0008.uasset" 6160
"../../../Engine/Content/EngineMaterials/Substrate/GLints/dict_16_192_64_0p5_0p02_0045_0008.uexp" 6161
"../../../Engine/Content/EngineMaterials/Substrate/GLints/dict_16_192_64_0p5_0p02_0002_0008.uasset" 6162
"../../../Engine/Content/EngineMaterials/Substrate/GLints/dict_16_192_64_0p5_0p02_0002_0008.uexp" 6163
"../../../Engine/Content/EngineMaterials/Substrate/GLints/dict_16_192_64_0p5_0p02_0034_0001.uasset" 6164
"../../../Engine/Content/EngineMaterials/Substrate/GLints/dict_16_192_64_0p5_0p02_0034_0001.uexp" 6165
"../../../Engine/Content/EngineMaterials/Substrate/GLints/dict_16_192_64_0p5_0p02_0046_0011.uexp" 6166
"../../../Engine/Content/EngineMaterials/Substrate/GLints/dict_16_192_64_0p5_0p02_0046_0011.uasset" 6167
"../../../Engine/Content/EngineMaterials/Substrate/GLints/dict_16_192_64_0p5_0p02_0043_0009.uexp" 6168
"../../../Engine/Content/EngineMaterials/Substrate/GLints/dict_16_192_64_0p5_0p02_0043_0009.uasset" 6169
"../../../Engine/Content/EngineMaterials/Substrate/GLints/dict_16_192_64_0p5_0p02_0063_0014.uexp" 6170
"../../../Engine/Content/EngineMaterials/Substrate/GLints/dict_16_192_64_0p5_0p02_0063_0014.uasset" 6171
"../../../Engine/Content/EngineMaterials/Substrate/GLints/dict_16_192_64_0p5_0p02_0031_0010.uexp" 6172
"../../../Engine/Content/EngineMaterials/Substrate/GLints/dict_16_192_64_0p5_0p02_0031_0010.uasset" 6173
"../../../Engine/Content/EngineMaterials/Substrate/GLints/dict_16_192_64_0p5_0p02_0057_0005.uasset" 6174
"../../../Engine/Content/EngineMaterials/Substrate/GLints/dict_16_192_64_0p5_0p02_0057_0005.uexp" 6175
"../../../Engine/Content/EngineMaterials/Substrate/GLints/dict_16_192_64_0p5_0p02_0028_0000.uexp" 6176
"../../../Engine/Content/EngineMaterials/Substrate/GLints/dict_16_192_64_0p5_0p02_0028_0000.uasset" 6177
"../../../Engine/Content/EngineMaterials/Substrate/GLints/dict_16_192_64_0p5_0p02_0016_0000.uexp" 6178
"../../../Engine/Content/EngineMaterials/Substrate/GLints/dict_16_192_64_0p5_0p02_0016_0000.uasset" 6179
"../../../Engine/Content/EngineMaterials/Substrate/GLints/dict_16_192_64_0p5_0p02_0042_0012.uexp" 6180
"../../../Engine/Content/EngineMaterials/Substrate/GLints/dict_16_192_64_0p5_0p02_0042_0012.uasset" 6181
"../../../Engine/Content/EngineMaterials/Substrate/GLints/dict_16_192_64_0p5_0p02_0055_0004.uasset" 6182
"../../../Engine/Content/EngineMaterials/Substrate/GLints/dict_16_192_64_0p5_0p02_0055_0004.uexp" 6183
"../../../Engine/Content/EngineMaterials/Substrate/GLints/dict_16_192_64_0p5_0p02_0014_0015.uexp" 6184
"../../../Engine/Content/EngineMaterials/Substrate/GLints/dict_16_192_64_0p5_0p02_0014_0015.uasset" 6185
"../../../Engine/Content/EngineMaterials/Substrate/GLints/dict_16_192_64_0p5_0p02_0016_0004.uexp" 6186
"../../../Engine/Content/EngineMaterials/Substrate/GLints/dict_16_192_64_0p5_0p02_0016_0004.uasset" 6187
"../../../Engine/Content/EngineMaterials/Substrate/GLints/dict_16_192_64_0p5_0p02_0056_0007.uasset" 6188
"../../../Engine/Content/EngineMaterials/Substrate/GLints/dict_16_192_64_0p5_0p02_0056_0007.uexp" 6189
"../../../Engine/Content/EngineMaterials/Substrate/GLints/dict_16_192_64_0p5_0p02_0004_0004.uasset" 6190
"../../../Engine/Content/EngineMaterials/Substrate/GLints/dict_16_192_64_0p5_0p02_0004_0004.uexp" 6191
"../../../Engine/Content/EngineMaterials/Substrate/GLints/dict_16_192_64_0p5_0p02_0041_0015.uasset" 6192
"../../../Engine/Content/EngineMaterials/Substrate/GLints/dict_16_192_64_0p5_0p02_0041_0015.uexp" 6193
"../../../Engine/Content/EngineMaterials/Substrate/GLints/dict_16_192_64_0p5_0p02_0028_0001.uexp" 6194
"../../../Engine/Content/EngineMaterials/Substrate/GLints/dict_16_192_64_0p5_0p02_0028_0001.uasset" 6195
"../../../Engine/Content/EngineMaterials/Substrate/GLints/dict_16_192_64_0p5_0p02_0035_0015.uexp" 6196
"../../../Engine/Content/EngineMaterials/Substrate/GLints/dict_16_192_64_0p5_0p02_0035_0015.uasset" 6197
"../../../Engine/Content/EngineMaterials/Substrate/GLints/dict_16_192_64_0p5_0p02_0010_0008.uexp" 6198
"../../../Engine/Content/EngineMaterials/Substrate/GLints/dict_16_192_64_0p5_0p02_0010_0008.uasset" 6199
"../../../Engine/Content/EngineMaterials/Substrate/GLints/dict_16_192_64_0p5_0p02_0055_0003.uexp" 6200
"../../../Engine/Content/EngineMaterials/Substrate/GLints/dict_16_192_64_0p5_0p02_0055_0003.uasset" 6201
"../../../Engine/Content/EngineMaterials/Substrate/GLints/dict_16_192_64_0p5_0p02_0001_0002.uexp" 6202
"../../../Engine/Content/EngineMaterials/Substrate/GLints/dict_16_192_64_0p5_0p02_0001_0002.uasset" 6203
"../../../Engine/Content/EngineMaterials/Substrate/GLints/dict_16_192_64_0p5_0p02_0012_0015.uexp" 6204
"../../../Engine/Content/EngineMaterials/Substrate/GLints/dict_16_192_64_0p5_0p02_0012_0015.uasset" 6205
"../../../Engine/Content/EngineMaterials/Substrate/GLints/dict_16_192_64_0p5_0p02_0009_0003.uasset" 6206
"../../../Engine/Content/EngineMaterials/Substrate/GLints/dict_16_192_64_0p5_0p02_0009_0003.uexp" 6207
"../../../Engine/Content/EngineMaterials/Substrate/GLints/dict_16_192_64_0p5_0p02_0026_0002.uasset" 6208
"../../../Engine/Content/EngineMaterials/Substrate/GLints/dict_16_192_64_0p5_0p02_0026_0002.uexp" 6209
"../../../Engine/Content/EngineMaterials/Substrate/GLints/dict_16_192_64_0p5_0p02_0022_0004.uexp" 6210
"../../../Engine/Content/EngineMaterials/Substrate/GLints/dict_16_192_64_0p5_0p02_0022_0004.uasset" 6211
"../../../Engine/Content/EngineMaterials/Substrate/GLints/dict_16_192_64_0p5_0p02_0010_0003.uasset" 6212
"../../../Engine/Content/EngineMaterials/Substrate/GLints/dict_16_192_64_0p5_0p02_0010_0003.uexp" 6213
"../../../Engine/Content/EngineMaterials/Substrate/GLints/dict_16_192_64_0p5_0p02_0063_0007.uasset" 6214
"../../../Engine/Content/EngineMaterials/Substrate/GLints/dict_16_192_64_0p5_0p02_0063_0007.uexp" 6215
"../../../Engine/Content/EngineMaterials/Substrate/GLints/dict_16_192_64_0p5_0p02_0033_0005.uexp" 6216
"../../../Engine/Content/EngineMaterials/Substrate/GLints/dict_16_192_64_0p5_0p02_0033_0005.uasset" 6217
"../../../Engine/Content/EngineMaterials/Substrate/GLints/dict_16_192_64_0p5_0p02_0056_0013.uexp" 6218
"../../../Engine/Content/EngineMaterials/Substrate/GLints/dict_16_192_64_0p5_0p02_0056_0013.uasset" 6219
"../../../Engine/Content/EngineMaterials/Substrate/GLints/dict_16_192_64_0p5_0p02_0061_0014.uasset" 6220
"../../../Engine/Content/EngineMaterials/Substrate/GLints/dict_16_192_64_0p5_0p02_0061_0014.uexp" 6221
"../../../Engine/Content/EngineMaterials/Substrate/GLints/dict_16_192_64_0p5_0p02_0050_0001.uexp" 6222
"../../../Engine/Content/EngineMaterials/Substrate/GLints/dict_16_192_64_0p5_0p02_0050_0001.uasset" 6223
"../../../Engine/Content/EngineMaterials/Substrate/GLints/dict_16_192_64_0p5_0p02_0054_0007.uasset" 6224
"../../../Engine/Content/EngineMaterials/Substrate/GLints/dict_16_192_64_0p5_0p02_0054_0007.uexp" 6225
"../../../Engine/Content/EngineMaterials/Substrate/GLints/dict_16_192_64_0p5_0p02_0004_0000.uexp" 6226
"../../../Engine/Content/EngineMaterials/Substrate/GLints/dict_16_192_64_0p5_0p02_0004_0000.uasset" 6227
"../../../Engine/Content/EngineMaterials/Substrate/GLints/dict_16_192_64_0p5_0p02_0010_0006.uexp" 6228
"../../../Engine/Content/EngineMaterials/Substrate/GLints/dict_16_192_64_0p5_0p02_0010_0006.uasset" 6229
"../../../Engine/Content/EngineMaterials/Substrate/GLints/dict_16_192_64_0p5_0p02_0019_0007.uasset" 6230
"../../../Engine/Content/EngineMaterials/Substrate/GLints/dict_16_192_64_0p5_0p02_0019_0007.uexp" 6231
"../../../Engine/Content/EngineMaterials/Substrate/GLints/dict_16_192_64_0p5_0p02_0050_0003.uexp" 6232
"../../../Engine/Content/EngineMaterials/Substrate/GLints/dict_16_192_64_0p5_0p02_0050_0003.uasset" 6233
"../../../Engine/Content/EngineMaterials/Substrate/GLints/dict_16_192_64_0p5_0p02_0041_0001.uasset" 6234
"../../../Engine/Content/EngineMaterials/Substrate/GLints/dict_16_192_64_0p5_0p02_0041_0001.uexp" 6235
"../../../Engine/Content/EngineMaterials/Substrate/GLints/dict_16_192_64_0p5_0p02_0025_0014.uasset" 6236
"../../../Engine/Content/EngineMaterials/Substrate/GLints/dict_16_192_64_0p5_0p02_0025_0014.uexp" 6237
"../../../Engine/Content/EngineMaterials/Substrate/GLints/dict_16_192_64_0p5_0p02_0008_0004.uasset" 6238
"../../../Engine/Content/EngineMaterials/Substrate/GLints/dict_16_192_64_0p5_0p02_0008_0004.uexp" 6239
"../../../Engine/Content/EngineMaterials/Substrate/GLints/dict_16_192_64_0p5_0p02_0027_0008.uexp" 6240
"../../../Engine/Content/EngineMaterials/Substrate/GLints/dict_16_192_64_0p5_0p02_0027_0008.uasset" 6241
"../../../Engine/Content/EngineMaterials/Substrate/GLints/dict_16_192_64_0p5_0p02_0020_0009.uexp" 6242
"../../../Engine/Content/EngineMaterials/Substrate/GLints/dict_16_192_64_0p5_0p02_0020_0009.uasset" 6243
"../../../Engine/Content/EngineMaterials/Substrate/GLints/dict_16_192_64_0p5_0p02_0062_0011.uexp" 6244
"../../../Engine/Content/EngineMaterials/Substrate/GLints/dict_16_192_64_0p5_0p02_0062_0011.uasset" 6245
"../../../Engine/Content/EngineMaterials/Substrate/GLints/dict_16_192_64_0p5_0p02_0010_0004.uexp" 6246
"../../../Engine/Content/EngineMaterials/Substrate/GLints/dict_16_192_64_0p5_0p02_0010_0004.uasset" 6247
"../../../Engine/Content/EngineMaterials/Substrate/GLints/dict_16_192_64_0p5_0p02_0025_0015.uasset" 6248
"../../../Engine/Content/EngineMaterials/Substrate/GLints/dict_16_192_64_0p5_0p02_0025_0015.uexp" 6249
"../../../Engine/Content/EngineMaterials/Substrate/GLints/dict_16_192_64_0p5_0p02_0010_0011.uasset" 6250
"../../../Engine/Content/EngineMaterials/Substrate/GLints/dict_16_192_64_0p5_0p02_0010_0011.uexp" 6251
"../../../Engine/Content/EngineMaterials/Substrate/GLints/dict_16_192_64_0p5_0p02_0033_0009.uexp" 6252
"../../../Engine/Content/EngineMaterials/Substrate/GLints/dict_16_192_64_0p5_0p02_0033_0009.uasset" 6253
"../../../Engine/Content/EngineMaterials/Substrate/GLints/dict_16_192_64_0p5_0p02_0033_0003.uexp" 6254
"../../../Engine/Content/EngineMaterials/Substrate/GLints/dict_16_192_64_0p5_0p02_0033_0003.uasset" 6255
"../../../Engine/Content/EngineMaterials/Substrate/GLints/dict_16_192_64_0p5_0p02_0005_0009.uasset" 6256
"../../../Engine/Content/EngineMaterials/Substrate/GLints/dict_16_192_64_0p5_0p02_0005_0009.uexp" 6257
"../../../Engine/Content/EngineMaterials/Substrate/GLints/dict_16_192_64_0p5_0p02_0059_0014.uasset" 6258
"../../../Engine/Content/EngineMaterials/Substrate/GLints/dict_16_192_64_0p5_0p02_0059_0014.uexp" 6259
"../../../Engine/Content/EngineMaterials/Substrate/GLints/dict_16_192_64_0p5_0p02_0055_0005.uasset" 6260
"../../../Engine/Content/EngineMaterials/Substrate/GLints/dict_16_192_64_0p5_0p02_0055_0005.uexp" 6261
"../../../Engine/Content/EngineMaterials/Substrate/GLints/dict_16_192_64_0p5_0p02_0012_0004.uasset" 6262
"../../../Engine/Content/EngineMaterials/Substrate/GLints/dict_16_192_64_0p5_0p02_0012_0004.uexp" 6263
"../../../Engine/Content/EngineMaterials/Substrate/GLints/dict_16_192_64_0p5_0p02_0023_0002.uasset" 6264
"../../../Engine/Content/EngineMaterials/Substrate/GLints/dict_16_192_64_0p5_0p02_0023_0002.uexp" 6265
"../../../Engine/Content/EngineMaterials/Substrate/GLints/dict_16_192_64_0p5_0p02_0056_0012.uexp" 6266
"../../../Engine/Content/EngineMaterials/Substrate/GLints/dict_16_192_64_0p5_0p02_0056_0012.uasset" 6267
"../../../Engine/Content/EngineMaterials/Substrate/GLints/dict_16_192_64_0p5_0p02_0048_0002.uexp" 6268
"../../../Engine/Content/EngineMaterials/Substrate/GLints/dict_16_192_64_0p5_0p02_0048_0002.uasset" 6269
"../../../Engine/Content/EngineMaterials/Substrate/GLints/dict_16_192_64_0p5_0p02_0013_0003.uexp" 6270
"../../../Engine/Content/EngineMaterials/Substrate/GLints/dict_16_192_64_0p5_0p02_0013_0003.uasset" 6271
"../../../Engine/Content/EngineMaterials/Substrate/GLints/dict_16_192_64_0p5_0p02_0055_0006.uexp" 6272
"../../../Engine/Content/EngineMaterials/Substrate/GLints/dict_16_192_64_0p5_0p02_0055_0006.uasset" 6273
"../../../Engine/Content/EngineMaterials/Substrate/GLints/dict_16_192_64_0p5_0p02_0032_0002.uexp" 6274
"../../../Engine/Content/EngineMaterials/Substrate/GLints/dict_16_192_64_0p5_0p02_0032_0002.uasset" 6275
"../../../Engine/Content/EngineMaterials/Substrate/GLints/dict_16_192_64_0p5_0p02_0032_0014.uexp" 6276
"../../../Engine/Content/EngineMaterials/Substrate/GLints/dict_16_192_64_0p5_0p02_0032_0014.uasset" 6277
"../../../Engine/Content/EngineMaterials/Substrate/GLints/dict_16_192_64_0p5_0p02_0030_0000.uexp" 6278
"../../../Engine/Content/EngineMaterials/Substrate/GLints/dict_16_192_64_0p5_0p02_0030_0000.uasset" 6279
"../../../Engine/Content/EngineMaterials/Substrate/GLints/dict_16_192_64_0p5_0p02_0028_0014.uasset" 6280
"../../../Engine/Content/EngineMaterials/Substrate/GLints/dict_16_192_64_0p5_0p02_0028_0014.uexp" 6281
"../../../Engine/Content/EngineMaterials/Substrate/GLints/dict_16_192_64_0p5_0p02_0014_0012.uexp" 6282
"../../../Engine/Content/EngineMaterials/Substrate/GLints/dict_16_192_64_0p5_0p02_0014_0012.uasset" 6283
"../../../Engine/Content/EngineMaterials/Substrate/GLints/dict_16_192_64_0p5_0p02_0013_0008.uexp" 6284
"../../../Engine/Content/EngineMaterials/Substrate/GLints/dict_16_192_64_0p5_0p02_0013_0008.uasset" 6285
"../../../Engine/Content/EngineMaterials/Substrate/GLints/dict_16_192_64_0p5_0p02_0018_0001.uasset" 6286
"../../../Engine/Content/EngineMaterials/Substrate/GLints/dict_16_192_64_0p5_0p02_0018_0001.uexp" 6287
"../../../Engine/Content/EngineMaterials/Substrate/GLints/dict_16_192_64_0p5_0p02_0020_0013.uexp" 6288
"../../../Engine/Content/EngineMaterials/Substrate/GLints/dict_16_192_64_0p5_0p02_0020_0013.uasset" 6289
"../../../Engine/Content/EngineMaterials/Substrate/GLints/dict_16_192_64_0p5_0p02_0005_0000.uexp" 6290
"../../../Engine/Content/EngineMaterials/Substrate/GLints/dict_16_192_64_0p5_0p02_0005_0000.uasset" 6291
"../../../Engine/Content/EngineMaterials/Substrate/GLints/dict_16_192_64_0p5_0p02_0034_0010.uexp" 6292
"../../../Engine/Content/EngineMaterials/Substrate/GLints/dict_16_192_64_0p5_0p02_0034_0010.uasset" 6293
"../../../Engine/Content/EngineMaterials/Substrate/GLints/dict_16_192_64_0p5_0p02_0059_0004.uasset" 6294
"../../../Engine/Content/EngineMaterials/Substrate/GLints/dict_16_192_64_0p5_0p02_0059_0004.uexp" 6295
"../../../Engine/Content/EngineMaterials/Substrate/GLints/dict_16_192_64_0p5_0p02_0038_0015.uasset" 6296
"../../../Engine/Content/EngineMaterials/Substrate/GLints/dict_16_192_64_0p5_0p02_0038_0015.uexp" 6297
"../../../Engine/Content/EngineMaterials/Substrate/GLints/dict_16_192_64_0p5_0p02_0018_0010.uasset" 6298
"../../../Engine/Content/EngineMaterials/Substrate/GLints/dict_16_192_64_0p5_0p02_0018_0010.uexp" 6299
"../../../Engine/Content/EngineMaterials/Substrate/GLints/dict_16_192_64_0p5_0p02_0004_0001.uexp" 6300
"../../../Engine/Content/EngineMaterials/Substrate/GLints/dict_16_192_64_0p5_0p02_0004_0001.uasset" 6301
"../../../Engine/Content/EngineMaterials/Substrate/GLints/dict_16_192_64_0p5_0p02_0046_0004.uasset" 6302
"../../../Engine/Content/EngineMaterials/Substrate/GLints/dict_16_192_64_0p5_0p02_0046_0004.uexp" 6303
"../../../Engine/Content/EngineMaterials/Substrate/GLints/dict_16_192_64_0p5_0p02_0048_0004.uexp" 6304
"../../../Engine/Content/EngineMaterials/Substrate/GLints/dict_16_192_64_0p5_0p02_0048_0004.uasset" 6305
"../../../Engine/Content/EngineMaterials/Substrate/GLints/dict_16_192_64_0p5_0p02_0044_0011.uasset" 6306
"../../../Engine/Content/EngineMaterials/Substrate/GLints/dict_16_192_64_0p5_0p02_0044_0011.uexp" 6307
"../../../Engine/Content/EngineMaterials/Substrate/GLints/dict_16_192_64_0p5_0p02_0047_0001.uasset" 6308
"../../../Engine/Content/EngineMaterials/Substrate/GLints/dict_16_192_64_0p5_0p02_0047_0001.uexp" 6309
"../../../Engine/Content/EngineMaterials/Substrate/GLints/dict_16_192_64_0p5_0p02_0020_0010.uasset" 6310
"../../../Engine/Content/EngineMaterials/Substrate/GLints/dict_16_192_64_0p5_0p02_0020_0010.uexp" 6311
"../../../Engine/Content/EngineMaterials/Substrate/GLints/dict_16_192_64_0p5_0p02_0003_0003.uasset" 6312
"../../../Engine/Content/EngineMaterials/Substrate/GLints/dict_16_192_64_0p5_0p02_0003_0003.uexp" 6313
"../../../Engine/Content/EngineMaterials/Substrate/GLints/dict_16_192_64_0p5_0p02_0011_0014.uasset" 6314
"../../../Engine/Content/EngineMaterials/Substrate/GLints/dict_16_192_64_0p5_0p02_0011_0014.uexp" 6315
"../../../Engine/Content/EngineMaterials/Substrate/GLints/dict_16_192_64_0p5_0p02_0030_0003.uexp" 6316
"../../../Engine/Content/EngineMaterials/Substrate/GLints/dict_16_192_64_0p5_0p02_0030_0003.uasset" 6317
"../../../Engine/Content/EngineMaterials/Substrate/GLints/dict_16_192_64_0p5_0p02_0011_0002.uasset" 6318
"../../../Engine/Content/EngineMaterials/Substrate/GLints/dict_16_192_64_0p5_0p02_0011_0002.uexp" 6319
"../../../Engine/Content/EngineMaterials/Substrate/GLints/dict_16_192_64_0p5_0p02_0020_0003.uexp" 6320
"../../../Engine/Content/EngineMaterials/Substrate/GLints/dict_16_192_64_0p5_0p02_0020_0003.uasset" 6321
"../../../Engine/Content/EngineMaterials/Substrate/GLints/dict_16_192_64_0p5_0p02_0012_0005.uexp" 6322
"../../../Engine/Content/EngineMaterials/Substrate/GLints/dict_16_192_64_0p5_0p02_0012_0005.uasset" 6323
"../../../Engine/Content/EngineMaterials/Substrate/GLints/dict_16_192_64_0p5_0p02_0028_0005.uasset" 6324
"../../../Engine/Content/EngineMaterials/Substrate/GLints/dict_16_192_64_0p5_0p02_0028_0005.uexp" 6325
"../../../Engine/Content/EngineMaterials/Substrate/GLints/dict_16_192_64_0p5_0p02_0008_0015.uexp" 6326
"../../../Engine/Content/EngineMaterials/Substrate/GLints/dict_16_192_64_0p5_0p02_0008_0015.uasset" 6327
"../../../Engine/Content/EngineMaterials/Substrate/GLints/dict_16_192_64_0p5_0p02_0013_0012.uexp" 6328
"../../../Engine/Content/EngineMaterials/Substrate/GLints/dict_16_192_64_0p5_0p02_0013_0012.uasset" 6329
"../../../Engine/Content/EngineMaterials/Substrate/GLints/dict_16_192_64_0p5_0p02_0011_0007.uexp" 6330
"../../../Engine/Content/EngineMaterials/Substrate/GLints/dict_16_192_64_0p5_0p02_0011_0007.uasset" 6331
"../../../Engine/Content/EngineMaterials/Substrate/GLints/dict_16_192_64_0p5_0p02_0003_0010.uexp" 6332
"../../../Engine/Content/EngineMaterials/Substrate/GLints/dict_16_192_64_0p5_0p02_0003_0010.uasset" 6333
"../../../Engine/Content/EngineMaterials/Substrate/GLints/dict_16_192_64_0p5_0p02_0024_0002.uexp" 6334
"../../../Engine/Content/EngineMaterials/Substrate/GLints/dict_16_192_64_0p5_0p02_0024_0002.uasset" 6335
"../../../Engine/Content/EngineMaterials/Substrate/GLints/dict_16_192_64_0p5_0p02_0003_0001.uasset" 6336
"../../../Engine/Content/EngineMaterials/Substrate/GLints/dict_16_192_64_0p5_0p02_0003_0001.uexp" 6337
"../../../Engine/Content/EngineMaterials/Substrate/GLints/dict_16_192_64_0p5_0p02_0051_0013.uexp" 6338
"../../../Engine/Content/EngineMaterials/Substrate/GLints/dict_16_192_64_0p5_0p02_0051_0013.uasset" 6339
"../../../Engine/Content/EngineMaterials/Substrate/GLints/dict_16_192_64_0p5_0p02_0001_0008.uexp" 6340
"../../../Engine/Content/EngineMaterials/Substrate/GLints/dict_16_192_64_0p5_0p02_0001_0008.uasset" 6341
"../../../Engine/Content/EngineMaterials/Substrate/GLints/dict_16_192_64_0p5_0p02_0017_0007.uexp" 6342
"../../../Engine/Content/EngineMaterials/Substrate/GLints/dict_16_192_64_0p5_0p02_0017_0007.uasset" 6343
"../../../Engine/Content/EngineMaterials/Substrate/GLints/dict_16_192_64_0p5_0p02_0024_0012.uasset" 6344
"../../../Engine/Content/EngineMaterials/Substrate/GLints/dict_16_192_64_0p5_0p02_0024_0012.uexp" 6345
"../../../Engine/Content/EngineMaterials/Substrate/GLints/dict_16_192_64_0p5_0p02_0029_0011.uexp" 6346
"../../../Engine/Content/EngineMaterials/Substrate/GLints/dict_16_192_64_0p5_0p02_0029_0011.uasset" 6347
"../../../Engine/Content/EngineMaterials/Substrate/GLints/dict_16_192_64_0p5_0p02_0038_0006.uasset" 6348
"../../../Engine/Content/EngineMaterials/Substrate/GLints/dict_16_192_64_0p5_0p02_0038_0006.uexp" 6349
"../../../Engine/Content/EngineMaterials/Substrate/GLints/dict_16_192_64_0p5_0p02_0008_0012.uasset" 6350
"../../../Engine/Content/EngineMaterials/Substrate/GLints/dict_16_192_64_0p5_0p02_0008_0012.uexp" 6351
"../../../Engine/Content/EngineMaterials/Substrate/GLints/dict_16_192_64_0p5_0p02_0054_0001.uexp" 6352
"../../../Engine/Content/EngineMaterials/Substrate/GLints/dict_16_192_64_0p5_0p02_0054_0001.uasset" 6353
"../../../Engine/Content/EngineMaterials/Substrate/GLints/dict_16_192_64_0p5_0p02_0029_0000.uasset" 6354
"../../../Engine/Content/EngineMaterials/Substrate/GLints/dict_16_192_64_0p5_0p02_0029_0000.uexp" 6355
"../../../Engine/Content/EngineMaterials/Substrate/GLints/dict_16_192_64_0p5_0p02_0054_0010.uexp" 6356
"../../../Engine/Content/EngineMaterials/Substrate/GLints/dict_16_192_64_0p5_0p02_0054_0010.uasset" 6357
"../../../Engine/Content/EngineMaterials/Substrate/GLints/dict_16_192_64_0p5_0p02_0051_0006.uexp" 6358
"../../../Engine/Content/EngineMaterials/Substrate/GLints/dict_16_192_64_0p5_0p02_0051_0006.uasset" 6359
"../../../Engine/Content/EngineMaterials/Substrate/GLints/dict_16_192_64_0p5_0p02_0012_0007.uasset" 6360
"../../../Engine/Content/EngineMaterials/Substrate/GLints/dict_16_192_64_0p5_0p02_0012_0007.uexp" 6361
"../../../Engine/Content/EngineMaterials/Substrate/GLints/dict_16_192_64_0p5_0p02_0054_0003.uasset" 6362
"../../../Engine/Content/EngineMaterials/Substrate/GLints/dict_16_192_64_0p5_0p02_0054_0003.uexp" 6363
"../../../Engine/Content/EngineMaterials/Substrate/GLints/dict_16_192_64_0p5_0p02_0040_0000.uexp" 6364
"../../../Engine/Content/EngineMaterials/Substrate/GLints/dict_16_192_64_0p5_0p02_0040_0000.uasset" 6365
"../../../Engine/Content/EngineMaterials/Substrate/GLints/dict_16_192_64_0p5_0p02_0021_0003.uasset" 6366
"../../../Engine/Content/EngineMaterials/Substrate/GLints/dict_16_192_64_0p5_0p02_0021_0003.uexp" 6367
"../../../Engine/Content/EngineMaterials/Substrate/GLints/dict_16_192_64_0p5_0p02_0030_0008.uasset" 6368
"../../../Engine/Content/EngineMaterials/Substrate/GLints/dict_16_192_64_0p5_0p02_0030_0008.uexp" 6369
"../../../Engine/Content/EngineMaterials/Substrate/GLints/dict_16_192_64_0p5_0p02_0060_0008.uexp" 6370
"../../../Engine/Content/EngineMaterials/Substrate/GLints/dict_16_192_64_0p5_0p02_0060_0008.uasset" 6371
"../../../Engine/Content/EngineMaterials/Substrate/GLints/dict_16_192_64_0p5_0p02_0063_0010.uexp" 6372
"../../../Engine/Content/EngineMaterials/Substrate/GLints/dict_16_192_64_0p5_0p02_0063_0010.uasset" 6373
"../../../Engine/Content/EngineMaterials/Substrate/GLints/dict_16_192_64_0p5_0p02_0037_0013.uasset" 6374
"../../../Engine/Content/EngineMaterials/Substrate/GLints/dict_16_192_64_0p5_0p02_0037_0013.uexp" 6375
"../../../Engine/Content/EngineMaterials/Substrate/GLints/dict_16_192_64_0p5_0p02_0061_0003.uasset" 6376
"../../../Engine/Content/EngineMaterials/Substrate/GLints/dict_16_192_64_0p5_0p02_0061_0003.uexp" 6377
"../../../Engine/Content/EngineMaterials/Substrate/GLints/dict_16_192_64_0p5_0p02_0048_0007.uasset" 6378
"../../../Engine/Content/EngineMaterials/Substrate/GLints/dict_16_192_64_0p5_0p02_0048_0007.uexp" 6379
"../../../Engine/Content/EngineMaterials/Substrate/GLints/dict_16_192_64_0p5_0p02_0062_0000.uasset" 6380
"../../../Engine/Content/EngineMaterials/Substrate/GLints/dict_16_192_64_0p5_0p02_0062_0000.uexp" 6381
"../../../Engine/Content/EngineMaterials/Substrate/GLints/dict_16_192_64_0p5_0p02_0038_0000.uexp" 6382
"../../../Engine/Content/EngineMaterials/Substrate/GLints/dict_16_192_64_0p5_0p02_0038_0000.uasset" 6383
"../../../Engine/Content/EngineMaterials/Substrate/GLints/dict_16_192_64_0p5_0p02_0051_0010.uexp" 6384
"../../../Engine/Content/EngineMaterials/Substrate/GLints/dict_16_192_64_0p5_0p02_0051_0010.uasset" 6385
"../../../Engine/Content/EngineMaterials/Substrate/GLints/dict_16_192_64_0p5_0p02_0014_0002.uasset" 6386
"../../../Engine/Content/EngineMaterials/Substrate/GLints/dict_16_192_64_0p5_0p02_0014_0002.uexp" 6387
"../../../Engine/Content/EngineMaterials/Substrate/GLints/dict_16_192_64_0p5_0p02_0058_0011.uexp" 6388
"../../../Engine/Content/EngineMaterials/Substrate/GLints/dict_16_192_64_0p5_0p02_0058_0011.uasset" 6389
"../../../Engine/Content/EngineMaterials/Substrate/GLints/dict_16_192_64_0p5_0p02_0027_0004.uexp" 6390
"../../../Engine/Content/EngineMaterials/Substrate/GLints/dict_16_192_64_0p5_0p02_0027_0004.uasset" 6391
"../../../Engine/Content/EngineMaterials/Substrate/GLints/dict_16_192_64_0p5_0p02_0052_0010.uexp" 6392
"../../../Engine/Content/EngineMaterials/Substrate/GLints/dict_16_192_64_0p5_0p02_0052_0010.uasset" 6393
"../../../Engine/Content/EngineMaterials/Substrate/GLints/dict_16_192_64_0p5_0p02_0017_0011.uexp" 6394
"../../../Engine/Content/EngineMaterials/Substrate/GLints/dict_16_192_64_0p5_0p02_0017_0011.uasset" 6395
"../../../Engine/Content/EngineMaterials/Substrate/GLints/dict_16_192_64_0p5_0p02_0024_0013.uasset" 6396
"../../../Engine/Content/EngineMaterials/Substrate/GLints/dict_16_192_64_0p5_0p02_0024_0013.uexp" 6397
"../../../Engine/Content/EngineMaterials/Substrate/GLints/dict_16_192_64_0p5_0p02_0037_0003.uasset" 6398
"../../../Engine/Content/EngineMaterials/Substrate/GLints/dict_16_192_64_0p5_0p02_0037_0003.uexp" 6399
"../../../Engine/Content/EngineMaterials/Substrate/GLints/dict_16_192_64_0p5_0p02_0016_0003.uasset" 6400
"../../../Engine/Content/EngineMaterials/Substrate/GLints/dict_16_192_64_0p5_0p02_0016_0003.uexp" 6401
"../../../Engine/Content/EngineMaterials/Substrate/GLints/dict_16_192_64_0p5_0p02_0003_0011.uexp" 6402
"../../../Engine/Content/EngineMaterials/Substrate/GLints/dict_16_192_64_0p5_0p02_0003_0011.uasset" 6403
"../../../Engine/Content/EngineMaterials/Substrate/GLints/dict_16_192_64_0p5_0p02_0050_0010.uasset" 6404
"../../../Engine/Content/EngineMaterials/Substrate/GLints/dict_16_192_64_0p5_0p02_0050_0010.uexp" 6405
"../../../Engine/Content/EngineMaterials/Substrate/GLints/dict_16_192_64_0p5_0p02_0003_0005.uasset" 6406
"../../../Engine/Content/EngineMaterials/Substrate/GLints/dict_16_192_64_0p5_0p02_0003_0005.uexp" 6407
"../../../Engine/Content/EngineMaterials/Substrate/GLints/dict_16_192_64_0p5_0p02_0035_0006.uasset" 6408
"../../../Engine/Content/EngineMaterials/Substrate/GLints/dict_16_192_64_0p5_0p02_0035_0006.uexp" 6409
"../../../Engine/Content/EngineMaterials/Substrate/GLints/dict_16_192_64_0p5_0p02_0037_0010.uexp" 6410
"../../../Engine/Content/EngineMaterials/Substrate/GLints/dict_16_192_64_0p5_0p02_0037_0010.uasset" 6411
"../../../Engine/Content/EngineMaterials/Substrate/GLints/dict_16_192_64_0p5_0p02_0036_0011.uexp" 6412
"../../../Engine/Content/EngineMaterials/Substrate/GLints/dict_16_192_64_0p5_0p02_0036_0011.uasset" 6413
"../../../Engine/Content/EngineMaterials/Substrate/GLints/dict_16_192_64_0p5_0p02_0019_0011.uasset" 6414
"../../../Engine/Content/EngineMaterials/Substrate/GLints/dict_16_192_64_0p5_0p02_0019_0011.uexp" 6415
"../../../Engine/Content/EngineMaterials/Substrate/GLints/dict_16_192_64_0p5_0p02_0017_0012.uasset" 6416
"../../../Engine/Content/EngineMaterials/Substrate/GLints/dict_16_192_64_0p5_0p02_0017_0012.uexp" 6417
"../../../Engine/Content/EngineMaterials/Substrate/GLints/dict_16_192_64_0p5_0p02_0042_0001.uasset" 6418
"../../../Engine/Content/EngineMaterials/Substrate/GLints/dict_16_192_64_0p5_0p02_0042_0001.uexp" 6419
"../../../Engine/Content/EngineMaterials/Substrate/GLints/dict_16_192_64_0p5_0p02_0060_0007.uexp" 6420
"../../../Engine/Content/EngineMaterials/Substrate/GLints/dict_16_192_64_0p5_0p02_0060_0007.uasset" 6421
"../../../Engine/Content/EngineMaterials/Substrate/GLints/dict_16_192_64_0p5_0p02_0021_0000.uexp" 6422
"../../../Engine/Content/EngineMaterials/Substrate/GLints/dict_16_192_64_0p5_0p02_0021_0000.uasset" 6423
"../../../Engine/Content/EngineMaterials/Substrate/GLints/dict_16_192_64_0p5_0p02_0018_0015.uexp" 6424
"../../../Engine/Content/EngineMaterials/Substrate/GLints/dict_16_192_64_0p5_0p02_0018_0015.uasset" 6425
"../../../Engine/Content/EngineMaterials/Substrate/GLints/dict_16_192_64_0p5_0p02_0026_0013.uexp" 6426
"../../../Engine/Content/EngineMaterials/Substrate/GLints/dict_16_192_64_0p5_0p02_0026_0013.uasset" 6427
"../../../Engine/Content/EngineMaterials/Substrate/GLints/dict_16_192_64_0p5_0p02_0032_0015.uexp" 6428
"../../../Engine/Content/EngineMaterials/Substrate/GLints/dict_16_192_64_0p5_0p02_0032_0015.uasset" 6429
"../../../Engine/Content/EngineMaterials/Substrate/GLints/dict_16_192_64_0p5_0p02_0055_0000.uexp" 6430
"../../../Engine/Content/EngineMaterials/Substrate/GLints/dict_16_192_64_0p5_0p02_0055_0000.uasset" 6431
"../../../Engine/Content/EngineMaterials/Substrate/GLints/dict_16_192_64_0p5_0p02_0028_0002.uasset" 6432
"../../../Engine/Content/EngineMaterials/Substrate/GLints/dict_16_192_64_0p5_0p02_0028_0002.uexp" 6433
"../../../Engine/Content/EngineMaterials/Substrate/GLints/dict_16_192_64_0p5_0p02_0052_0014.uasset" 6434
"../../../Engine/Content/EngineMaterials/Substrate/GLints/dict_16_192_64_0p5_0p02_0052_0014.uexp" 6435
"../../../Engine/Content/EngineMaterials/Substrate/GLints/dict_16_192_64_0p5_0p02_0058_0001.uasset" 6436
"../../../Engine/Content/EngineMaterials/Substrate/GLints/dict_16_192_64_0p5_0p02_0058_0001.uexp" 6437
"../../../Engine/Content/EngineMaterials/Substrate/GLints/dict_16_192_64_0p5_0p02_0016_0002.uexp" 6438
"../../../Engine/Content/EngineMaterials/Substrate/GLints/dict_16_192_64_0p5_0p02_0016_0002.uasset" 6439
"../../../Engine/Content/EngineMaterials/Substrate/GLints/dict_16_192_64_0p5_0p02_0020_0005.uexp" 6440
"../../../Engine/Content/EngineMaterials/Substrate/GLints/dict_16_192_64_0p5_0p02_0020_0005.uasset" 6441
"../../../Engine/Content/EngineMaterials/Substrate/GLints/dict_16_192_64_0p5_0p02_0001_0004.uexp" 6442
"../../../Engine/Content/EngineMaterials/Substrate/GLints/dict_16_192_64_0p5_0p02_0001_0004.uasset" 6443
"../../../Engine/Content/EngineMaterials/Substrate/GLints/dict_16_192_64_0p5_0p02_0048_0010.uexp" 6444
"../../../Engine/Content/EngineMaterials/Substrate/GLints/dict_16_192_64_0p5_0p02_0048_0010.uasset" 6445
"../../../Engine/Content/EngineMaterials/Substrate/GLints/dict_16_192_64_0p5_0p02_0043_0005.uexp" 6446
"../../../Engine/Content/EngineMaterials/Substrate/GLints/dict_16_192_64_0p5_0p02_0043_0005.uasset" 6447
"../../../Engine/Content/EngineMaterials/Substrate/GLints/dict_16_192_64_0p5_0p02_0002_0002.uasset" 6448
"../../../Engine/Content/EngineMaterials/Substrate/GLints/dict_16_192_64_0p5_0p02_0002_0002.uexp" 6449
"../../../Engine/Content/EngineMaterials/Substrate/GLints/dict_16_192_64_0p5_0p02_0019_0001.uasset" 6450
"../../../Engine/Content/EngineMaterials/Substrate/GLints/dict_16_192_64_0p5_0p02_0019_0001.uexp" 6451
"../../../Engine/Content/EngineMaterials/Substrate/GLints/dict_16_192_64_0p5_0p02_0058_0013.uasset" 6452
"../../../Engine/Content/EngineMaterials/Substrate/GLints/dict_16_192_64_0p5_0p02_0058_0013.uexp" 6453
"../../../Engine/Content/EngineMaterials/Substrate/GLints/dict_16_192_64_0p5_0p02_0052_0003.uasset" 6454
"../../../Engine/Content/EngineMaterials/Substrate/GLints/dict_16_192_64_0p5_0p02_0052_0003.uexp" 6455
"../../../Engine/Content/EngineMaterials/Substrate/GLints/dict_16_192_64_0p5_0p02_0025_0001.uexp" 6456
"../../../Engine/Content/EngineMaterials/Substrate/GLints/dict_16_192_64_0p5_0p02_0025_0001.uasset" 6457
"../../../Engine/Content/EngineMaterials/Substrate/GLints/dict_16_192_64_0p5_0p02_0027_0001.uasset" 6458
"../../../Engine/Content/EngineMaterials/Substrate/GLints/dict_16_192_64_0p5_0p02_0027_0001.uexp" 6459
"../../../Engine/Content/EngineMaterials/Substrate/GLints/dict_16_192_64_0p5_0p02_0038_0001.uasset" 6460
"../../../Engine/Content/EngineMaterials/Substrate/GLints/dict_16_192_64_0p5_0p02_0038_0001.uexp" 6461
"../../../Engine/Content/EngineMaterials/Substrate/GLints/dict_16_192_64_0p5_0p02_0063_0006.uasset" 6462
"../../../Engine/Content/EngineMaterials/Substrate/GLints/dict_16_192_64_0p5_0p02_0063_0006.uexp" 6463
"../../../Engine/Content/EngineMaterials/Substrate/GLints/dict_16_192_64_0p5_0p02_0023_0003.uasset" 6464
"../../../Engine/Content/EngineMaterials/Substrate/GLints/dict_16_192_64_0p5_0p02_0023_0003.uexp" 6465
"../../../Engine/Content/EngineMaterials/Substrate/GLints/dict_16_192_64_0p5_0p02_0002_0000.uexp" 6466
"../../../Engine/Content/EngineMaterials/Substrate/GLints/dict_16_192_64_0p5_0p02_0002_0000.uasset" 6467
"../../../Engine/Content/EngineMaterials/Substrate/GLints/dict_16_192_64_0p5_0p02_0005_0015.uasset" 6468
"../../../Engine/Content/EngineMaterials/Substrate/GLints/dict_16_192_64_0p5_0p02_0005_0015.uexp" 6469
"../../../Engine/Content/EngineMaterials/Substrate/GLints/dict_16_192_64_0p5_0p02_0044_0007.uasset" 6470
"../../../Engine/Content/EngineMaterials/Substrate/GLints/dict_16_192_64_0p5_0p02_0044_0007.uexp" 6471
"../../../Engine/Content/EngineMaterials/Substrate/GLints/dict_16_192_64_0p5_0p02_0042_0005.uexp" 6472
"../../../Engine/Content/EngineMaterials/Substrate/GLints/dict_16_192_64_0p5_0p02_0042_0005.uasset" 6473
"../../../Engine/Content/EngineMaterials/Substrate/GLints/dict_16_192_64_0p5_0p02_0008_0001.uexp" 6474
"../../../Engine/Content/EngineMaterials/Substrate/GLints/dict_16_192_64_0p5_0p02_0008_0001.uasset" 6475
"../../../Engine/Content/EngineMaterials/Substrate/GLints/dict_16_192_64_0p5_0p02_0046_0013.uexp" 6476
"../../../Engine/Content/EngineMaterials/Substrate/GLints/dict_16_192_64_0p5_0p02_0046_0013.uasset" 6477
"../../../Engine/Content/EngineMaterials/Substrate/GLints/dict_16_192_64_0p5_0p02_0026_0004.uexp" 6478
"../../../Engine/Content/EngineMaterials/Substrate/GLints/dict_16_192_64_0p5_0p02_0026_0004.uasset" 6479
"../../../Engine/Content/EngineMaterials/Substrate/GLints/dict_16_192_64_0p5_0p02_0033_0012.uasset" 6480
"../../../Engine/Content/EngineMaterials/Substrate/GLints/dict_16_192_64_0p5_0p02_0033_0012.uexp" 6481
"../../../Engine/Content/EngineMaterials/Substrate/GLints/dict_16_192_64_0p5_0p02_0049_0002.uasset" 6482
"../../../Engine/Content/EngineMaterials/Substrate/GLints/dict_16_192_64_0p5_0p02_0049_0002.uexp" 6483
"../../../Engine/Content/EngineMaterials/Substrate/GLints/dict_16_192_64_0p5_0p02_0057_0012.uexp" 6484
"../../../Engine/Content/EngineMaterials/Substrate/GLints/dict_16_192_64_0p5_0p02_0057_0012.uasset" 6485
"../../../Engine/Content/EngineMaterials/Substrate/GLints/dict_16_192_64_0p5_0p02_0022_0007.uexp" 6486
"../../../Engine/Content/EngineMaterials/Substrate/GLints/dict_16_192_64_0p5_0p02_0022_0007.uasset" 6487
"../../../Engine/Content/EngineMaterials/Substrate/GLints/dict_16_192_64_0p5_0p02_0028_0011.uasset" 6488
"../../../Engine/Content/EngineMaterials/Substrate/GLints/dict_16_192_64_0p5_0p02_0028_0011.uexp" 6489
"../../../Engine/Content/EngineMaterials/Substrate/GLints/dict_16_192_64_0p5_0p02_0031_0002.uexp" 6490
"../../../Engine/Content/EngineMaterials/Substrate/GLints/dict_16_192_64_0p5_0p02_0031_0002.uasset" 6491
"../../../Engine/Content/EngineMaterials/Substrate/GLints/dict_16_192_64_0p5_0p02_0028_0007.uasset" 6492
"../../../Engine/Content/EngineMaterials/Substrate/GLints/dict_16_192_64_0p5_0p02_0028_0007.uexp" 6493
"../../../Engine/Content/EngineMaterials/Substrate/GLints/dict_16_192_64_0p5_0p02_0043_0007.uexp" 6494
"../../../Engine/Content/EngineMaterials/Substrate/GLints/dict_16_192_64_0p5_0p02_0043_0007.uasset" 6495
"../../../Engine/Content/EngineMaterials/Substrate/GLints/dict_16_192_64_0p5_0p02_0014_0011.uasset" 6496
"../../../Engine/Content/EngineMaterials/Substrate/GLints/dict_16_192_64_0p5_0p02_0014_0011.uexp" 6497
"../../../Engine/Content/EngineMaterials/Substrate/GLints/dict_16_192_64_0p5_0p02_0055_0002.uasset" 6498
"../../../Engine/Content/EngineMaterials/Substrate/GLints/dict_16_192_64_0p5_0p02_0055_0002.uexp" 6499
"../../../Engine/Content/EngineMaterials/Substrate/GLints/dict_16_192_64_0p5_0p02_0010_0015.uasset" 6500
"../../../Engine/Content/EngineMaterials/Substrate/GLints/dict_16_192_64_0p5_0p02_0010_0015.uexp" 6501
"../../../Engine/Content/EngineMaterials/Substrate/GLints/dict_16_192_64_0p5_0p02_0029_0005.uasset" 6502
"../../../Engine/Content/EngineMaterials/Substrate/GLints/dict_16_192_64_0p5_0p02_0029_0005.uexp" 6503
"../../../Engine/Content/EngineMaterials/Substrate/GLints/dict_16_192_64_0p5_0p02_0030_0007.uexp" 6504
"../../../Engine/Content/EngineMaterials/Substrate/GLints/dict_16_192_64_0p5_0p02_0030_0007.uasset" 6505
"../../../Engine/Content/EngineMaterials/Substrate/GLints/dict_16_192_64_0p5_0p02_0032_0007.uasset" 6506
"../../../Engine/Content/EngineMaterials/Substrate/GLints/dict_16_192_64_0p5_0p02_0032_0007.uexp" 6507
"../../../Engine/Content/EngineMaterials/Substrate/GLints/dict_16_192_64_0p5_0p02_0060_0013.uasset" 6508
"../../../Engine/Content/EngineMaterials/Substrate/GLints/dict_16_192_64_0p5_0p02_0060_0013.uexp" 6509
"../../../Engine/Content/EngineMaterials/Substrate/GLints/dict_16_192_64_0p5_0p02_0059_0012.uasset" 6510
"../../../Engine/Content/EngineMaterials/Substrate/GLints/dict_16_192_64_0p5_0p02_0059_0012.uexp" 6511
"../../../Engine/Content/EngineMaterials/Substrate/GLints/dict_16_192_64_0p5_0p02_0052_0002.uasset" 6512
"../../../Engine/Content/EngineMaterials/Substrate/GLints/dict_16_192_64_0p5_0p02_0052_0002.uexp" 6513
"../../../Engine/Content/EngineMaterials/Substrate/GLints/dict_16_192_64_0p5_0p02_0021_0008.uexp" 6514
"../../../Engine/Content/EngineMaterials/Substrate/GLints/dict_16_192_64_0p5_0p02_0021_0008.uasset" 6515
"../../../Engine/Content/EngineMaterials/Substrate/GLints/dict_16_192_64_0p5_0p02_0024_0001.uasset" 6516
"../../../Engine/Content/EngineMaterials/Substrate/GLints/dict_16_192_64_0p5_0p02_0024_0001.uexp" 6517
"../../../Engine/Content/EngineMaterials/Substrate/GLints/dict_16_192_64_0p5_0p02_0058_0007.uexp" 6518
"../../../Engine/Content/EngineMaterials/Substrate/GLints/dict_16_192_64_0p5_0p02_0058_0007.uasset" 6519
"../../../Engine/Content/EngineMaterials/Substrate/GLints/dict_16_192_64_0p5_0p02_0018_0007.uexp" 6520
"../../../Engine/Content/EngineMaterials/Substrate/GLints/dict_16_192_64_0p5_0p02_0018_0007.uasset" 6521
"../../../Engine/Content/EngineMaterials/Substrate/GLints/dict_16_192_64_0p5_0p02_0030_0001.uexp" 6522
"../../../Engine/Content/EngineMaterials/Substrate/GLints/dict_16_192_64_0p5_0p02_0030_0001.uasset" 6523
"../../../Engine/Content/EngineMaterials/Substrate/GLints/dict_16_192_64_0p5_0p02_0023_0005.uexp" 6524
"../../../Engine/Content/EngineMaterials/Substrate/GLints/dict_16_192_64_0p5_0p02_0023_0005.uasset" 6525
"../../../Engine/Content/EngineMaterials/Substrate/GLints/dict_16_192_64_0p5_0p02_0046_0012.uasset" 6526
"../../../Engine/Content/EngineMaterials/Substrate/GLints/dict_16_192_64_0p5_0p02_0046_0012.uexp" 6527
"../../../Engine/Content/EngineMaterials/Substrate/GLints/dict_16_192_64_0p5_0p02_0008_0009.uexp" 6528
"../../../Engine/Content/EngineMaterials/Substrate/GLints/dict_16_192_64_0p5_0p02_0008_0009.uasset" 6529
"../../../Engine/Content/EngineMaterials/Substrate/GLints/dict_16_192_64_0p5_0p02_0002_0010.uasset" 6530
"../../../Engine/Content/EngineMaterials/Substrate/GLints/dict_16_192_64_0p5_0p02_0002_0010.uexp" 6531
"../../../Engine/Content/EngineMaterials/Substrate/GLints/dict_16_192_64_0p5_0p02_0058_0008.uasset" 6532
"../../../Engine/Content/EngineMaterials/Substrate/GLints/dict_16_192_64_0p5_0p02_0058_0008.uexp" 6533
"../../../Engine/Content/EngineMaterials/Substrate/GLints/dict_16_192_64_0p5_0p02_0051_0008.uexp" 6534
"../../../Engine/Content/EngineMaterials/Substrate/GLints/dict_16_192_64_0p5_0p02_0051_0008.uasset" 6535
"../../../Engine/Content/EngineMaterials/Substrate/GLints/dict_16_192_64_0p5_0p02_0027_0006.uasset" 6536
"../../../Engine/Content/EngineMaterials/Substrate/GLints/dict_16_192_64_0p5_0p02_0027_0006.uexp" 6537
"../../../Engine/Content/EngineMaterials/Substrate/GLints/dict_16_192_64_0p5_0p02_0050_0009.uexp" 6538
"../../../Engine/Content/EngineMaterials/Substrate/GLints/dict_16_192_64_0p5_0p02_0050_0009.uasset" 6539
"../../../Engine/Content/EngineMaterials/Substrate/GLints/dict_16_192_64_0p5_0p02_0028_0006.uexp" 6540
"../../../Engine/Content/EngineMaterials/Substrate/GLints/dict_16_192_64_0p5_0p02_0028_0006.uasset" 6541
"../../../Engine/Content/EngineMaterials/Substrate/GLints/dict_16_192_64_0p5_0p02_0048_0001.uasset" 6542
"../../../Engine/Content/EngineMaterials/Substrate/GLints/dict_16_192_64_0p5_0p02_0048_0001.uexp" 6543
"../../../Engine/Content/EngineMaterials/Substrate/GLints/dict_16_192_64_0p5_0p02_0014_0001.uasset" 6544
"../../../Engine/Content/EngineMaterials/Substrate/GLints/dict_16_192_64_0p5_0p02_0014_0001.uexp" 6545
"../../../Engine/Content/EngineMaterials/Substrate/GLints/dict_16_192_64_0p5_0p02_0001_0014.uexp" 6546
"../../../Engine/Content/EngineMaterials/Substrate/GLints/dict_16_192_64_0p5_0p02_0001_0014.uasset" 6547
"../../../Engine/Content/EngineMaterials/Substrate/GLints/dict_16_192_64_0p5_0p02_0061_0009.uexp" 6548
"../../../Engine/Content/EngineMaterials/Substrate/GLints/dict_16_192_64_0p5_0p02_0061_0009.uasset" 6549
"../../../Engine/Content/EngineMaterials/Substrate/GLints/dict_16_192_64_0p5_0p02_0022_0013.uasset" 6550
"../../../Engine/Content/EngineMaterials/Substrate/GLints/dict_16_192_64_0p5_0p02_0022_0013.uexp" 6551
"../../../Engine/Content/EngineMaterials/Substrate/GLints/dict_16_192_64_0p5_0p02_0062_0008.uasset" 6552
"../../../Engine/Content/EngineMaterials/Substrate/GLints/dict_16_192_64_0p5_0p02_0062_0008.uexp" 6553
"../../../Engine/Content/EngineMaterials/Substrate/GLints/dict_16_192_64_0p5_0p02_0060_0010.uexp" 6554
"../../../Engine/Content/EngineMaterials/Substrate/GLints/dict_16_192_64_0p5_0p02_0060_0010.uasset" 6555
"../../../Engine/Content/EngineMaterials/Substrate/GLints/dict_16_192_64_0p5_0p02_0015_0015.uexp" 6556
"../../../Engine/Content/EngineMaterials/Substrate/GLints/dict_16_192_64_0p5_0p02_0015_0015.uasset" 6557
"../../../Engine/Content/EngineMaterials/Substrate/GLints/dict_16_192_64_0p5_0p02_0034_0004.uexp" 6558
"../../../Engine/Content/EngineMaterials/Substrate/GLints/dict_16_192_64_0p5_0p02_0034_0004.uasset" 6559
"../../../Engine/Content/EngineMaterials/Substrate/GLints/dict_16_192_64_0p5_0p02_0044_0010.uasset" 6560
"../../../Engine/Content/EngineMaterials/Substrate/GLints/dict_16_192_64_0p5_0p02_0044_0010.uexp" 6561
"../../../Engine/Content/EngineMaterials/Substrate/GLints/dict_16_192_64_0p5_0p02_0036_0005.uasset" 6562
"../../../Engine/Content/EngineMaterials/Substrate/GLints/dict_16_192_64_0p5_0p02_0036_0005.uexp" 6563
"../../../Engine/Content/EngineMaterials/Substrate/GLints/dict_16_192_64_0p5_0p02_0051_0009.uasset" 6564
"../../../Engine/Content/EngineMaterials/Substrate/GLints/dict_16_192_64_0p5_0p02_0051_0009.uexp" 6565
"../../../Engine/Content/EngineMaterials/Substrate/GLints/dict_16_192_64_0p5_0p02_0047_0013.uasset" 6566
"../../../Engine/Content/EngineMaterials/Substrate/GLints/dict_16_192_64_0p5_0p02_0047_0013.uexp" 6567
"../../../Engine/Content/EngineMaterials/Substrate/GLints/dict_16_192_64_0p5_0p02_0018_0009.uexp" 6568
"../../../Engine/Content/EngineMaterials/Substrate/GLints/dict_16_192_64_0p5_0p02_0018_0009.uasset" 6569
"../../../Engine/Content/EngineMaterials/Substrate/GLints/dict_16_192_64_0p5_0p02_0037_0007.uasset" 6570
"../../../Engine/Content/EngineMaterials/Substrate/GLints/dict_16_192_64_0p5_0p02_0037_0007.uexp" 6571
"../../../Engine/Content/EngineMaterials/Substrate/GLints/dict_16_192_64_0p5_0p02_0008_0003.uexp" 6572
"../../../Engine/Content/EngineMaterials/Substrate/GLints/dict_16_192_64_0p5_0p02_0008_0003.uasset" 6573
"../../../Engine/Content/EngineMaterials/Substrate/GLints/dict_16_192_64_0p5_0p02_0035_0002.uexp" 6574
"../../../Engine/Content/EngineMaterials/Substrate/GLints/dict_16_192_64_0p5_0p02_0035_0002.uasset" 6575
"../../../Engine/Content/EngineMaterials/Substrate/GLints/dict_16_192_64_0p5_0p02_0000_0000.uexp" 6576
"../../../Engine/Content/EngineMaterials/Substrate/GLints/dict_16_192_64_0p5_0p02_0000_0000.uasset" 6577
"../../../Engine/Content/EngineMaterials/Substrate/GLints/dict_16_192_64_0p5_0p02_0022_0001.uasset" 6578
"../../../Engine/Content/EngineMaterials/Substrate/GLints/dict_16_192_64_0p5_0p02_0022_0001.uexp" 6579
"../../../Engine/Content/EngineMaterials/Substrate/GLints/dict_16_192_64_0p5_0p02_0034_0008.uexp" 6580
"../../../Engine/Content/EngineMaterials/Substrate/GLints/dict_16_192_64_0p5_0p02_0034_0008.uasset" 6581
"../../../Engine/Content/EngineMaterials/Substrate/GLints/dict_16_192_64_0p5_0p02_0017_0003.uexp" 6582
"../../../Engine/Content/EngineMaterials/Substrate/GLints/dict_16_192_64_0p5_0p02_0017_0003.uasset" 6583
"../../../Engine/Content/EngineMaterials/Substrate/GLints/dict_16_192_64_0p5_0p02_0002_0005.uasset" 6584
"../../../Engine/Content/EngineMaterials/Substrate/GLints/dict_16_192_64_0p5_0p02_0002_0005.uexp" 6585
"../../../Engine/Content/EngineMaterials/Substrate/GLints/dict_16_192_64_0p5_0p02_0043_0001.uasset" 6586
"../../../Engine/Content/EngineMaterials/Substrate/GLints/dict_16_192_64_0p5_0p02_0043_0001.uexp" 6587
"../../../Engine/Content/EngineMaterials/Substrate/GLints/dict_16_192_64_0p5_0p02_0026_0006.uasset" 6588
"../../../Engine/Content/EngineMaterials/Substrate/GLints/dict_16_192_64_0p5_0p02_0026_0006.uexp" 6589
"../../../Engine/Content/EngineMaterials/Substrate/GLints/dict_16_192_64_0p5_0p02_0041_0008.uasset" 6590
"../../../Engine/Content/EngineMaterials/Substrate/GLints/dict_16_192_64_0p5_0p02_0041_0008.uexp" 6591
"../../../Engine/Content/EngineMaterials/Substrate/GLints/dict_16_192_64_0p5_0p02_0028_0009.uasset" 6592
"../../../Engine/Content/EngineMaterials/Substrate/GLints/dict_16_192_64_0p5_0p02_0028_0009.uexp" 6593
"../../../Engine/Content/EngineMaterials/Substrate/GLints/dict_16_192_64_0p5_0p02_0049_0007.uasset" 6594
"../../../Engine/Content/EngineMaterials/Substrate/GLints/dict_16_192_64_0p5_0p02_0049_0007.uexp" 6595
"../../../Engine/Content/EngineMaterials/Substrate/GLints/dict_16_192_64_0p5_0p02_0021_0010.uexp" 6596
"../../../Engine/Content/EngineMaterials/Substrate/GLints/dict_16_192_64_0p5_0p02_0021_0010.uasset" 6597
"../../../Engine/Content/EngineMaterials/Substrate/GLints/dict_16_192_64_0p5_0p02_0015_0000.uasset" 6598
"../../../Engine/Content/EngineMaterials/Substrate/GLints/dict_16_192_64_0p5_0p02_0015_0000.uexp" 6599
"../../../Engine/Content/EngineMaterials/Substrate/GLints/dict_16_192_64_0p5_0p02_0046_0008.uasset" 6600
"../../../Engine/Content/EngineMaterials/Substrate/GLints/dict_16_192_64_0p5_0p02_0046_0008.uexp" 6601
"../../../Engine/Content/EngineMaterials/Substrate/GLints/dict_16_192_64_0p5_0p02_0052_0012.uasset" 6602
"../../../Engine/Content/EngineMaterials/Substrate/GLints/dict_16_192_64_0p5_0p02_0052_0012.uexp" 6603
"../../../Engine/Content/EngineMaterials/Substrate/GLints/dict_16_192_64_0p5_0p02_0040_0011.uexp" 6604
"../../../Engine/Content/EngineMaterials/Substrate/GLints/dict_16_192_64_0p5_0p02_0040_0011.uasset" 6605
"../../../Engine/Content/EngineMaterials/Substrate/GLints/dict_16_192_64_0p5_0p02_0019_0003.uasset" 6606
"../../../Engine/Content/EngineMaterials/Substrate/GLints/dict_16_192_64_0p5_0p02_0019_0003.uexp" 6607
"../../../Engine/Content/EngineMaterials/Substrate/GLints/dict_16_192_64_0p5_0p02_0023_0012.uasset" 6608
"../../../Engine/Content/EngineMaterials/Substrate/GLints/dict_16_192_64_0p5_0p02_0023_0012.uexp" 6609
"../../../Engine/Content/EngineMaterials/Substrate/GLints/dict_16_192_64_0p5_0p02_0005_0007.uexp" 6610
"../../../Engine/Content/EngineMaterials/Substrate/GLints/dict_16_192_64_0p5_0p02_0005_0007.uasset" 6611
"../../../Engine/Content/EngineMaterials/Substrate/GLints/dict_16_192_64_0p5_0p02_0031_0001.uexp" 6612
"../../../Engine/Content/EngineMaterials/Substrate/GLints/dict_16_192_64_0p5_0p02_0031_0001.uasset" 6613
"../../../Engine/Content/EngineMaterials/Substrate/GLints/dict_16_192_64_0p5_0p02_0032_0009.uasset" 6614
"../../../Engine/Content/EngineMaterials/Substrate/GLints/dict_16_192_64_0p5_0p02_0032_0009.uexp" 6615
"../../../Engine/Content/EngineMaterials/Substrate/GLints/dict_16_192_64_0p5_0p02_0051_0000.uasset" 6616
"../../../Engine/Content/EngineMaterials/Substrate/GLints/dict_16_192_64_0p5_0p02_0051_0000.uexp" 6617
"../../../Engine/Content/EngineMaterials/Substrate/GLints/dict_16_192_64_0p5_0p02_0056_0010.uasset" 6618
"../../../Engine/Content/EngineMaterials/Substrate/GLints/dict_16_192_64_0p5_0p02_0056_0010.uexp" 6619
"../../../Engine/Content/EngineMaterials/Substrate/GLints/dict_16_192_64_0p5_0p02_0047_0014.uexp" 6620
"../../../Engine/Content/EngineMaterials/Substrate/GLints/dict_16_192_64_0p5_0p02_0047_0014.uasset" 6621
"../../../Engine/Content/EngineMaterials/Substrate/GLints/dict_16_192_64_0p5_0p02_0041_0014.uasset" 6622
"../../../Engine/Content/EngineMaterials/Substrate/GLints/dict_16_192_64_0p5_0p02_0041_0014.uexp" 6623
"../../../Engine/Content/EngineMaterials/Substrate/GLints/dict_16_192_64_0p5_0p02_0046_0007.uexp" 6624
"../../../Engine/Content/EngineMaterials/Substrate/GLints/dict_16_192_64_0p5_0p02_0046_0007.uasset" 6625
"../../../Engine/Content/EngineMaterials/Substrate/GLints/dict_16_192_64_0p5_0p02_0022_0008.uexp" 6626
"../../../Engine/Content/EngineMaterials/Substrate/GLints/dict_16_192_64_0p5_0p02_0022_0008.uasset" 6627
"../../../Engine/Content/EngineMaterials/Substrate/GLints/dict_16_192_64_0p5_0p02_0037_0001.uasset" 6628
"../../../Engine/Content/EngineMaterials/Substrate/GLints/dict_16_192_64_0p5_0p02_0037_0001.uexp" 6629
"../../../Engine/Content/EngineMaterials/Substrate/GLints/dict_16_192_64_0p5_0p02_0004_0003.uasset" 6630
"../../../Engine/Content/EngineMaterials/Substrate/GLints/dict_16_192_64_0p5_0p02_0004_0003.uexp" 6631
"../../../Engine/Content/EngineMaterials/Substrate/GLints/dict_16_192_64_0p5_0p02_0038_0013.uexp" 6632
"../../../Engine/Content/EngineMaterials/Substrate/GLints/dict_16_192_64_0p5_0p02_0038_0013.uasset" 6633
"../../../Engine/Content/EngineMaterials/Substrate/GLints/dict_16_192_64_0p5_0p02_0045_0006.uasset" 6634
"../../../Engine/Content/EngineMaterials/Substrate/GLints/dict_16_192_64_0p5_0p02_0045_0006.uexp" 6635
"../../../Engine/Content/EngineMaterials/Substrate/GLints/dict_16_192_64_0p5_0p02_0063_0002.uexp" 6636
"../../../Engine/Content/EngineMaterials/Substrate/GLints/dict_16_192_64_0p5_0p02_0063_0002.uasset" 6637
"../../../Engine/Content/EngineMaterials/Substrate/GLints/dict_16_192_64_0p5_0p02_0021_0001.uasset" 6638
"../../../Engine/Content/EngineMaterials/Substrate/GLints/dict_16_192_64_0p5_0p02_0021_0001.uexp" 6639
"../../../Engine/Content/EngineMaterials/Substrate/GLints/dict_16_192_64_0p5_0p02_0062_0013.uexp" 6640
"../../../Engine/Content/EngineMaterials/Substrate/GLints/dict_16_192_64_0p5_0p02_0062_0013.uasset" 6641
"../../../Engine/Content/EngineMaterials/Substrate/GLints/dict_16_192_64_0p5_0p02_0022_0012.uasset" 6642
"../../../Engine/Content/EngineMaterials/Substrate/GLints/dict_16_192_64_0p5_0p02_0022_0012.uexp" 6643
"../../../Engine/Content/EngineMaterials/Substrate/GLints/dict_16_192_64_0p5_0p02_0053_0003.uexp" 6644
"../../../Engine/Content/EngineMaterials/Substrate/GLints/dict_16_192_64_0p5_0p02_0053_0003.uasset" 6645
"../../../Engine/Content/EngineMaterials/Substrate/GLints/dict_16_192_64_0p5_0p02_0000_0013.uasset" 6646
"../../../Engine/Content/EngineMaterials/Substrate/GLints/dict_16_192_64_0p5_0p02_0000_0013.uexp" 6647
"../../../Engine/Content/EngineMaterials/Substrate/GLints/dict_16_192_64_0p5_0p02_0056_0000.uasset" 6648
"../../../Engine/Content/EngineMaterials/Substrate/GLints/dict_16_192_64_0p5_0p02_0056_0000.uexp" 6649
"../../../Engine/Content/EngineMaterials/Substrate/GLints/dict_16_192_64_0p5_0p02_0062_0007.uasset" 6650
"../../../Engine/Content/EngineMaterials/Substrate/GLints/dict_16_192_64_0p5_0p02_0062_0007.uexp" 6651
"../../../Engine/Content/EngineMaterials/Substrate/GLints/dict_16_192_64_0p5_0p02_0055_0001.uexp" 6652
"../../../Engine/Content/EngineMaterials/Substrate/GLints/dict_16_192_64_0p5_0p02_0055_0001.uasset" 6653
"../../../Engine/Content/EngineMaterials/Substrate/GLints/dict_16_192_64_0p5_0p02_0051_0012.uexp" 6654
"../../../Engine/Content/EngineMaterials/Substrate/GLints/dict_16_192_64_0p5_0p02_0051_0012.uasset" 6655
"../../../Engine/Content/EngineMaterials/Substrate/GLints/dict_16_192_64_0p5_0p02_0005_0008.uexp" 6656
"../../../Engine/Content/EngineMaterials/Substrate/GLints/dict_16_192_64_0p5_0p02_0005_0008.uasset" 6657
"../../../Engine/Content/EngineMaterials/Substrate/GLints/dict_16_192_64_0p5_0p02_0019_0010.uasset" 6658
"../../../Engine/Content/EngineMaterials/Substrate/GLints/dict_16_192_64_0p5_0p02_0019_0010.uexp" 6659
"../../../Engine/Content/EngineMaterials/Substrate/GLints/dict_16_192_64_0p5_0p02_0004_0010.uasset" 6660
"../../../Engine/Content/EngineMaterials/Substrate/GLints/dict_16_192_64_0p5_0p02_0004_0010.uexp" 6661
"../../../Engine/Content/EngineMaterials/Substrate/GLints/dict_16_192_64_0p5_0p02_0057_0002.uexp" 6662
"../../../Engine/Content/EngineMaterials/Substrate/GLints/dict_16_192_64_0p5_0p02_0057_0002.uasset" 6663
"../../../Engine/Content/EngineMaterials/Substrate/GLints/dict_16_192_64_0p5_0p02_0020_0006.uasset" 6664
"../../../Engine/Content/EngineMaterials/Substrate/GLints/dict_16_192_64_0p5_0p02_0020_0006.uexp" 6665
"../../../Engine/Content/EngineMaterials/Substrate/GLints/dict_16_192_64_0p5_0p02_0039_0015.uexp" 6666
"../../../Engine/Content/EngineMaterials/Substrate/GLints/dict_16_192_64_0p5_0p02_0039_0015.uasset" 6667
"../../../Engine/Content/EngineMaterials/Substrate/GLints/dict_16_192_64_0p5_0p02_0062_0004.uasset" 6668
"../../../Engine/Content/EngineMaterials/Substrate/GLints/dict_16_192_64_0p5_0p02_0062_0004.uexp" 6669
"../../../Engine/Content/EngineMaterials/Substrate/GLints/dict_16_192_64_0p5_0p02_0032_0000.uasset" 6670
"../../../Engine/Content/EngineMaterials/Substrate/GLints/dict_16_192_64_0p5_0p02_0032_0000.uexp" 6671
"../../../Engine/Content/EngineMaterials/Substrate/GLints/dict_16_192_64_0p5_0p02_0030_0012.uasset" 6672
"../../../Engine/Content/EngineMaterials/Substrate/GLints/dict_16_192_64_0p5_0p02_0030_0012.uexp" 6673
"../../../Engine/Content/EngineMaterials/Substrate/GLints/dict_16_192_64_0p5_0p02_0016_0013.uasset" 6674
"../../../Engine/Content/EngineMaterials/Substrate/GLints/dict_16_192_64_0p5_0p02_0016_0013.uexp" 6675
"../../../Engine/Content/EngineMaterials/Substrate/GLints/dict_16_192_64_0p5_0p02_0041_0011.uexp" 6676
"../../../Engine/Content/EngineMaterials/Substrate/GLints/dict_16_192_64_0p5_0p02_0041_0011.uasset" 6677
"../../../Engine/Content/EngineMaterials/Substrate/GLints/dict_16_192_64_0p5_0p02_0009_0002.uasset" 6678
"../../../Engine/Content/EngineMaterials/Substrate/GLints/dict_16_192_64_0p5_0p02_0009_0002.uexp" 6679
"../../../Engine/Content/EngineMaterials/Substrate/GLints/dict_16_192_64_0p5_0p02_0039_0004.uasset" 6680
"../../../Engine/Content/EngineMaterials/Substrate/GLints/dict_16_192_64_0p5_0p02_0039_0004.uexp" 6681
"../../../Engine/Content/EngineMaterials/Substrate/GLints/dict_16_192_64_0p5_0p02_0003_0002.uexp" 6682
"../../../Engine/Content/EngineMaterials/Substrate/GLints/dict_16_192_64_0p5_0p02_0003_0002.uasset" 6683
"../../../Engine/Content/EngineMaterials/Substrate/GLints/dict_16_192_64_0p5_0p02_0004_0015.uexp" 6684
"../../../Engine/Content/EngineMaterials/Substrate/GLints/dict_16_192_64_0p5_0p02_0004_0015.uasset" 6685
"../../../Engine/Content/EngineMaterials/Substrate/GLints/dict_16_192_64_0p5_0p02_0030_0004.uasset" 6686
"../../../Engine/Content/EngineMaterials/Substrate/GLints/dict_16_192_64_0p5_0p02_0030_0004.uexp" 6687
"../../../Engine/Content/EngineMaterials/Substrate/GLints/dict_16_192_64_0p5_0p02_0045_0007.uasset" 6688
"../../../Engine/Content/EngineMaterials/Substrate/GLints/dict_16_192_64_0p5_0p02_0045_0007.uexp" 6689
"../../../Engine/Content/EngineMaterials/Substrate/GLints/dict_16_192_64_0p5_0p02_0053_0009.uexp" 6690
"../../../Engine/Content/EngineMaterials/Substrate/GLints/dict_16_192_64_0p5_0p02_0053_0009.uasset" 6691
"../../../Engine/Content/EngineMaterials/Substrate/GLints/dict_16_192_64_0p5_0p02_0044_0002.uexp" 6692
"../../../Engine/Content/EngineMaterials/Substrate/GLints/dict_16_192_64_0p5_0p02_0044_0002.uasset" 6693
"../../../Engine/Content/EngineMaterials/Substrate/GLints/dict_16_192_64_0p5_0p02_0050_0005.uexp" 6694
"../../../Engine/Content/EngineMaterials/Substrate/GLints/dict_16_192_64_0p5_0p02_0050_0005.uasset" 6695
"../../../Engine/Content/EngineMaterials/Substrate/GLints/dict_16_192_64_0p5_0p02_0018_0013.uexp" 6696
"../../../Engine/Content/EngineMaterials/Substrate/GLints/dict_16_192_64_0p5_0p02_0018_0013.uasset" 6697
"../../../Engine/Content/EngineMaterials/Substrate/GLints/dict_16_192_64_0p5_0p02_0040_0015.uasset" 6698
"../../../Engine/Content/EngineMaterials/Substrate/GLints/dict_16_192_64_0p5_0p02_0040_0015.uexp" 6699
"../../../Engine/Content/EngineMaterials/Substrate/GLints/dict_16_192_64_0p5_0p02_0033_0010.uasset" 6700
"../../../Engine/Content/EngineMaterials/Substrate/GLints/dict_16_192_64_0p5_0p02_0033_0010.uexp" 6701
"../../../Engine/Content/EngineMaterials/Substrate/GLints/dict_16_192_64_0p5_0p02_0000_0014.uexp" 6702
"../../../Engine/Content/EngineMaterials/Substrate/GLints/dict_16_192_64_0p5_0p02_0000_0014.uasset" 6703
"../../../Engine/Content/EngineMaterials/Substrate/GLints/dict_16_192_64_0p5_0p02_0048_0014.uexp" 6704
"../../../Engine/Content/EngineMaterials/Substrate/GLints/dict_16_192_64_0p5_0p02_0048_0014.uasset" 6705
"../../../Engine/Content/EngineMaterials/Substrate/GLints/dict_16_192_64_0p5_0p02_0055_0008.uasset" 6706
"../../../Engine/Content/EngineMaterials/Substrate/GLints/dict_16_192_64_0p5_0p02_0055_0008.uexp" 6707
"../../../Engine/Content/EngineMaterials/Substrate/GLints/dict_16_192_64_0p5_0p02_0050_0011.uexp" 6708
"../../../Engine/Content/EngineMaterials/Substrate/GLints/dict_16_192_64_0p5_0p02_0050_0011.uasset" 6709
"../../../Engine/Content/EngineMaterials/Substrate/GLints/dict_16_192_64_0p5_0p02_0055_0009.uasset" 6710
"../../../Engine/Content/EngineMaterials/Substrate/GLints/dict_16_192_64_0p5_0p02_0055_0009.uexp" 6711
"../../../Engine/Content/EngineMaterials/Substrate/GLints/dict_16_192_64_0p5_0p02_0030_0002.uasset" 6712
"../../../Engine/Content/EngineMaterials/Substrate/GLints/dict_16_192_64_0p5_0p02_0030_0002.uexp" 6713
"../../../Engine/Content/EngineMaterials/Substrate/GLints/dict_16_192_64_0p5_0p02_0060_0014.uexp" 6714
"../../../Engine/Content/EngineMaterials/Substrate/GLints/dict_16_192_64_0p5_0p02_0060_0014.uasset" 6715
"../../../Engine/Content/EngineMaterials/Substrate/GLints/dict_16_192_64_0p5_0p02_0037_0014.uexp" 6716
"../../../Engine/Content/EngineMaterials/Substrate/GLints/dict_16_192_64_0p5_0p02_0037_0014.uasset" 6717
"../../../Engine/Content/EngineMaterials/Substrate/GLints/dict_16_192_64_0p5_0p02_0038_0003.uexp" 6718
"../../../Engine/Content/EngineMaterials/Substrate/GLints/dict_16_192_64_0p5_0p02_0038_0003.uasset" 6719
"../../../Engine/Content/EngineMaterials/Substrate/GLints/dict_16_192_64_0p5_0p02_0044_0009.uasset" 6720
"../../../Engine/Content/EngineMaterials/Substrate/GLints/dict_16_192_64_0p5_0p02_0044_0009.uexp" 6721
"../../../Engine/Content/EngineMaterials/Substrate/GLints/dict_16_192_64_0p5_0p02_0035_0011.uasset" 6722
"../../../Engine/Content/EngineMaterials/Substrate/GLints/dict_16_192_64_0p5_0p02_0035_0011.uexp" 6723
"../../../Engine/Content/EngineMaterials/Substrate/GLints/dict_16_192_64_0p5_0p02_0014_0003.uexp" 6724
"../../../Engine/Content/EngineMaterials/Substrate/GLints/dict_16_192_64_0p5_0p02_0014_0003.uasset" 6725
"../../../Engine/Content/EngineMaterials/Substrate/GLints/dict_16_192_64_0p5_0p02_0013_0000.uexp" 6726
"../../../Engine/Content/EngineMaterials/Substrate/GLints/dict_16_192_64_0p5_0p02_0013_0000.uasset" 6727
"../../../Engine/Content/EngineMaterials/Substrate/GLints/dict_16_192_64_0p5_0p02_0053_0008.uasset" 6728
"../../../Engine/Content/EngineMaterials/Substrate/GLints/dict_16_192_64_0p5_0p02_0053_0008.uexp" 6729
"../../../Engine/Content/EngineMaterials/Substrate/GLints/dict_16_192_64_0p5_0p02_0026_0015.uexp" 6730
"../../../Engine/Content/EngineMaterials/Substrate/GLints/dict_16_192_64_0p5_0p02_0026_0015.uasset" 6731
"../../../Engine/Content/EngineMaterials/Substrate/GLints/dict_16_192_64_0p5_0p02_0009_0000.uexp" 6732
"../../../Engine/Content/EngineMaterials/Substrate/GLints/dict_16_192_64_0p5_0p02_0009_0000.uasset" 6733
"../../../Engine/Content/EngineMaterials/Substrate/GLints/dict_16_192_64_0p5_0p02_0045_0001.uexp" 6734
"../../../Engine/Content/EngineMaterials/Substrate/GLints/dict_16_192_64_0p5_0p02_0045_0001.uasset" 6735
"../../../Engine/Content/EngineMaterials/Substrate/GLints/dict_16_192_64_0p5_0p02_0009_0010.uexp" 6736
"../../../Engine/Content/EngineMaterials/Substrate/GLints/dict_16_192_64_0p5_0p02_0009_0010.uasset" 6737
"../../../Engine/Content/EngineMaterials/Substrate/GLints/dict_16_192_64_0p5_0p02_0021_0013.uexp" 6738
"../../../Engine/Content/EngineMaterials/Substrate/GLints/dict_16_192_64_0p5_0p02_0021_0013.uasset" 6739
"../../../Engine/Content/EngineMaterials/Substrate/GLints/dict_16_192_64_0p5_0p02_0032_0008.uexp" 6740
"../../../Engine/Content/EngineMaterials/Substrate/GLints/dict_16_192_64_0p5_0p02_0032_0008.uasset" 6741
"../../../Engine/Content/EngineMaterials/Substrate/GLints/dict_16_192_64_0p5_0p02_0015_0010.uasset" 6742
"../../../Engine/Content/EngineMaterials/Substrate/GLints/dict_16_192_64_0p5_0p02_0015_0010.uexp" 6743
"../../../Engine/Content/EngineMaterials/Substrate/GLints/dict_16_192_64_0p5_0p02_0007_0010.uasset" 6744
"../../../Engine/Content/EngineMaterials/Substrate/GLints/dict_16_192_64_0p5_0p02_0007_0010.uexp" 6745
"../../../Engine/Content/EngineMaterials/Substrate/GLints/dict_16_192_64_0p5_0p02_0031_0007.uasset" 6746
"../../../Engine/Content/EngineMaterials/Substrate/GLints/dict_16_192_64_0p5_0p02_0031_0007.uexp" 6747
"../../../Engine/Content/EngineMaterials/Substrate/GLints/dict_16_192_64_0p5_0p02_0054_0014.uasset" 6748
"../../../Engine/Content/EngineMaterials/Substrate/GLints/dict_16_192_64_0p5_0p02_0054_0014.uexp" 6749
"../../../Engine/Content/EngineMaterials/Substrate/GLints/dict_16_192_64_0p5_0p02_0044_0015.uasset" 6750
"../../../Engine/Content/EngineMaterials/Substrate/GLints/dict_16_192_64_0p5_0p02_0044_0015.uexp" 6751
"../../../Engine/Content/EngineMaterials/Substrate/GLints/dict_16_192_64_0p5_0p02_0021_0009.uasset" 6752
"../../../Engine/Content/EngineMaterials/Substrate/GLints/dict_16_192_64_0p5_0p02_0021_0009.uexp" 6753
"../../../Engine/Content/EngineMaterials/Substrate/GLints/dict_16_192_64_0p5_0p02_0006_0010.uasset" 6754
"../../../Engine/Content/EngineMaterials/Substrate/GLints/dict_16_192_64_0p5_0p02_0006_0010.uexp" 6755
"../../../Engine/Content/EngineMaterials/Substrate/GLints/dict_16_192_64_0p5_0p02_0003_0012.uasset" 6756
"../../../Engine/Content/EngineMaterials/Substrate/GLints/dict_16_192_64_0p5_0p02_0003_0012.uexp" 6757
"../../../Engine/Content/EngineMaterials/Substrate/GLints/dict_16_192_64_0p5_0p02_0034_0013.uexp" 6758
"../../../Engine/Content/EngineMaterials/Substrate/GLints/dict_16_192_64_0p5_0p02_0034_0013.uasset" 6759
"../../../Engine/Content/EngineMaterials/Substrate/GLints/dict_16_192_64_0p5_0p02_0044_0006.uasset" 6760
"../../../Engine/Content/EngineMaterials/Substrate/GLints/dict_16_192_64_0p5_0p02_0044_0006.uexp" 6761
"../../../Engine/Content/EngineMaterials/Substrate/GLints/dict_16_192_64_0p5_0p02_0036_0009.uasset" 6762
"../../../Engine/Content/EngineMaterials/Substrate/GLints/dict_16_192_64_0p5_0p02_0036_0009.uexp" 6763
"../../../Engine/Content/EngineMaterials/Substrate/GLints/dict_16_192_64_0p5_0p02_0026_0001.uasset" 6764
"../../../Engine/Content/EngineMaterials/Substrate/GLints/dict_16_192_64_0p5_0p02_0026_0001.uexp" 6765
"../../../Engine/Content/EngineMaterials/Substrate/GLints/dict_16_192_64_0p5_0p02_0016_0001.uexp" 6766
"../../../Engine/Content/EngineMaterials/Substrate/GLints/dict_16_192_64_0p5_0p02_0016_0001.uasset" 6767
"../../../Engine/Content/EngineMaterials/Substrate/GLints/dict_16_192_64_0p5_0p02_0021_0007.uasset" 6768
"../../../Engine/Content/EngineMaterials/Substrate/GLints/dict_16_192_64_0p5_0p02_0021_0007.uexp" 6769
"../../../Engine/Content/EngineMaterials/Substrate/GLints/dict_16_192_64_0p5_0p02_0042_0010.uasset" 6770
"../../../Engine/Content/EngineMaterials/Substrate/GLints/dict_16_192_64_0p5_0p02_0042_0010.uexp" 6771
"../../../Engine/Content/EngineMaterials/Substrate/GLints/dict_16_192_64_0p5_0p02_0042_0015.uexp" 6772
"../../../Engine/Content/EngineMaterials/Substrate/GLints/dict_16_192_64_0p5_0p02_0042_0015.uasset" 6773
"../../../Engine/Content/EngineMaterials/Substrate/GLints/dict_16_192_64_0p5_0p02_0059_0006.uasset" 6774
"../../../Engine/Content/EngineMaterials/Substrate/GLints/dict_16_192_64_0p5_0p02_0059_0006.uexp" 6775
"../../../Engine/Content/EngineMaterials/Substrate/GLints/dict_16_192_64_0p5_0p02_0027_0012.uexp" 6776
"../../../Engine/Content/EngineMaterials/Substrate/GLints/dict_16_192_64_0p5_0p02_0027_0012.uasset" 6777
"../../../Engine/Content/EngineMaterials/Substrate/GLints/dict_16_192_64_0p5_0p02_0031_0012.uexp" 6778
"../../../Engine/Content/EngineMaterials/Substrate/GLints/dict_16_192_64_0p5_0p02_0031_0012.uasset" 6779
"../../../Engine/Content/EngineMaterials/Substrate/GLints/dict_16_192_64_0p5_0p02_0037_0008.uexp" 6780
"../../../Engine/Content/EngineMaterials/Substrate/GLints/dict_16_192_64_0p5_0p02_0037_0008.uasset" 6781
"../../../Engine/Content/EngineMaterials/Substrate/GLints/dict_16_192_64_0p5_0p02_0002_0009.uasset" 6782
"../../../Engine/Content/EngineMaterials/Substrate/GLints/dict_16_192_64_0p5_0p02_0002_0009.uexp" 6783
"../../../Engine/Content/EngineMaterials/Substrate/GLints/dict_16_192_64_0p5_0p02_0014_0013.uexp" 6784
"../../../Engine/Content/EngineMaterials/Substrate/GLints/dict_16_192_64_0p5_0p02_0014_0013.uasset" 6785
"../../../Engine/Content/EngineMaterials/Substrate/GLints/dict_16_192_64_0p5_0p02_0002_0014.uasset" 6786
"../../../Engine/Content/EngineMaterials/Substrate/GLints/dict_16_192_64_0p5_0p02_0002_0014.uexp" 6787
"../../../Engine/Content/EngineMaterials/Substrate/GLints/dict_16_192_64_0p5_0p02_0048_0009.uasset" 6788
"../../../Engine/Content/EngineMaterials/Substrate/GLints/dict_16_192_64_0p5_0p02_0048_0009.uexp" 6789
"../../../Engine/Content/EngineMaterials/Substrate/GLints/dict_16_192_64_0p5_0p02_0053_0011.uexp" 6790
"../../../Engine/Content/EngineMaterials/Substrate/GLints/dict_16_192_64_0p5_0p02_0053_0011.uasset" 6791
"../../../Engine/Content/EngineMaterials/Substrate/GLints/dict_16_192_64_0p5_0p02_0013_0006.uexp" 6792
"../../../Engine/Content/EngineMaterials/Substrate/GLints/dict_16_192_64_0p5_0p02_0013_0006.uasset" 6793
"../../../Engine/Content/EngineMaterials/Substrate/GLints/dict_16_192_64_0p5_0p02_0018_0005.uexp" 6794
"../../../Engine/Content/EngineMaterials/Substrate/GLints/dict_16_192_64_0p5_0p02_0018_0005.uasset" 6795
"../../../Engine/Content/EngineMaterials/Substrate/GLints/dict_16_192_64_0p5_0p02_0027_0009.uexp" 6796
"../../../Engine/Content/EngineMaterials/Substrate/GLints/dict_16_192_64_0p5_0p02_0027_0009.uasset" 6797
"../../../Engine/Content/EngineMaterials/Substrate/GLints/dict_16_192_64_0p5_0p02_0040_0010.uasset" 6798
"../../../Engine/Content/EngineMaterials/Substrate/GLints/dict_16_192_64_0p5_0p02_0040_0010.uexp" 6799
"../../../Engine/Content/EngineMaterials/Substrate/GLints/dict_16_192_64_0p5_0p02_0011_0009.uexp" 6800
"../../../Engine/Content/EngineMaterials/Substrate/GLints/dict_16_192_64_0p5_0p02_0011_0009.uasset" 6801
"../../../Engine/Content/EngineMaterials/Substrate/GLints/dict_16_192_64_0p5_0p02_0051_0002.uexp" 6802
"../../../Engine/Content/EngineMaterials/Substrate/GLints/dict_16_192_64_0p5_0p02_0051_0002.uasset" 6803
"../../../Engine/Content/EngineMaterials/Substrate/GLints/dict_16_192_64_0p5_0p02_0050_0012.uexp" 6804
"../../../Engine/Content/EngineMaterials/Substrate/GLints/dict_16_192_64_0p5_0p02_0050_0012.uasset" 6805
"../../../Engine/Content/EngineMaterials/Substrate/GLints/dict_16_192_64_0p5_0p02_0035_0007.uasset" 6806
"../../../Engine/Content/EngineMaterials/Substrate/GLints/dict_16_192_64_0p5_0p02_0035_0007.uexp" 6807
"../../../Engine/Content/EngineMaterials/Substrate/GLints/dict_16_192_64_0p5_0p02_0000_0005.uexp" 6808
"../../../Engine/Content/EngineMaterials/Substrate/GLints/dict_16_192_64_0p5_0p02_0000_0005.uasset" 6809
"../../../Engine/Content/EngineMaterials/Substrate/GLints/dict_16_192_64_0p5_0p02_0001_0010.uasset" 6810
"../../../Engine/Content/EngineMaterials/Substrate/GLints/dict_16_192_64_0p5_0p02_0001_0010.uexp" 6811
"../../../Engine/Content/EngineMaterials/Substrate/GLints/dict_16_192_64_0p5_0p02_0048_0012.uexp" 6812
"../../../Engine/Content/EngineMaterials/Substrate/GLints/dict_16_192_64_0p5_0p02_0048_0012.uasset" 6813
"../../../Engine/Content/EngineMaterials/Substrate/GLints/dict_16_192_64_0p5_0p02_0054_0009.uasset" 6814
"../../../Engine/Content/EngineMaterials/Substrate/GLints/dict_16_192_64_0p5_0p02_0054_0009.uexp" 6815
"../../../Engine/Content/EngineMaterials/Substrate/GLints/dict_16_192_64_0p5_0p02_0028_0004.uasset" 6816
"../../../Engine/Content/EngineMaterials/Substrate/GLints/dict_16_192_64_0p5_0p02_0028_0004.uexp" 6817
"../../../Engine/Content/EngineMaterials/Substrate/GLints/dict_16_192_64_0p5_0p02_0009_0011.uasset" 6818
"../../../Engine/Content/EngineMaterials/Substrate/GLints/dict_16_192_64_0p5_0p02_0009_0011.uexp" 6819
"../../../Engine/Content/EngineMaterials/Substrate/GLints/dict_16_192_64_0p5_0p02_0009_0006.uexp" 6820
"../../../Engine/Content/EngineMaterials/Substrate/GLints/dict_16_192_64_0p5_0p02_0009_0006.uasset" 6821
"../../../Engine/Content/EngineMaterials/Substrate/GLints/dict_16_192_64_0p5_0p02_0009_0001.uexp" 6822
"../../../Engine/Content/EngineMaterials/Substrate/GLints/dict_16_192_64_0p5_0p02_0009_0001.uasset" 6823
"../../../Engine/Content/EngineMaterials/Substrate/GLints/dict_16_192_64_0p5_0p02_0010_0007.uexp" 6824
"../../../Engine/Content/EngineMaterials/Substrate/GLints/dict_16_192_64_0p5_0p02_0010_0007.uasset" 6825
"../../../Engine/Content/EngineMaterials/Substrate/GLints/dict_16_192_64_0p5_0p02_0020_0000.uasset" 6826
"../../../Engine/Content/EngineMaterials/Substrate/GLints/dict_16_192_64_0p5_0p02_0020_0000.uexp" 6827
"../../../Engine/Content/EngineMaterials/Substrate/GLints/dict_16_192_64_0p5_0p02_0001_0007.uexp" 6828
"../../../Engine/Content/EngineMaterials/Substrate/GLints/dict_16_192_64_0p5_0p02_0001_0007.uasset" 6829
"../../../Engine/Content/EngineMaterials/Substrate/GLints/dict_16_192_64_0p5_0p02_0042_0011.uasset" 6830
"../../../Engine/Content/EngineMaterials/Substrate/GLints/dict_16_192_64_0p5_0p02_0042_0011.uexp" 6831
"../../../Engine/Content/EngineMaterials/Substrate/GLints/dict_16_192_64_0p5_0p02_0033_0002.uasset" 6832
"../../../Engine/Content/EngineMaterials/Substrate/GLints/dict_16_192_64_0p5_0p02_0033_0002.uexp" 6833
"../../../Engine/Content/EngineMaterials/Substrate/GLints/dict_16_192_64_0p5_0p02_0036_0014.uasset" 6834
"../../../Engine/Content/EngineMaterials/Substrate/GLints/dict_16_192_64_0p5_0p02_0036_0014.uexp" 6835
"../../../Engine/Content/EngineMaterials/Substrate/GLints/dict_16_192_64_0p5_0p02_0037_0004.uexp" 6836
"../../../Engine/Content/EngineMaterials/Substrate/GLints/dict_16_192_64_0p5_0p02_0037_0004.uasset" 6837
"../../../Engine/Content/EngineMaterials/Substrate/GLints/dict_16_192_64_0p5_0p02_0022_0015.uasset" 6838
"../../../Engine/Content/EngineMaterials/Substrate/GLints/dict_16_192_64_0p5_0p02_0022_0015.uexp" 6839
"../../../Engine/Content/EngineMaterials/Substrate/GLints/dict_16_192_64_0p5_0p02_0019_0006.uexp" 6840
"../../../Engine/Content/EngineMaterials/Substrate/GLints/dict_16_192_64_0p5_0p02_0019_0006.uasset" 6841
"../../../Engine/Content/EngineMaterials/Substrate/GLints/dict_16_192_64_0p5_0p02_0000_0008.uexp" 6842
"../../../Engine/Content/EngineMaterials/Substrate/GLints/dict_16_192_64_0p5_0p02_0000_0008.uasset" 6843
"../../../Engine/Content/EngineMaterials/Substrate/GLints/dict_16_192_64_0p5_0p02_0029_0015.uexp" 6844
"../../../Engine/Content/EngineMaterials/Substrate/GLints/dict_16_192_64_0p5_0p02_0029_0015.uasset" 6845
"../../../Engine/Content/EngineMaterials/Substrate/GLints/dict_16_192_64_0p5_0p02_0062_0003.uexp" 6846
"../../../Engine/Content/EngineMaterials/Substrate/GLints/dict_16_192_64_0p5_0p02_0062_0003.uasset" 6847
"../../../Engine/Content/EngineMaterials/Substrate/GLints/dict_16_192_64_0p5_0p02_0013_0010.uexp" 6848
"../../../Engine/Content/EngineMaterials/Substrate/GLints/dict_16_192_64_0p5_0p02_0013_0010.uasset" 6849
"../../../Engine/Content/EngineMaterials/Substrate/GLints/dict_16_192_64_0p5_0p02_0003_0004.uasset" 6850
"../../../Engine/Content/EngineMaterials/Substrate/GLints/dict_16_192_64_0p5_0p02_0003_0004.uexp" 6851
"../../../Engine/Content/EngineMaterials/Substrate/GLints/dict_16_192_64_0p5_0p02_0007_0000.uasset" 6852
"../../../Engine/Content/EngineMaterials/Substrate/GLints/dict_16_192_64_0p5_0p02_0007_0000.uexp" 6853
"../../../Engine/Content/EngineMaterials/Substrate/GLints/dict_16_192_64_0p5_0p02_0011_0015.uexp" 6854
"../../../Engine/Content/EngineMaterials/Substrate/GLints/dict_16_192_64_0p5_0p02_0011_0015.uasset" 6855
"../../../Engine/Content/EngineMaterials/Substrate/GLints/dict_16_192_64_0p5_0p02_0040_0002.uasset" 6856
"../../../Engine/Content/EngineMaterials/Substrate/GLints/dict_16_192_64_0p5_0p02_0040_0002.uexp" 6857
"../../../Engine/Content/EngineMaterials/Substrate/GLints/dict_16_192_64_0p5_0p02_0029_0002.uasset" 6858
"../../../Engine/Content/EngineMaterials/Substrate/GLints/dict_16_192_64_0p5_0p02_0029_0002.uexp" 6859
"../../../Engine/Content/EngineMaterials/Substrate/GLints/dict_16_192_64_0p5_0p02_0033_0004.uexp" 6860
"../../../Engine/Content/EngineMaterials/Substrate/GLints/dict_16_192_64_0p5_0p02_0033_0004.uasset" 6861
"../../../Engine/Content/EngineMaterials/Substrate/GLints/dict_16_192_64_0p5_0p02_0055_0013.uasset" 6862
"../../../Engine/Content/EngineMaterials/Substrate/GLints/dict_16_192_64_0p5_0p02_0055_0013.uexp" 6863
"../../../Engine/Content/EngineMaterials/Substrate/GLints/dict_16_192_64_0p5_0p02_0011_0003.uasset" 6864
"../../../Engine/Content/EngineMaterials/Substrate/GLints/dict_16_192_64_0p5_0p02_0011_0003.uexp" 6865
"../../../Engine/Content/EngineMaterials/Substrate/GLints/dict_16_192_64_0p5_0p02_0037_0009.uasset" 6866
"../../../Engine/Content/EngineMaterials/Substrate/GLints/dict_16_192_64_0p5_0p02_0037_0009.uexp" 6867
"../../../Engine/Content/EngineMaterials/Substrate/GLints/dict_16_192_64_0p5_0p02_0052_0008.uexp" 6868
"../../../Engine/Content/EngineMaterials/Substrate/GLints/dict_16_192_64_0p5_0p02_0052_0008.uasset" 6869
"../../../Engine/Content/EngineMaterials/Substrate/GLints/dict_16_192_64_0p5_0p02_0008_0005.uexp" 6870
"../../../Engine/Content/EngineMaterials/Substrate/GLints/dict_16_192_64_0p5_0p02_0008_0005.uasset" 6871
"../../../Engine/Content/EngineMaterials/Substrate/GLints/dict_16_192_64_0p5_0p02_0059_0005.uexp" 6872
"../../../Engine/Content/EngineMaterials/Substrate/GLints/dict_16_192_64_0p5_0p02_0059_0005.uasset" 6873
"../../../Engine/Content/EngineMaterials/Substrate/GLints/dict_16_192_64_0p5_0p02_0052_0009.uasset" 6874
"../../../Engine/Content/EngineMaterials/Substrate/GLints/dict_16_192_64_0p5_0p02_0052_0009.uexp" 6875
"../../../Engine/Content/EngineMaterials/Substrate/GLints/dict_16_192_64_0p5_0p02_0009_0008.uexp" 6876
"../../../Engine/Content/EngineMaterials/Substrate/GLints/dict_16_192_64_0p5_0p02_0009_0008.uasset" 6877
"../../../Engine/Content/EngineMaterials/Substrate/GLints/dict_16_192_64_0p5_0p02_0039_0009.uexp" 6878
"../../../Engine/Content/EngineMaterials/Substrate/GLints/dict_16_192_64_0p5_0p02_0039_0009.uasset" 6879
"../../../Engine/Content/EngineMaterials/Substrate/GLints/dict_16_192_64_0p5_0p02_0057_0015.uexp" 6880
"../../../Engine/Content/EngineMaterials/Substrate/GLints/dict_16_192_64_0p5_0p02_0057_0015.uasset" 6881
"../../../Engine/Content/EngineMaterials/Substrate/GLints/dict_16_192_64_0p5_0p02_0037_0006.uexp" 6882
"../../../Engine/Content/EngineMaterials/Substrate/GLints/dict_16_192_64_0p5_0p02_0037_0006.uasset" 6883
"../../../Engine/Content/EngineMaterials/Substrate/GLints/dict_16_192_64_0p5_0p02_0032_0003.uexp" 6884
"../../../Engine/Content/EngineMaterials/Substrate/GLints/dict_16_192_64_0p5_0p02_0032_0003.uasset" 6885
"../../../Engine/Content/EngineMaterials/Substrate/GLints/dict_16_192_64_0p5_0p02_0047_0007.uexp" 6886
"../../../Engine/Content/EngineMaterials/Substrate/GLints/dict_16_192_64_0p5_0p02_0047_0007.uasset" 6887
"../../../Engine/Content/EngineMaterials/Substrate/GLints/dict_16_192_64_0p5_0p02_0055_0012.uasset" 6888
"../../../Engine/Content/EngineMaterials/Substrate/GLints/dict_16_192_64_0p5_0p02_0055_0012.uexp" 6889
"../../../Engine/Content/EngineMaterials/Substrate/GLints/dict_16_192_64_0p5_0p02_0019_0009.uexp" 6890
"../../../Engine/Content/EngineMaterials/Substrate/GLints/dict_16_192_64_0p5_0p02_0019_0009.uasset" 6891
"../../../Engine/Content/EngineMaterials/Substrate/GLints/dict_16_192_64_0p5_0p02_0008_0000.uasset" 6892
"../../../Engine/Content/EngineMaterials/Substrate/GLints/dict_16_192_64_0p5_0p02_0008_0000.uexp" 6893
"../../../Engine/Content/EngineMaterials/Substrate/GLints/dict_16_192_64_0p5_0p02_0027_0013.uexp" 6894
"../../../Engine/Content/EngineMaterials/Substrate/GLints/dict_16_192_64_0p5_0p02_0027_0013.uasset" 6895
"../../../Engine/Content/EngineMaterials/Substrate/GLints/dict_16_192_64_0p5_0p02_0037_0011.uasset" 6896
"../../../Engine/Content/EngineMaterials/Substrate/GLints/dict_16_192_64_0p5_0p02_0037_0011.uexp" 6897
"../../../Engine/Content/EngineMaterials/Substrate/GLints/dict_16_192_64_0p5_0p02_0034_0012.uexp" 6898
"../../../Engine/Content/EngineMaterials/Substrate/GLints/dict_16_192_64_0p5_0p02_0034_0012.uasset" 6899
"../../../Engine/Content/EngineMaterials/Substrate/GLints/dict_16_192_64_0p5_0p02_0010_0005.uasset" 6900
"../../../Engine/Content/EngineMaterials/Substrate/GLints/dict_16_192_64_0p5_0p02_0010_0005.uexp" 6901
"../../../Engine/Content/EngineMaterials/Substrate/GLints/dict_16_192_64_0p5_0p02_0005_0013.uasset" 6902
"../../../Engine/Content/EngineMaterials/Substrate/GLints/dict_16_192_64_0p5_0p02_0005_0013.uexp" 6903
"../../../Engine/Content/EngineMaterials/Substrate/GLints/dict_16_192_64_0p5_0p02_0026_0008.uexp" 6904
"../../../Engine/Content/EngineMaterials/Substrate/GLints/dict_16_192_64_0p5_0p02_0026_0008.uasset" 6905
"../../../Engine/Content/EngineMaterials/Substrate/GLints/dict_16_192_64_0p5_0p02_0058_0015.uasset" 6906
"../../../Engine/Content/EngineMaterials/Substrate/GLints/dict_16_192_64_0p5_0p02_0058_0015.uexp" 6907
"../../../Engine/Content/EngineMaterials/Substrate/GLints/dict_16_192_64_0p5_0p02_0038_0012.uexp" 6908
"../../../Engine/Content/EngineMaterials/Substrate/GLints/dict_16_192_64_0p5_0p02_0038_0012.uasset" 6909
"../../../Engine/Content/EngineMaterials/Substrate/GLints/dict_16_192_64_0p5_0p02_0038_0011.uasset" 6910
"../../../Engine/Content/EngineMaterials/Substrate/GLints/dict_16_192_64_0p5_0p02_0038_0011.uexp" 6911
"../../../Engine/Content/EngineMaterials/Substrate/GLints/dict_16_192_64_0p5_0p02_0012_0012.uexp" 6912
"../../../Engine/Content/EngineMaterials/Substrate/GLints/dict_16_192_64_0p5_0p02_0012_0012.uasset" 6913
"../../../Engine/Content/EngineMaterials/Substrate/GLints/dict_16_192_64_0p5_0p02_0059_0002.uasset" 6914
"../../../Engine/Content/EngineMaterials/Substrate/GLints/dict_16_192_64_0p5_0p02_0059_0002.uexp" 6915
"../../../Engine/Content/EngineMaterials/Substrate/GLints/dict_16_192_64_0p5_0p02_0037_0012.uasset" 6916
"../../../Engine/Content/EngineMaterials/Substrate/GLints/dict_16_192_64_0p5_0p02_0037_0012.uexp" 6917
"../../../Engine/Content/EngineMaterials/Substrate/GLints/dict_16_192_64_0p5_0p02_0040_0014.uasset" 6918
"../../../Engine/Content/EngineMaterials/Substrate/GLints/dict_16_192_64_0p5_0p02_0040_0014.uexp" 6919
"../../../Engine/Content/EngineMaterials/Substrate/GLints/dict_16_192_64_0p5_0p02_0058_0006.uexp" 6920
"../../../Engine/Content/EngineMaterials/Substrate/GLints/dict_16_192_64_0p5_0p02_0058_0006.uasset" 6921
"../../../Engine/Content/EngineMaterials/Substrate/GLints/dict_16_192_64_0p5_0p02_0060_0002.uexp" 6922
"../../../Engine/Content/EngineMaterials/Substrate/GLints/dict_16_192_64_0p5_0p02_0060_0002.uasset" 6923
"../../../Engine/Content/EngineMaterials/Substrate/GLints/dict_16_192_64_0p5_0p02_0040_0008.uasset" 6924
"../../../Engine/Content/EngineMaterials/Substrate/GLints/dict_16_192_64_0p5_0p02_0040_0008.uexp" 6925
"../../../Engine/Content/EngineMaterials/Substrate/GLints/dict_16_192_64_0p5_0p02_0005_0014.uexp" 6926
"../../../Engine/Content/EngineMaterials/Substrate/GLints/dict_16_192_64_0p5_0p02_0005_0014.uasset" 6927
"../../../Engine/Content/EngineMaterials/Substrate/GLints/dict_16_192_64_0p5_0p02_0007_0001.uasset" 6928
"../../../Engine/Content/EngineMaterials/Substrate/GLints/dict_16_192_64_0p5_0p02_0007_0001.uexp" 6929
"../../../Engine/Content/EngineMaterials/Substrate/GLints/dict_16_192_64_0p5_0p02_0050_0015.uexp" 6930
"../../../Engine/Content/EngineMaterials/Substrate/GLints/dict_16_192_64_0p5_0p02_0050_0015.uasset" 6931
"../../../Engine/Content/EngineMaterials/Substrate/GLints/dict_16_192_64_0p5_0p02_0059_0013.uexp" 6932
"../../../Engine/Content/EngineMaterials/Substrate/GLints/dict_16_192_64_0p5_0p02_0059_0013.uasset" 6933
"../../../Engine/Content/EngineMaterials/Substrate/GLints/dict_16_192_64_0p5_0p02_0048_0013.uasset" 6934
"../../../Engine/Content/EngineMaterials/Substrate/GLints/dict_16_192_64_0p5_0p02_0048_0013.uexp" 6935
"../../../Engine/Content/EngineMaterials/Substrate/GLints/dict_16_192_64_0p5_0p02_0030_0011.uexp" 6936
"../../../Engine/Content/EngineMaterials/Substrate/GLints/dict_16_192_64_0p5_0p02_0030_0011.uasset" 6937
"../../../Engine/Content/EngineMaterials/Substrate/GLints/dict_16_192_64_0p5_0p02_0008_0002.uasset" 6938
"../../../Engine/Content/EngineMaterials/Substrate/GLints/dict_16_192_64_0p5_0p02_0008_0002.uexp" 6939
"../../../Engine/Content/EngineMaterials/Substrate/GLints/dict_16_192_64_0p5_0p02_0029_0012.uasset" 6940
"../../../Engine/Content/EngineMaterials/Substrate/GLints/dict_16_192_64_0p5_0p02_0029_0012.uexp" 6941
"../../../Engine/Content/EngineMaterials/Substrate/GLints/dict_16_192_64_0p5_0p02_0032_0004.uexp" 6942
"../../../Engine/Content/EngineMaterials/Substrate/GLints/dict_16_192_64_0p5_0p02_0032_0004.uasset" 6943
"../../../Engine/Content/EngineMaterials/Substrate/GLints/dict_16_192_64_0p5_0p02_0018_0011.uasset" 6944
"../../../Engine/Content/EngineMaterials/Substrate/GLints/dict_16_192_64_0p5_0p02_0018_0011.uexp" 6945
"../../../Engine/Content/EngineMaterials/Substrate/GLints/dict_16_192_64_0p5_0p02_0041_0006.uexp" 6946
"../../../Engine/Content/EngineMaterials/Substrate/GLints/dict_16_192_64_0p5_0p02_0041_0006.uasset" 6947
"../../../Engine/Content/EngineMaterials/Substrate/GLints/dict_16_192_64_0p5_0p02_0004_0006.uasset" 6948
"../../../Engine/Content/EngineMaterials/Substrate/GLints/dict_16_192_64_0p5_0p02_0004_0006.uexp" 6949
"../../../Engine/Content/EngineMaterials/Substrate/GLints/dict_16_192_64_0p5_0p02_0013_0005.uasset" 6950
"../../../Engine/Content/EngineMaterials/Substrate/GLints/dict_16_192_64_0p5_0p02_0013_0005.uexp" 6951
"../../../Engine/Content/EngineMaterials/Substrate/GLints/dict_16_192_64_0p5_0p02_0025_0006.uasset" 6952
"../../../Engine/Content/EngineMaterials/Substrate/GLints/dict_16_192_64_0p5_0p02_0025_0006.uexp" 6953
"../../../Engine/Content/EngineMaterials/Substrate/GLints/dict_16_192_64_0p5_0p02_0044_0001.uasset" 6954
"../../../Engine/Content/EngineMaterials/Substrate/GLints/dict_16_192_64_0p5_0p02_0044_0001.uexp" 6955
"../../../Engine/Content/EngineMaterials/Substrate/GLints/dict_16_192_64_0p5_0p02_0041_0005.uasset" 6956
"../../../Engine/Content/EngineMaterials/Substrate/GLints/dict_16_192_64_0p5_0p02_0041_0005.uexp" 6957
"../../../Engine/Content/EngineMaterials/Substrate/GLints/dict_16_192_64_0p5_0p02_0049_0012.uexp" 6958
"../../../Engine/Content/EngineMaterials/Substrate/GLints/dict_16_192_64_0p5_0p02_0049_0012.uasset" 6959
"../../../Engine/Content/EngineMaterials/Substrate/GLints/dict_16_192_64_0p5_0p02_0041_0002.uexp" 6960
"../../../Engine/Content/EngineMaterials/Substrate/GLints/dict_16_192_64_0p5_0p02_0041_0002.uasset" 6961
"../../../Engine/Content/EngineMaterials/Substrate/GLints/dict_16_192_64_0p5_0p02_0047_0005.uasset" 6962
"../../../Engine/Content/EngineMaterials/Substrate/GLints/dict_16_192_64_0p5_0p02_0047_0005.uexp" 6963
"../../../Engine/Content/EngineMaterials/Substrate/GLints/dict_16_192_64_0p5_0p02_0036_0007.uexp" 6964
"../../../Engine/Content/EngineMaterials/Substrate/GLints/dict_16_192_64_0p5_0p02_0036_0007.uasset" 6965
"../../../Engine/Content/EngineMaterials/Substrate/GLints/dict_16_192_64_0p5_0p02_0011_0005.uexp" 6966
"../../../Engine/Content/EngineMaterials/Substrate/GLints/dict_16_192_64_0p5_0p02_0011_0005.uasset" 6967
"../../../Engine/Content/EngineMaterials/Substrate/GLints/dict_16_192_64_0p5_0p02_0001_0001.uasset" 6968
"../../../Engine/Content/EngineMaterials/Substrate/GLints/dict_16_192_64_0p5_0p02_0001_0001.uexp" 6969
"../../../Engine/Content/EngineMaterials/Substrate/GLints/dict_16_192_64_0p5_0p02_0050_0002.uasset" 6970
"../../../Engine/Content/EngineMaterials/Substrate/GLints/dict_16_192_64_0p5_0p02_0050_0002.uexp" 6971
"../../../Engine/Content/EngineMaterials/Substrate/GLints/dict_16_192_64_0p5_0p02_0018_0002.uasset" 6972
"../../../Engine/Content/EngineMaterials/Substrate/GLints/dict_16_192_64_0p5_0p02_0018_0002.uexp" 6973
"../../../Engine/Content/EngineMaterials/Substrate/GLints/dict_16_192_64_0p5_0p02_0028_0013.uasset" 6974
"../../../Engine/Content/EngineMaterials/Substrate/GLints/dict_16_192_64_0p5_0p02_0028_0013.uexp" 6975
"../../../Engine/Content/EngineMaterials/Substrate/GLints/dict_16_192_64_0p5_0p02_0027_0014.uexp" 6976
"../../../Engine/Content/EngineMaterials/Substrate/GLints/dict_16_192_64_0p5_0p02_0027_0014.uasset" 6977
"../../../Engine/Content/EngineMaterials/Substrate/GLints/dict_16_192_64_0p5_0p02_0004_0009.uexp" 6978
"../../../Engine/Content/EngineMaterials/Substrate/GLints/dict_16_192_64_0p5_0p02_0004_0009.uasset" 6979
"../../../Engine/Content/EngineMaterials/Substrate/GLints/dict_16_192_64_0p5_0p02_0021_0014.uexp" 6980
"../../../Engine/Content/EngineMaterials/Substrate/GLints/dict_16_192_64_0p5_0p02_0021_0014.uasset" 6981
"../../../Engine/Content/EngineMaterials/Substrate/GLints/dict_16_192_64_0p5_0p02_0023_0011.uexp" 6982
"../../../Engine/Content/EngineMaterials/Substrate/GLints/dict_16_192_64_0p5_0p02_0023_0011.uasset" 6983
"../../../Engine/Content/EngineMaterials/Substrate/GLints/dict_16_192_64_0p5_0p02_0020_0014.uasset" 6984
"../../../Engine/Content/EngineMaterials/Substrate/GLints/dict_16_192_64_0p5_0p02_0020_0014.uexp" 6985
"../../../Engine/Content/EngineMaterials/Substrate/GLints/dict_16_192_64_0p5_0p02_0059_0009.uasset" 6986
"../../../Engine/Content/EngineMaterials/Substrate/GLints/dict_16_192_64_0p5_0p02_0059_0009.uexp" 6987
"../../../Engine/Content/EngineMaterials/Substrate/GLints/dict_16_192_64_0p5_0p02_0011_0000.uasset" 6988
"../../../Engine/Content/EngineMaterials/Substrate/GLints/dict_16_192_64_0p5_0p02_0011_0000.uexp" 6989
"../../../Engine/Content/EngineMaterials/Substrate/GLints/dict_16_192_64_0p5_0p02_0059_0010.uexp" 6990
"../../../Engine/Content/EngineMaterials/Substrate/GLints/dict_16_192_64_0p5_0p02_0059_0010.uasset" 6991
"../../../Engine/Content/EngineMaterials/Substrate/GLints/dict_16_192_64_0p5_0p02_0052_0007.uasset" 6992
"../../../Engine/Content/EngineMaterials/Substrate/GLints/dict_16_192_64_0p5_0p02_0052_0007.uexp" 6993
"../../../Engine/Content/EngineMaterials/Substrate/GLints/dict_16_192_64_0p5_0p02_0017_0013.uexp" 6994
"../../../Engine/Content/EngineMaterials/Substrate/GLints/dict_16_192_64_0p5_0p02_0017_0013.uasset" 6995
"../../../Engine/Content/EngineMaterials/Substrate/GLints/dict_16_192_64_0p5_0p02_0022_0003.uasset" 6996
"../../../Engine/Content/EngineMaterials/Substrate/GLints/dict_16_192_64_0p5_0p02_0022_0003.uexp" 6997
"../../../Engine/Content/EngineMaterials/Substrate/GLints/dict_16_192_64_0p5_0p02_0031_0009.uasset" 6998
"../../../Engine/Content/EngineMaterials/Substrate/GLints/dict_16_192_64_0p5_0p02_0031_0009.uexp" 6999
"../../../Engine/Content/EngineMaterials/Substrate/GLints/dict_16_192_64_0p5_0p02_0035_0012.uexp" 7000
"../../../Engine/Content/EngineMaterials/Substrate/GLints/dict_16_192_64_0p5_0p02_0035_0012.uasset" 7001
"../../../Engine/Content/EngineMaterials/Substrate/GLints/dict_16_192_64_0p5_0p02_0033_0001.uasset" 7002
"../../../Engine/Content/EngineMaterials/Substrate/GLints/dict_16_192_64_0p5_0p02_0033_0001.uexp" 7003
"../../../Engine/Content/EngineMaterials/Substrate/GLints/dict_16_192_64_0p5_0p02_0063_0013.uexp" 7004
"../../../Engine/Content/EngineMaterials/Substrate/GLints/dict_16_192_64_0p5_0p02_0063_0013.uasset" 7005
"../../../Engine/Content/EngineMaterials/Substrate/GLints/dict_16_192_64_0p5_0p02_0058_0010.uexp" 7006
"../../../Engine/Content/EngineMaterials/Substrate/GLints/dict_16_192_64_0p5_0p02_0058_0010.uasset" 7007
"../../../Engine/Content/EngineMaterials/Substrate/GLints/dict_16_192_64_0p5_0p02_0062_0009.uexp" 7008
"../../../Engine/Content/EngineMaterials/Substrate/GLints/dict_16_192_64_0p5_0p02_0062_0009.uasset" 7009
"../../../Engine/Content/EngineMaterials/Substrate/GLints/dict_16_192_64_0p5_0p02_0043_0003.uexp" 7010
"../../../Engine/Content/EngineMaterials/Substrate/GLints/dict_16_192_64_0p5_0p02_0043_0003.uasset" 7011
"../../../Engine/Content/EngineMaterials/Substrate/GLints/dict_16_192_64_0p5_0p02_0041_0004.uasset" 7012
"../../../Engine/Content/EngineMaterials/Substrate/GLints/dict_16_192_64_0p5_0p02_0041_0004.uexp" 7013
"../../../Engine/Content/EngineMaterials/Substrate/GLints/dict_16_192_64_0p5_0p02_0061_0005.uexp" 7014
"../../../Engine/Content/EngineMaterials/Substrate/GLints/dict_16_192_64_0p5_0p02_0061_0005.uasset" 7015
"../../../Engine/Content/EngineMaterials/Substrate/GLints/dict_16_192_64_0p5_0p02_0009_0012.uexp" 7016
"../../../Engine/Content/EngineMaterials/Substrate/GLints/dict_16_192_64_0p5_0p02_0009_0012.uasset" 7017
"../../../Engine/Content/EngineMaterials/Substrate/GLints/dict_16_192_64_0p5_0p02_0025_0005.uexp" 7018
"../../../Engine/Content/EngineMaterials/Substrate/GLints/dict_16_192_64_0p5_0p02_0025_0005.uasset" 7019
"../../../Engine/Content/EngineMaterials/Substrate/GLints/dict_16_192_64_0p5_0p02_0003_0006.uexp" 7020
"../../../Engine/Content/EngineMaterials/Substrate/GLints/dict_16_192_64_0p5_0p02_0003_0006.uasset" 7021
"../../../Engine/Content/EngineMaterials/Substrate/GLints/dict_16_192_64_0p5_0p02_0063_0004.uexp" 7022
"../../../Engine/Content/EngineMaterials/Substrate/GLints/dict_16_192_64_0p5_0p02_0063_0004.uasset" 7023
"../../../Engine/Content/EngineMaterials/Substrate/GLints/dict_16_192_64_0p5_0p02_0007_0009.uexp" 7024
"../../../Engine/Content/EngineMaterials/Substrate/GLints/dict_16_192_64_0p5_0p02_0007_0009.uasset" 7025
"../../../Engine/Content/EngineMaterials/Substrate/GLints/dict_16_192_64_0p5_0p02_0023_0015.uasset" 7026
"../../../Engine/Content/EngineMaterials/Substrate/GLints/dict_16_192_64_0p5_0p02_0023_0015.uexp" 7027
"../../../Engine/Content/EngineMaterials/Substrate/GLints/dict_16_192_64_0p5_0p02_0011_0001.uexp" 7028
"../../../Engine/Content/EngineMaterials/Substrate/GLints/dict_16_192_64_0p5_0p02_0011_0001.uasset" 7029
"../../../Engine/Content/EngineMaterials/Substrate/GLints/dict_16_192_64_0p5_0p02_0038_0005.uasset" 7030
"../../../Engine/Content/EngineMaterials/Substrate/GLints/dict_16_192_64_0p5_0p02_0038_0005.uexp" 7031
"../../../Engine/Content/EngineMaterials/Substrate/GLints/dict_16_192_64_0p5_0p02_0006_0004.uexp" 7032
"../../../Engine/Content/EngineMaterials/Substrate/GLints/dict_16_192_64_0p5_0p02_0006_0004.uasset" 7033
"../../../Engine/Content/EngineMaterials/Substrate/GLints/dict_16_192_64_0p5_0p02_0017_0014.uasset" 7034
"../../../Engine/Content/EngineMaterials/Substrate/GLints/dict_16_192_64_0p5_0p02_0017_0014.uexp" 7035
"../../../Engine/Content/EngineMaterials/Substrate/GLints/dict_16_192_64_0p5_0p02_0024_0005.uasset" 7036
"../../../Engine/Content/EngineMaterials/Substrate/GLints/dict_16_192_64_0p5_0p02_0024_0005.uexp" 7037
"../../../Engine/Content/EngineMaterials/Substrate/GLints/dict_16_192_64_0p5_0p02_0033_0007.uexp" 7038
"../../../Engine/Content/EngineMaterials/Substrate/GLints/dict_16_192_64_0p5_0p02_0033_0007.uasset" 7039
"../../../Engine/Content/EngineMaterials/Substrate/GLints/dict_16_192_64_0p5_0p02_0036_0013.uasset" 7040
"../../../Engine/Content/EngineMaterials/Substrate/GLints/dict_16_192_64_0p5_0p02_0036_0013.uexp" 7041
"../../../Engine/Content/EngineMaterials/Substrate/GLints/dict_16_192_64_0p5_0p02_0000_0001.uasset" 7042
"../../../Engine/Content/EngineMaterials/Substrate/GLints/dict_16_192_64_0p5_0p02_0000_0001.uexp" 7043
"../../../Engine/Content/EngineMaterials/Substrate/GLints/dict_16_192_64_0p5_0p02_0040_0013.uexp" 7044
"../../../Engine/Content/EngineMaterials/Substrate/GLints/dict_16_192_64_0p5_0p02_0040_0013.uasset" 7045
"../../../Engine/Content/EngineMaterials/Substrate/GLints/dict_16_192_64_0p5_0p02_0037_0000.uexp" 7046
"../../../Engine/Content/EngineMaterials/Substrate/GLints/dict_16_192_64_0p5_0p02_0037_0000.uasset" 7047
"../../../Engine/Content/EngineMaterials/Substrate/GLints/dict_16_192_64_0p5_0p02_0012_0013.uexp" 7048
"../../../Engine/Content/EngineMaterials/Substrate/GLints/dict_16_192_64_0p5_0p02_0012_0013.uasset" 7049
"../../../Engine/Content/EngineMaterials/Substrate/GLints/dict_16_192_64_0p5_0p02_0019_0012.uexp" 7050
"../../../Engine/Content/EngineMaterials/Substrate/GLints/dict_16_192_64_0p5_0p02_0019_0012.uasset" 7051
"../../../Engine/Content/EngineMaterials/Substrate/GLints/dict_16_192_64_0p5_0p02_0027_0002.uexp" 7052
"../../../Engine/Content/EngineMaterials/Substrate/GLints/dict_16_192_64_0p5_0p02_0027_0002.uasset" 7053
"../../../Engine/Content/EngineMaterials/Substrate/GLints/dict_16_192_64_0p5_0p02_0047_0009.uasset" 7054
"../../../Engine/Content/EngineMaterials/Substrate/GLints/dict_16_192_64_0p5_0p02_0047_0009.uexp" 7055
"../../../Engine/Content/EngineMaterials/Substrate/GLints/dict_16_192_64_0p5_0p02_0035_0003.uexp" 7056
"../../../Engine/Content/EngineMaterials/Substrate/GLints/dict_16_192_64_0p5_0p02_0035_0003.uasset" 7057
"../../../Engine/Content/EngineMaterials/Substrate/GLints/dict_16_192_64_0p5_0p02_0062_0002.uexp" 7058
"../../../Engine/Content/EngineMaterials/Substrate/GLints/dict_16_192_64_0p5_0p02_0062_0002.uasset" 7059
"../../../Engine/Content/EngineMaterials/Substrate/GLints/dict_16_192_64_0p5_0p02_0010_0009.uasset" 7060
"../../../Engine/Content/EngineMaterials/Substrate/GLints/dict_16_192_64_0p5_0p02_0010_0009.uexp" 7061
"../../../Engine/Content/EngineMaterials/Substrate/GLints/dict_16_192_64_0p5_0p02_0031_0005.uasset" 7062
"../../../Engine/Content/EngineMaterials/Substrate/GLints/dict_16_192_64_0p5_0p02_0031_0005.uexp" 7063
"../../../Engine/Content/EngineMaterials/Substrate/GLints/dict_16_192_64_0p5_0p02_0054_0012.uexp" 7064
"../../../Engine/Content/EngineMaterials/Substrate/GLints/dict_16_192_64_0p5_0p02_0054_0012.uasset" 7065
"../../../Engine/Content/EngineMaterials/Substrate/GLints/dict_16_192_64_0p5_0p02_0024_0015.uasset" 7066
"../../../Engine/Content/EngineMaterials/Substrate/GLints/dict_16_192_64_0p5_0p02_0024_0015.uexp" 7067
"../../../Engine/Content/EngineMaterials/Substrate/GLints/dict_16_192_64_0p5_0p02_0012_0000.uasset" 7068
"../../../Engine/Content/EngineMaterials/Substrate/GLints/dict_16_192_64_0p5_0p02_0012_0000.uexp" 7069
"../../../Engine/Content/EngineMaterials/Substrate/GLints/dict_16_192_64_0p5_0p02_0015_0005.uasset" 7070
"../../../Engine/Content/EngineMaterials/Substrate/GLints/dict_16_192_64_0p5_0p02_0015_0005.uexp" 7071
"../../../Engine/Content/EngineMaterials/Substrate/GLints/dict_16_192_64_0p5_0p02_0007_0005.uexp" 7072
"../../../Engine/Content/EngineMaterials/Substrate/GLints/dict_16_192_64_0p5_0p02_0007_0005.uasset" 7073
"../../../Engine/Content/EngineMaterials/Substrate/GLints/dict_16_192_64_0p5_0p02_0062_0005.uexp" 7074
"../../../Engine/Content/EngineMaterials/Substrate/GLints/dict_16_192_64_0p5_0p02_0062_0005.uasset" 7075
"../../../Engine/Content/EngineMaterials/Substrate/GLints/dict_16_192_64_0p5_0p02_0046_0015.uexp" 7076
"../../../Engine/Content/EngineMaterials/Substrate/GLints/dict_16_192_64_0p5_0p02_0046_0015.uasset" 7077
"../../../Engine/Content/EngineMaterials/Substrate/GLints/dict_16_192_64_0p5_0p02_0029_0013.uasset" 7078
"../../../Engine/Content/EngineMaterials/Substrate/GLints/dict_16_192_64_0p5_0p02_0029_0013.uexp" 7079
"../../../Engine/Content/EngineMaterials/Substrate/GLints/dict_16_192_64_0p5_0p02_0031_0008.uasset" 7080
"../../../Engine/Content/EngineMaterials/Substrate/GLints/dict_16_192_64_0p5_0p02_0031_0008.uexp" 7081
"../../../Engine/Content/EngineMaterials/Substrate/GLints/dict_16_192_64_0p5_0p02_0016_0014.uasset" 7082
"../../../Engine/Content/EngineMaterials/Substrate/GLints/dict_16_192_64_0p5_0p02_0016_0014.uexp" 7083
"../../../Engine/Content/EngineMaterials/Substrate/GLints/dict_16_192_64_0p5_0p02_0025_0008.uasset" 7084
"../../../Engine/Content/EngineMaterials/Substrate/GLints/dict_16_192_64_0p5_0p02_0025_0008.uexp" 7085
"../../../Engine/Content/EngineMaterials/Substrate/GLints/dict_16_192_64_0p5_0p02_0060_0012.uasset" 7086
"../../../Engine/Content/EngineMaterials/Substrate/GLints/dict_16_192_64_0p5_0p02_0060_0012.uexp" 7087
"../../../Engine/Content/EngineMaterials/Substrate/GLints/dict_16_192_64_0p5_0p02_0026_0007.uexp" 7088
"../../../Engine/Content/EngineMaterials/Substrate/GLints/dict_16_192_64_0p5_0p02_0026_0007.uasset" 7089
"../../../Engine/Content/EngineMaterials/Substrate/GLints/dict_16_192_64_0p5_0p02_0024_0010.uexp" 7090
"../../../Engine/Content/EngineMaterials/Substrate/GLints/dict_16_192_64_0p5_0p02_0024_0010.uasset" 7091
"../../../Engine/Content/EngineMaterials/Substrate/GLints/dict_16_192_64_0p5_0p02_0059_0007.uexp" 7092
"../../../Engine/Content/EngineMaterials/Substrate/GLints/dict_16_192_64_0p5_0p02_0059_0007.uasset" 7093
"../../../Engine/Content/EngineMaterials/Substrate/GLints/dict_16_192_64_0p5_0p02_0050_0000.uasset" 7094
"../../../Engine/Content/EngineMaterials/Substrate/GLints/dict_16_192_64_0p5_0p02_0050_0000.uexp" 7095
"../../../Engine/Content/EngineMaterials/Substrate/GLints/dict_16_192_64_0p5_0p02_0021_0002.uexp" 7096
"../../../Engine/Content/EngineMaterials/Substrate/GLints/dict_16_192_64_0p5_0p02_0021_0002.uasset" 7097
"../../../Engine/Content/EngineMaterials/Substrate/GLints/dict_16_192_64_0p5_0p02_0019_0004.uexp" 7098
"../../../Engine/Content/EngineMaterials/Substrate/GLints/dict_16_192_64_0p5_0p02_0019_0004.uasset" 7099
"../../../Engine/Content/EngineMaterials/Substrate/GLints/dict_16_192_64_0p5_0p02_0062_0001.uasset" 7100
"../../../Engine/Content/EngineMaterials/Substrate/GLints/dict_16_192_64_0p5_0p02_0062_0001.uexp" 7101
"../../../Engine/Content/EngineMaterials/Substrate/GLints/dict_16_192_64_0p5_0p02_0052_0000.uexp" 7102
"../../../Engine/Content/EngineMaterials/Substrate/GLints/dict_16_192_64_0p5_0p02_0052_0000.uasset" 7103
"../../../Engine/Content/EngineMaterials/Substrate/GLints/dict_16_192_64_0p5_0p02_0009_0015.uasset" 7104
"../../../Engine/Content/EngineMaterials/Substrate/GLints/dict_16_192_64_0p5_0p02_0009_0015.uexp" 7105
"../../../Engine/Content/EngineMaterials/Substrate/GLints/dict_16_192_64_0p5_0p02_0050_0004.uexp" 7106
"../../../Engine/Content/EngineMaterials/Substrate/GLints/dict_16_192_64_0p5_0p02_0050_0004.uasset" 7107
"../../../Engine/Content/EngineMaterials/Substrate/GLints/dict_16_192_64_0p5_0p02_0062_0012.uexp" 7108
"../../../Engine/Content/EngineMaterials/Substrate/GLints/dict_16_192_64_0p5_0p02_0062_0012.uasset" 7109
"../../../Engine/Content/EngineMaterials/Substrate/GLints/dict_16_192_64_0p5_0p02_0039_0001.uexp" 7110
"../../../Engine/Content/EngineMaterials/Substrate/GLints/dict_16_192_64_0p5_0p02_0039_0001.uasset" 7111
"../../../Engine/Content/EngineMaterials/Substrate/GLints/dict_16_192_64_0p5_0p02_0062_0010.uasset" 7112
"../../../Engine/Content/EngineMaterials/Substrate/GLints/dict_16_192_64_0p5_0p02_0062_0010.uexp" 7113
"../../../Engine/Content/EngineMaterials/Substrate/GLints/dict_16_192_64_0p5_0p02_0048_0015.uasset" 7114
"../../../Engine/Content/EngineMaterials/Substrate/GLints/dict_16_192_64_0p5_0p02_0048_0015.uexp" 7115
"../../../Engine/Content/EngineMaterials/Substrate/GLints/dict_16_192_64_0p5_0p02_0043_0010.uasset" 7116
"../../../Engine/Content/EngineMaterials/Substrate/GLints/dict_16_192_64_0p5_0p02_0043_0010.uexp" 7117
"../../../Engine/Content/EngineMaterials/Substrate/GLints/dict_16_192_64_0p5_0p02_0063_0015.uasset" 7118
"../../../Engine/Content/EngineMaterials/Substrate/GLints/dict_16_192_64_0p5_0p02_0063_0015.uexp" 7119
"../../../Engine/Content/EngineMaterials/Substrate/GLints/dict_16_192_64_0p5_0p02_0004_0008.uasset" 7120
"../../../Engine/Content/EngineMaterials/Substrate/GLints/dict_16_192_64_0p5_0p02_0004_0008.uexp" 7121
"../../../Engine/Content/EngineMaterials/Substrate/GLints/dict_16_192_64_0p5_0p02_0017_0010.uexp" 7122
"../../../Engine/Content/EngineMaterials/Substrate/GLints/dict_16_192_64_0p5_0p02_0017_0010.uasset" 7123
"../../../Engine/Content/EngineMaterials/Substrate/GLints/dict_16_192_64_0p5_0p02_0053_0010.uasset" 7124
"../../../Engine/Content/EngineMaterials/Substrate/GLints/dict_16_192_64_0p5_0p02_0053_0010.uexp" 7125
"../../../Engine/Content/EngineMaterials/Substrate/GLints/dict_16_192_64_0p5_0p02_0036_0003.uasset" 7126
"../../../Engine/Content/EngineMaterials/Substrate/GLints/dict_16_192_64_0p5_0p02_0036_0003.uexp" 7127
"../../../Engine/Content/EngineMaterials/Substrate/GLints/dict_16_192_64_0p5_0p02_0033_0000.uasset" 7128
"../../../Engine/Content/EngineMaterials/Substrate/GLints/dict_16_192_64_0p5_0p02_0033_0000.uexp" 7129
"../../../Engine/Content/EngineMaterials/Substrate/GLints/dict_16_192_64_0p5_0p02_0008_0008.uasset" 7130
"../../../Engine/Content/EngineMaterials/Substrate/GLints/dict_16_192_64_0p5_0p02_0008_0008.uexp" 7131
"../../../Engine/Content/EngineMaterials/Substrate/GLints/dict_16_192_64_0p5_0p02_0031_0000.uexp" 7132
"../../../Engine/Content/EngineMaterials/Substrate/GLints/dict_16_192_64_0p5_0p02_0031_0000.uasset" 7133
"../../../Engine/Content/EngineMaterials/Substrate/GLints/dict_16_192_64_0p5_0p02_0060_0009.uasset" 7134
"../../../Engine/Content/EngineMaterials/Substrate/GLints/dict_16_192_64_0p5_0p02_0060_0009.uexp" 7135
"../../../Engine/Content/EngineMaterials/Substrate/GLints/dict_16_192_64_0p5_0p02_0004_0011.uexp" 7136
"../../../Engine/Content/EngineMaterials/Substrate/GLints/dict_16_192_64_0p5_0p02_0004_0011.uasset" 7137
"../../../Engine/Content/EngineMaterials/Substrate/GLints/dict_16_192_64_0p5_0p02_0025_0012.uasset" 7138
"../../../Engine/Content/EngineMaterials/Substrate/GLints/dict_16_192_64_0p5_0p02_0025_0012.uexp" 7139
"../../../Engine/Content/EngineMaterials/Substrate/GLints/dict_16_192_64_0p5_0p02_0056_0011.uasset" 7140
"../../../Engine/Content/EngineMaterials/Substrate/GLints/dict_16_192_64_0p5_0p02_0056_0011.uexp" 7141
"../../../Engine/Content/EngineMaterials/Substrate/GLints/dict_16_192_64_0p5_0p02_0024_0007.uexp" 7142
"../../../Engine/Content/EngineMaterials/Substrate/GLints/dict_16_192_64_0p5_0p02_0024_0007.uasset" 7143
"../../../Engine/Content/EngineMaterials/Substrate/GLints/dict_16_192_64_0p5_0p02_0063_0009.uasset" 7144
"../../../Engine/Content/EngineMaterials/Substrate/GLints/dict_16_192_64_0p5_0p02_0063_0009.uexp" 7145
"../../../Engine/Content/EngineMaterials/Substrate/GLints/dict_16_192_64_0p5_0p02_0001_0006.uasset" 7146
"../../../Engine/Content/EngineMaterials/Substrate/GLints/dict_16_192_64_0p5_0p02_0001_0006.uexp" 7147
"../../../Engine/Content/EngineMaterials/Substrate/GLints/dict_16_192_64_0p5_0p02_0010_0014.uasset" 7148
"../../../Engine/Content/EngineMaterials/Substrate/GLints/dict_16_192_64_0p5_0p02_0010_0014.uexp" 7149
"../../../Engine/Content/EngineMaterials/Substrate/GLints/dict_16_192_64_0p5_0p02_0006_0005.uexp" 7150
"../../../Engine/Content/EngineMaterials/Substrate/GLints/dict_16_192_64_0p5_0p02_0006_0005.uasset" 7151
"../../../Engine/Content/EngineMaterials/Substrate/GLints/dict_16_192_64_0p5_0p02_0044_0012.uexp" 7152
"../../../Engine/Content/EngineMaterials/Substrate/GLints/dict_16_192_64_0p5_0p02_0044_0012.uasset" 7153
"../../../Engine/Content/EngineMaterials/Substrate/GLints/dict_16_192_64_0p5_0p02_0036_0015.uexp" 7154
"../../../Engine/Content/EngineMaterials/Substrate/GLints/dict_16_192_64_0p5_0p02_0036_0015.uasset" 7155
"../../../Engine/Content/EngineMaterials/Substrate/GLints/dict_16_192_64_0p5_0p02_0063_0012.uexp" 7156
"../../../Engine/Content/EngineMaterials/Substrate/GLints/dict_16_192_64_0p5_0p02_0063_0012.uasset" 7157
"../../../Engine/Content/EngineMaterials/Substrate/GLints/dict_16_192_64_0p5_0p02_0054_0000.uexp" 7158
"../../../Engine/Content/EngineMaterials/Substrate/GLints/dict_16_192_64_0p5_0p02_0054_0000.uasset" 7159
"../../../Engine/Content/EngineMaterials/Substrate/GLints/dict_16_192_64_0p5_0p02_0042_0014.uexp" 7160
"../../../Engine/Content/EngineMaterials/Substrate/GLints/dict_16_192_64_0p5_0p02_0042_0014.uasset" 7161
"../../../Engine/Content/EngineMaterials/Substrate/GLints/dict_16_192_64_0p5_0p02_0036_0001.uexp" 7162
"../../../Engine/Content/EngineMaterials/Substrate/GLints/dict_16_192_64_0p5_0p02_0036_0001.uasset" 7163
"../../../Engine/Content/EngineMaterials/Substrate/GLints/dict_16_192_64_0p5_0p02_0061_0000.uexp" 7164
"../../../Engine/Content/EngineMaterials/Substrate/GLints/dict_16_192_64_0p5_0p02_0061_0000.uasset" 7165
"../../../Engine/Content/EngineMaterials/Substrate/GLints/dict_16_192_64_0p5_0p02_0063_0005.uasset" 7166
"../../../Engine/Content/EngineMaterials/Substrate/GLints/dict_16_192_64_0p5_0p02_0063_0005.uexp" 7167
"../../../Engine/Content/EngineMaterials/Substrate/GLints/dict_16_192_64_0p5_0p02_0022_0014.uexp" 7168
"../../../Engine/Content/EngineMaterials/Substrate/GLints/dict_16_192_64_0p5_0p02_0022_0014.uasset" 7169
"../../../Engine/Content/EngineMaterials/Substrate/GLints/dict_16_192_64_0p5_0p02_0055_0014.uasset" 7170
"../../../Engine/Content/EngineMaterials/Substrate/GLints/dict_16_192_64_0p5_0p02_0055_0014.uexp" 7171
"../../../Engine/Content/EngineMaterials/Substrate/GLints/dict_16_192_64_0p5_0p02_0053_0005.uexp" 7172
"../../../Engine/Content/EngineMaterials/Substrate/GLints/dict_16_192_64_0p5_0p02_0053_0005.uasset" 7173
"../../../Engine/Content/EngineMaterials/Substrate/GLints/dict_16_192_64_0p5_0p02_0058_0000.uexp" 7174
"../../../Engine/Content/EngineMaterials/Substrate/GLints/dict_16_192_64_0p5_0p02_0058_0000.uasset" 7175
"../../../Engine/Content/EngineMaterials/Substrate/GLints/dict_16_192_64_0p5_0p02_0003_0014.uexp" 7176
"../../../Engine/Content/EngineMaterials/Substrate/GLints/dict_16_192_64_0p5_0p02_0003_0014.uasset" 7177
"../../../Engine/Content/EngineMaterials/Substrate/GLints/dict_16_192_64_0p5_0p02_0034_0005.uasset" 7178
"../../../Engine/Content/EngineMaterials/Substrate/GLints/dict_16_192_64_0p5_0p02_0034_0005.uexp" 7179
"../../../Engine/Content/EngineMaterials/Substrate/GLints/dict_16_192_64_0p5_0p02_0021_0005.uasset" 7180
"../../../Engine/Content/EngineMaterials/Substrate/GLints/dict_16_192_64_0p5_0p02_0021_0005.uexp" 7181
"../../../Engine/Content/EngineMaterials/Substrate/GLints/dict_16_192_64_0p5_0p02_0042_0009.uexp" 7182
"../../../Engine/Content/EngineMaterials/Substrate/GLints/dict_16_192_64_0p5_0p02_0042_0009.uasset" 7183
"../../../Engine/Content/EngineMaterials/Substrate/GLints/dict_16_192_64_0p5_0p02_0010_0010.uexp" 7184
"../../../Engine/Content/EngineMaterials/Substrate/GLints/dict_16_192_64_0p5_0p02_0010_0010.uasset" 7185
"../../../Engine/Content/EngineMaterials/Substrate/GLints/dict_16_192_64_0p5_0p02_0039_0008.uasset" 7186
"../../../Engine/Content/EngineMaterials/Substrate/GLints/dict_16_192_64_0p5_0p02_0039_0008.uexp" 7187
"../../../Engine/Content/EngineMaterials/Substrate/GLints/dict_16_192_64_0p5_0p02_0054_0015.uasset" 7188
"../../../Engine/Content/EngineMaterials/Substrate/GLints/dict_16_192_64_0p5_0p02_0054_0015.uexp" 7189
"../../../Engine/Content/EngineMaterials/Substrate/GLints/dict_16_192_64_0p5_0p02_0009_0005.uasset" 7190
"../../../Engine/Content/EngineMaterials/Substrate/GLints/dict_16_192_64_0p5_0p02_0009_0005.uexp" 7191
"../../../Engine/Content/EngineMaterials/Substrate/GLints/dict_16_192_64_0p5_0p02_0027_0000.uasset" 7192
"../../../Engine/Content/EngineMaterials/Substrate/GLints/dict_16_192_64_0p5_0p02_0027_0000.uexp" 7193
"../../../Engine/Content/EngineMaterials/Substrate/GLints/dict_16_192_64_0p5_0p02_0007_0007.uexp" 7194
"../../../Engine/Content/EngineMaterials/Substrate/GLints/dict_16_192_64_0p5_0p02_0007_0007.uasset" 7195
"../../../Engine/Content/EngineMaterials/Substrate/GLints/dict_16_192_64_0p5_0p02_0006_0014.uexp" 7196
"../../../Engine/Content/EngineMaterials/Substrate/GLints/dict_16_192_64_0p5_0p02_0006_0014.uasset" 7197
"../../../Engine/Content/EngineMaterials/Substrate/GLints/dict_16_192_64_0p5_0p02_0019_0002.uexp" 7198
"../../../Engine/Content/EngineMaterials/Substrate/GLints/dict_16_192_64_0p5_0p02_0019_0002.uasset" 7199
"../../../Engine/Content/EngineMaterials/Substrate/GLints/dict_16_192_64_0p5_0p02_0005_0011.uexp" 7200
"../../../Engine/Content/EngineMaterials/Substrate/GLints/dict_16_192_64_0p5_0p02_0005_0011.uasset" 7201
"../../../Engine/Content/EngineMaterials/Substrate/GLints/dict_16_192_64_0p5_0p02_0047_0011.uexp" 7202
"../../../Engine/Content/EngineMaterials/Substrate/GLints/dict_16_192_64_0p5_0p02_0047_0011.uasset" 7203
"../../../Engine/Content/EngineMaterials/Substrate/GLints/dict_16_192_64_0p5_0p02_0012_0010.uasset" 7204
"../../../Engine/Content/EngineMaterials/Substrate/GLints/dict_16_192_64_0p5_0p02_0012_0010.uexp" 7205
"../../../Engine/Content/EngineMaterials/Substrate/GLints/dict_16_192_64_0p5_0p02_0043_0004.uexp" 7206
"../../../Engine/Content/EngineMaterials/Substrate/GLints/dict_16_192_64_0p5_0p02_0043_0004.uasset" 7207
"../../../Engine/Content/EngineMaterials/Substrate/GLints/dict_16_192_64_0p5_0p02_0030_0014.uasset" 7208
"../../../Engine/Content/EngineMaterials/Substrate/GLints/dict_16_192_64_0p5_0p02_0030_0014.uexp" 7209
"../../../Engine/Content/EngineMaterials/Substrate/GLints/dict_16_192_64_0p5_0p02_0045_0003.uexp" 7210
"../../../Engine/Content/EngineMaterials/Substrate/GLints/dict_16_192_64_0p5_0p02_0045_0003.uasset" 7211
"../../../Engine/Content/EngineMaterials/Substrate/GLints/dict_16_192_64_0p5_0p02_0044_0004.uexp" 7212
"../../../Engine/Content/EngineMaterials/Substrate/GLints/dict_16_192_64_0p5_0p02_0044_0004.uasset" 7213
"../../../Engine/Content/EngineMaterials/Substrate/GLints/dict_16_192_64_0p5_0p02_0005_0003.uasset" 7214
"../../../Engine/Content/EngineMaterials/Substrate/GLints/dict_16_192_64_0p5_0p02_0005_0003.uexp" 7215
"../../../Engine/Content/EngineMaterials/Substrate/GLints/dict_16_192_64_0p5_0p02_0026_0005.uexp" 7216
"../../../Engine/Content/EngineMaterials/Substrate/GLints/dict_16_192_64_0p5_0p02_0026_0005.uasset" 7217
"../../../Engine/Content/EngineMaterials/Substrate/GLints/dict_16_192_64_0p5_0p02_0040_0005.uasset" 7218
"../../../Engine/Content/EngineMaterials/Substrate/GLints/dict_16_192_64_0p5_0p02_0040_0005.uexp" 7219
"../../../Engine/Content/EngineMaterials/Substrate/GLints/dict_16_192_64_0p5_0p02_0031_0014.uasset" 7220
"../../../Engine/Content/EngineMaterials/Substrate/GLints/dict_16_192_64_0p5_0p02_0031_0014.uexp" 7221
"../../../Engine/Content/EngineMaterials/Substrate/GLints/dict_16_192_64_0p5_0p02_0057_0007.uasset" 7222
"../../../Engine/Content/EngineMaterials/Substrate/GLints/dict_16_192_64_0p5_0p02_0057_0007.uexp" 7223
"../../../Engine/Content/EngineMaterials/Substrate/GLints/dict_16_192_64_0p5_0p02_0005_0006.uexp" 7224
"../../../Engine/Content/EngineMaterials/Substrate/GLints/dict_16_192_64_0p5_0p02_0005_0006.uasset" 7225
"../../../Engine/Content/EngineMaterials/Substrate/GLints/dict_16_192_64_0p5_0p02_0006_0009.uasset" 7226
"../../../Engine/Content/EngineMaterials/Substrate/GLints/dict_16_192_64_0p5_0p02_0006_0009.uexp" 7227
"../../../Engine/Content/EngineMaterials/Substrate/GLints/dict_16_192_64_0p5_0p02_0032_0011.uasset" 7228
"../../../Engine/Content/EngineMaterials/Substrate/GLints/dict_16_192_64_0p5_0p02_0032_0011.uexp" 7229
"../../../Engine/Content/EngineMaterials/Substrate/GLints/dict_16_192_64_0p5_0p02_0029_0009.uasset" 7230
"../../../Engine/Content/EngineMaterials/Substrate/GLints/dict_16_192_64_0p5_0p02_0029_0009.uexp" 7231
"../../../Engine/Content/EngineMaterials/Substrate/GLints/dict_16_192_64_0p5_0p02_0038_0009.uexp" 7232
"../../../Engine/Content/EngineMaterials/Substrate/GLints/dict_16_192_64_0p5_0p02_0038_0009.uasset" 7233
"../../../Engine/Content/EngineMaterials/Substrate/GLints/dict_16_192_64_0p5_0p02_0041_0009.uasset" 7234
"../../../Engine/Content/EngineMaterials/Substrate/GLints/dict_16_192_64_0p5_0p02_0041_0009.uexp" 7235
"../../../Engine/Content/EngineMaterials/Substrate/GLints/dict_16_192_64_0p5_0p02_0063_0000.uexp" 7236
"../../../Engine/Content/EngineMaterials/Substrate/GLints/dict_16_192_64_0p5_0p02_0063_0000.uasset" 7237
"../../../Engine/Content/EngineMaterials/Substrate/GLints/dict_16_192_64_0p5_0p02_0015_0004.uexp" 7238
"../../../Engine/Content/EngineMaterials/Substrate/GLints/dict_16_192_64_0p5_0p02_0015_0004.uasset" 7239
"../../../Engine/Content/EngineMaterials/Substrate/GLints/dict_16_192_64_0p5_0p02_0040_0007.uexp" 7240
"../../../Engine/Content/EngineMaterials/Substrate/GLints/dict_16_192_64_0p5_0p02_0040_0007.uasset" 7241
"../../../Engine/Content/EngineMaterials/Substrate/GLints/dict_16_192_64_0p5_0p02_0038_0002.uexp" 7242
"../../../Engine/Content/EngineMaterials/Substrate/GLints/dict_16_192_64_0p5_0p02_0038_0002.uasset" 7243
"../../../Engine/Content/EngineMaterials/Substrate/GLints/dict_16_192_64_0p5_0p02_0059_0011.uexp" 7244
"../../../Engine/Content/EngineMaterials/Substrate/GLints/dict_16_192_64_0p5_0p02_0059_0011.uasset" 7245
"../../../Engine/Content/EngineMaterials/Substrate/GLints/dict_16_192_64_0p5_0p02_0010_0012.uasset" 7246
"../../../Engine/Content/EngineMaterials/Substrate/GLints/dict_16_192_64_0p5_0p02_0010_0012.uexp" 7247
"../../../Engine/Content/EngineMaterials/Substrate/GLints/dict_16_192_64_0p5_0p02_0051_0007.uasset" 7248
"../../../Engine/Content/EngineMaterials/Substrate/GLints/dict_16_192_64_0p5_0p02_0051_0007.uexp" 7249
"../../../Engine/Content/EngineMaterials/Substrate/GLints/dict_16_192_64_0p5_0p02_0009_0014.uexp" 7250
"../../../Engine/Content/EngineMaterials/Substrate/GLints/dict_16_192_64_0p5_0p02_0009_0014.uasset" 7251
"../../../Engine/Content/EngineMaterials/Substrate/GLints/dict_16_192_64_0p5_0p02_0021_0006.uasset" 7252
"../../../Engine/Content/EngineMaterials/Substrate/GLints/dict_16_192_64_0p5_0p02_0021_0006.uexp" 7253
"../../../Engine/Content/EngineMaterials/Substrate/GLints/dict_16_192_64_0p5_0p02_0004_0005.uexp" 7254
"../../../Engine/Content/EngineMaterials/Substrate/GLints/dict_16_192_64_0p5_0p02_0004_0005.uasset" 7255
"../../../Engine/Content/EngineMaterials/Substrate/GLints/dict_16_192_64_0p5_0p02_0006_0007.uasset" 7256
"../../../Engine/Content/EngineMaterials/Substrate/GLints/dict_16_192_64_0p5_0p02_0006_0007.uexp" 7257
"../../../Engine/Content/EngineMaterials/Substrate/GLints/dict_16_192_64_0p5_0p02_0054_0008.uexp" 7258
"../../../Engine/Content/EngineMaterials/Substrate/GLints/dict_16_192_64_0p5_0p02_0054_0008.uasset" 7259
"../../../Engine/Content/EngineMaterials/Substrate/GLints/dict_16_192_64_0p5_0p02_0004_0014.uasset" 7260
"../../../Engine/Content/EngineMaterials/Substrate/GLints/dict_16_192_64_0p5_0p02_0004_0014.uexp" 7261
"../../../Engine/Content/EngineMaterials/Substrate/GLints/dict_16_192_64_0p5_0p02_0046_0010.uasset" 7262
"../../../Engine/Content/EngineMaterials/Substrate/GLints/dict_16_192_64_0p5_0p02_0046_0010.uexp" 7263
"../../../Engine/Content/EngineMaterials/Substrate/GLints/dict_16_192_64_0p5_0p02_0049_0015.uexp" 7264
"../../../Engine/Content/EngineMaterials/Substrate/GLints/dict_16_192_64_0p5_0p02_0049_0015.uasset" 7265
"../../../Engine/Content/EngineMaterials/Substrate/GLints/dict_16_192_64_0p5_0p02_0041_0003.uasset" 7266
"../../../Engine/Content/EngineMaterials/Substrate/GLints/dict_16_192_64_0p5_0p02_0041_0003.uexp" 7267
"../../../Engine/Content/EngineMaterials/Substrate/GLints/dict_16_192_64_0p5_0p02_0055_0015.uasset" 7268
"../../../Engine/Content/EngineMaterials/Substrate/GLints/dict_16_192_64_0p5_0p02_0055_0015.uexp" 7269
"../../../Engine/Content/EngineMaterials/Substrate/GLints/dict_16_192_64_0p5_0p02_0049_0008.uasset" 7270
"../../../Engine/Content/EngineMaterials/Substrate/GLints/dict_16_192_64_0p5_0p02_0049_0008.uexp" 7271
"../../../Engine/Content/EngineMaterials/Substrate/GLints/dict_16_192_64_0p5_0p02_0039_0003.uexp" 7272
"../../../Engine/Content/EngineMaterials/Substrate/GLints/dict_16_192_64_0p5_0p02_0039_0003.uasset" 7273
"../../../Engine/Content/EngineMaterials/Substrate/GLints/dict_16_192_64_0p5_0p02_0047_0004.uasset" 7274
"../../../Engine/Content/EngineMaterials/Substrate/GLints/dict_16_192_64_0p5_0p02_0047_0004.uexp" 7275
"../../../Engine/Content/EngineMaterials/Substrate/GLints/dict_16_192_64_0p5_0p02_0060_0005.uasset" 7276
"../../../Engine/Content/EngineMaterials/Substrate/GLints/dict_16_192_64_0p5_0p02_0060_0005.uexp" 7277
"../../../Engine/Content/EngineMaterials/Substrate/GLints/dict_16_192_64_0p5_0p02_0011_0010.uasset" 7278
"../../../Engine/Content/EngineMaterials/Substrate/GLints/dict_16_192_64_0p5_0p02_0011_0010.uexp" 7279
"../../../Engine/Content/EngineMaterials/Substrate/GLints/dict_16_192_64_0p5_0p02_0016_0007.uasset" 7280
"../../../Engine/Content/EngineMaterials/Substrate/GLints/dict_16_192_64_0p5_0p02_0016_0007.uexp" 7281
"../../../Engine/Content/EngineMaterials/Substrate/GLints/dict_16_192_64_0p5_0p02_0030_0010.uexp" 7282
"../../../Engine/Content/EngineMaterials/Substrate/GLints/dict_16_192_64_0p5_0p02_0030_0010.uasset" 7283
"../../../Engine/Content/EngineMaterials/Substrate/GLints/dict_16_192_64_0p5_0p02_0043_0013.uexp" 7284
"../../../Engine/Content/EngineMaterials/Substrate/GLints/dict_16_192_64_0p5_0p02_0043_0013.uasset" 7285
"../../../Engine/Content/EngineMaterials/Substrate/GLints/dict_16_192_64_0p5_0p02_0046_0001.uexp" 7286
"../../../Engine/Content/EngineMaterials/Substrate/GLints/dict_16_192_64_0p5_0p02_0046_0001.uasset" 7287
"../../../Engine/Content/EngineMaterials/Substrate/GLints/dict_16_192_64_0p5_0p02_0014_0004.uexp" 7288
"../../../Engine/Content/EngineMaterials/Substrate/GLints/dict_16_192_64_0p5_0p02_0014_0004.uasset" 7289
"../../../Engine/Content/EngineMaterials/Substrate/GLints/dict_16_192_64_0p5_0p02_0026_0000.uasset" 7290
"../../../Engine/Content/EngineMaterials/Substrate/GLints/dict_16_192_64_0p5_0p02_0026_0000.uexp" 7291
"../../../Engine/Content/EngineMaterials/Substrate/GLints/dict_16_192_64_0p5_0p02_0034_0006.uexp" 7292
"../../../Engine/Content/EngineMaterials/Substrate/GLints/dict_16_192_64_0p5_0p02_0034_0006.uasset" 7293
"../../../Engine/Content/EngineMaterials/Substrate/GLints/dict_16_192_64_0p5_0p02_0017_0008.uasset" 7294
"../../../Engine/Content/EngineMaterials/Substrate/GLints/dict_16_192_64_0p5_0p02_0017_0008.uexp" 7295
"../../../Engine/Content/EngineMaterials/Substrate/GLints/dict_16_192_64_0p5_0p02_0047_0012.uasset" 7296
"../../../Engine/Content/EngineMaterials/Substrate/GLints/dict_16_192_64_0p5_0p02_0047_0012.uexp" 7297
"../../../Engine/Content/EngineMaterials/Substrate/GLints/dict_16_192_64_0p5_0p02_0053_0006.uexp" 7298
"../../../Engine/Content/EngineMaterials/Substrate/GLints/dict_16_192_64_0p5_0p02_0053_0006.uasset" 7299
"../../../Engine/Content/EngineMaterials/Substrate/GLints/dict_16_192_64_0p5_0p02_0048_0005.uasset" 7300
"../../../Engine/Content/EngineMaterials/Substrate/GLints/dict_16_192_64_0p5_0p02_0048_0005.uexp" 7301
"../../../Engine/Content/EngineMaterials/Substrate/GLints/dict_16_192_64_0p5_0p02_0011_0012.uasset" 7302
"../../../Engine/Content/EngineMaterials/Substrate/GLints/dict_16_192_64_0p5_0p02_0011_0012.uexp" 7303
"../../../Engine/Content/EngineMaterials/Substrate/GLints/dict_16_192_64_0p5_0p02_0001_0009.uexp" 7304
"../../../Engine/Content/EngineMaterials/Substrate/GLints/dict_16_192_64_0p5_0p02_0001_0009.uasset" 7305
"../../../Engine/Content/EngineMaterials/Substrate/GLints/dict_16_192_64_0p5_0p02_0061_0013.uexp" 7306
"../../../Engine/Content/EngineMaterials/Substrate/GLints/dict_16_192_64_0p5_0p02_0061_0013.uasset" 7307
"../../../Engine/Content/EngineMaterials/Substrate/GLints/dict_16_192_64_0p5_0p02_0025_0002.uasset" 7308
"../../../Engine/Content/EngineMaterials/Substrate/GLints/dict_16_192_64_0p5_0p02_0025_0002.uexp" 7309
"../../../Engine/Content/EngineMaterials/Substrate/GLints/dict_16_192_64_0p5_0p02_0063_0008.uexp" 7310
"../../../Engine/Content/EngineMaterials/Substrate/GLints/dict_16_192_64_0p5_0p02_0063_0008.uasset" 7311
"../../../Engine/Content/EngineMaterials/Substrate/GLints/dict_16_192_64_0p5_0p02_0009_0013.uasset" 7312
"../../../Engine/Content/EngineMaterials/Substrate/GLints/dict_16_192_64_0p5_0p02_0009_0013.uexp" 7313
"../../../Engine/Content/EngineMaterials/Substrate/GLints/dict_16_192_64_0p5_0p02_0049_0014.uasset" 7314
"../../../Engine/Content/EngineMaterials/Substrate/GLints/dict_16_192_64_0p5_0p02_0049_0014.uexp" 7315
"../../../Engine/Content/EngineMaterials/Substrate/GLints/dict_16_192_64_0p5_0p02_0007_0013.uexp" 7316
"../../../Engine/Content/EngineMaterials/Substrate/GLints/dict_16_192_64_0p5_0p02_0007_0013.uasset" 7317
"../../../Engine/Content/EngineMaterials/Substrate/GLints/dict_16_192_64_0p5_0p02_0015_0001.uasset" 7318
"../../../Engine/Content/EngineMaterials/Substrate/GLints/dict_16_192_64_0p5_0p02_0015_0001.uexp" 7319
"../../../Engine/Content/EngineMaterials/Substrate/GLints/dict_16_192_64_0p5_0p02_0011_0011.uexp" 7320
"../../../Engine/Content/EngineMaterials/Substrate/GLints/dict_16_192_64_0p5_0p02_0011_0011.uasset" 7321
"../../../Engine/Content/EngineMaterials/Substrate/GLints/dict_16_192_64_0p5_0p02_0030_0005.uasset" 7322
"../../../Engine/Content/EngineMaterials/Substrate/GLints/dict_16_192_64_0p5_0p02_0030_0005.uexp" 7323
"../../../Engine/Content/EngineMaterials/Substrate/GLints/dict_16_192_64_0p5_0p02_0056_0014.uasset" 7324
"../../../Engine/Content/EngineMaterials/Substrate/GLints/dict_16_192_64_0p5_0p02_0056_0014.uexp" 7325
"../../../Engine/Content/EngineMaterials/Substrate/GLints/dict_16_192_64_0p5_0p02_0058_0003.uasset" 7326
"../../../Engine/Content/EngineMaterials/Substrate/GLints/dict_16_192_64_0p5_0p02_0058_0003.uexp" 7327
"../../../Engine/Content/EngineMaterials/Substrate/GLints/dict_16_192_64_0p5_0p02_0002_0015.uasset" 7328
"../../../Engine/Content/EngineMaterials/Substrate/GLints/dict_16_192_64_0p5_0p02_0002_0015.uexp" 7329
"../../../Engine/Content/EngineMaterials/Substrate/GLints/dict_16_192_64_0p5_0p02_0013_0013.uexp" 7330
"../../../Engine/Content/EngineMaterials/Substrate/GLints/dict_16_192_64_0p5_0p02_0013_0013.uasset" 7331
"../../../Engine/Content/EngineMaterials/Substrate/GLints/dict_16_192_64_0p5_0p02_0011_0004.uasset" 7332
"../../../Engine/Content/EngineMaterials/Substrate/GLints/dict_16_192_64_0p5_0p02_0011_0004.uexp" 7333
"../../../Engine/Content/EngineMaterials/Substrate/GLints/dict_16_192_64_0p5_0p02_0028_0015.uasset" 7334
"../../../Engine/Content/EngineMaterials/Substrate/GLints/dict_16_192_64_0p5_0p02_0028_0015.uexp" 7335
"../../../Engine/Content/EngineMaterials/Substrate/GLints/dict_16_192_64_0p5_0p02_0013_0001.uasset" 7336
"../../../Engine/Content/EngineMaterials/Substrate/GLints/dict_16_192_64_0p5_0p02_0013_0001.uexp" 7337
"../../../Engine/Content/EngineMaterials/Substrate/GLints/dict_16_192_64_0p5_0p02_0036_0006.uexp" 7338
"../../../Engine/Content/EngineMaterials/Substrate/GLints/dict_16_192_64_0p5_0p02_0036_0006.uasset" 7339
"../../../Engine/Content/EngineMaterials/Substrate/GLints/dict_16_192_64_0p5_0p02_0062_0014.uasset" 7340
"../../../Engine/Content/EngineMaterials/Substrate/GLints/dict_16_192_64_0p5_0p02_0062_0014.uexp" 7341
"../../../Engine/Content/EngineMaterials/Substrate/GLints/dict_16_192_64_0p5_0p02_0021_0011.uasset" 7342
"../../../Engine/Content/EngineMaterials/Substrate/GLints/dict_16_192_64_0p5_0p02_0021_0011.uexp" 7343
"../../../Engine/Content/EngineMaterials/Substrate/GLints/dict_16_192_64_0p5_0p02_0035_0010.uasset" 7344
"../../../Engine/Content/EngineMaterials/Substrate/GLints/dict_16_192_64_0p5_0p02_0035_0010.uexp" 7345
"../../../Engine/Content/EngineMaterials/Substrate/GLints/dict_16_192_64_0p5_0p02_0001_0012.uasset" 7346
"../../../Engine/Content/EngineMaterials/Substrate/GLints/dict_16_192_64_0p5_0p02_0001_0012.uexp" 7347
"../../../Engine/Content/EngineMaterials/Substrate/GLints/dict_16_192_64_0p5_0p02_0023_0001.uexp" 7348
"../../../Engine/Content/EngineMaterials/Substrate/GLints/dict_16_192_64_0p5_0p02_0023_0001.uasset" 7349
"../../../Engine/Content/EngineMaterials/Substrate/GLints/dict_16_192_64_0p5_0p02_0056_0002.uasset" 7350
"../../../Engine/Content/EngineMaterials/Substrate/GLints/dict_16_192_64_0p5_0p02_0056_0002.uexp" 7351
"../../../Engine/Content/EngineMaterials/Substrate/GLints/dict_16_192_64_0p5_0p02_0017_0005.uasset" 7352
"../../../Engine/Content/EngineMaterials/Substrate/GLints/dict_16_192_64_0p5_0p02_0017_0005.uexp" 7353
"../../../Engine/Content/EngineMaterials/Substrate/GLints/dict_16_192_64_0p5_0p02_0013_0009.uasset" 7354
"../../../Engine/Content/EngineMaterials/Substrate/GLints/dict_16_192_64_0p5_0p02_0013_0009.uexp" 7355
"../../../Engine/Content/EngineMaterials/Substrate/GLints/dict_16_192_64_0p5_0p02_0045_0012.uasset" 7356
"../../../Engine/Content/EngineMaterials/Substrate/GLints/dict_16_192_64_0p5_0p02_0045_0012.uexp" 7357
"../../../Engine/Content/EngineMaterials/Substrate/GLints/dict_16_192_64_0p5_0p02_0049_0011.uexp" 7358
"../../../Engine/Content/EngineMaterials/Substrate/GLints/dict_16_192_64_0p5_0p02_0049_0011.uasset" 7359
"../../../Engine/Content/EngineMaterials/Substrate/GLints/dict_16_192_64_0p5_0p02_0034_0011.uasset" 7360
"../../../Engine/Content/EngineMaterials/Substrate/GLints/dict_16_192_64_0p5_0p02_0034_0011.uexp" 7361
"../../../Engine/Content/EngineMaterials/Substrate/GLints/dict_16_192_64_0p5_0p02_0005_0010.uexp" 7362
"../../../Engine/Content/EngineMaterials/Substrate/GLints/dict_16_192_64_0p5_0p02_0005_0010.uasset" 7363
"../../../Engine/Content/EngineMaterials/Substrate/GLints/dict_16_192_64_0p5_0p02_0000_0006.uexp" 7364
"../../../Engine/Content/EngineMaterials/Substrate/GLints/dict_16_192_64_0p5_0p02_0000_0006.uasset" 7365
"../../../Engine/Content/EngineMaterials/Substrate/GLints/dict_16_192_64_0p5_0p02_0042_0003.uasset" 7366
"../../../Engine/Content/EngineMaterials/Substrate/GLints/dict_16_192_64_0p5_0p02_0042_0003.uexp" 7367
"../../../Engine/Content/EngineMaterials/Substrate/GLints/dict_16_192_64_0p5_0p02_0060_0011.uexp" 7368
"../../../Engine/Content/EngineMaterials/Substrate/GLints/dict_16_192_64_0p5_0p02_0060_0011.uasset" 7369
"../../../Engine/Content/EngineMaterials/Substrate/GLints/dict_16_192_64_0p5_0p02_0022_0006.uexp" 7370
"../../../Engine/Content/EngineMaterials/Substrate/GLints/dict_16_192_64_0p5_0p02_0022_0006.uasset" 7371
"../../../Engine/Content/EngineMaterials/Substrate/GLints/dict_16_192_64_0p5_0p02_0001_0005.uexp" 7372
"../../../Engine/Content/EngineMaterials/Substrate/GLints/dict_16_192_64_0p5_0p02_0001_0005.uasset" 7373
"../../../Engine/Content/EngineMaterials/Substrate/GLints/dict_16_192_64_0p5_0p02_0037_0015.uasset" 7374
"../../../Engine/Content/EngineMaterials/Substrate/GLints/dict_16_192_64_0p5_0p02_0037_0015.uexp" 7375
"../../../Engine/Content/EngineMaterials/Substrate/GLints/dict_16_192_64_0p5_0p02_0014_0009.uexp" 7376
"../../../Engine/Content/EngineMaterials/Substrate/GLints/dict_16_192_64_0p5_0p02_0014_0009.uasset" 7377
"../../../Engine/Content/EngineMaterials/Substrate/GLints/dict_16_192_64_0p5_0p02_0057_0010.uexp" 7378
"../../../Engine/Content/EngineMaterials/Substrate/GLints/dict_16_192_64_0p5_0p02_0057_0010.uasset" 7379
"../../../Engine/Content/EngineMaterials/Substrate/GLints/dict_16_192_64_0p5_0p02_0027_0005.uexp" 7380
"../../../Engine/Content/EngineMaterials/Substrate/GLints/dict_16_192_64_0p5_0p02_0027_0005.uasset" 7381
"../../../Engine/Content/EngineMaterials/Substrate/GLints/dict_16_192_64_0p5_0p02_0045_0014.uasset" 7382
"../../../Engine/Content/EngineMaterials/Substrate/GLints/dict_16_192_64_0p5_0p02_0045_0014.uexp" 7383
"../../../Engine/Content/EngineMaterials/Substrate/GLints/dict_16_192_64_0p5_0p02_0006_0011.uasset" 7384
"../../../Engine/Content/EngineMaterials/Substrate/GLints/dict_16_192_64_0p5_0p02_0006_0011.uexp" 7385
"../../../Engine/Content/EngineMaterials/Substrate/GLints/dict_16_192_64_0p5_0p02_0031_0003.uasset" 7386
"../../../Engine/Content/EngineMaterials/Substrate/GLints/dict_16_192_64_0p5_0p02_0031_0003.uexp" 7387
"../../../Engine/Content/EngineMaterials/Substrate/GLints/dict_16_192_64_0p5_0p02_0047_0006.uexp" 7388
"../../../Engine/Content/EngineMaterials/Substrate/GLints/dict_16_192_64_0p5_0p02_0047_0006.uasset" 7389
"../../../Engine/Content/EngineMaterials/Substrate/GLints/dict_16_192_64_0p5_0p02_0050_0013.uexp" 7390
"../../../Engine/Content/EngineMaterials/Substrate/GLints/dict_16_192_64_0p5_0p02_0050_0013.uasset" 7391
"../../../Engine/Content/EngineMaterials/Substrate/GLints/dict_16_192_64_0p5_0p02_0054_0011.uexp" 7392
"../../../Engine/Content/EngineMaterials/Substrate/GLints/dict_16_192_64_0p5_0p02_0054_0011.uasset" 7393
"../../../Engine/Content/EngineMaterials/Substrate/GLints/dict_16_192_64_0p5_0p02_0046_0009.uexp" 7394
"../../../Engine/Content/EngineMaterials/Substrate/GLints/dict_16_192_64_0p5_0p02_0046_0009.uasset" 7395
"../../../Engine/Content/EngineMaterials/Substrate/GLints/dict_16_192_64_0p5_0p02_0007_0012.uasset" 7396
"../../../Engine/Content/EngineMaterials/Substrate/GLints/dict_16_192_64_0p5_0p02_0007_0012.uexp" 7397
"../../../Engine/Content/EngineMaterials/Substrate/GLints/dict_16_192_64_0p5_0p02_0039_0011.uexp" 7398
"../../../Engine/Content/EngineMaterials/Substrate/GLints/dict_16_192_64_0p5_0p02_0039_0011.uasset" 7399
"../../../Engine/Content/EngineMaterials/Substrate/GLints/dict_16_192_64_0p5_0p02_0005_0012.uasset" 7400
"../../../Engine/Content/EngineMaterials/Substrate/GLints/dict_16_192_64_0p5_0p02_0005_0012.uexp" 7401
"../../../Engine/Content/EngineMaterials/Substrate/GLints/dict_16_192_64_0p5_0p02_0015_0003.uasset" 7402
"../../../Engine/Content/EngineMaterials/Substrate/GLints/dict_16_192_64_0p5_0p02_0015_0003.uexp" 7403
"../../../Engine/Content/EngineMaterials/Substrate/GLints/dict_16_192_64_0p5_0p02_0015_0014.uexp" 7404
"../../../Engine/Content/EngineMaterials/Substrate/GLints/dict_16_192_64_0p5_0p02_0015_0014.uasset" 7405
"../../../Engine/Content/EngineMaterials/Substrate/GLints/dict_16_192_64_0p5_0p02_0029_0010.uexp" 7406
"../../../Engine/Content/EngineMaterials/Substrate/GLints/dict_16_192_64_0p5_0p02_0029_0010.uasset" 7407
"../../../Engine/Content/EngineMaterials/Substrate/GLints/dict_16_192_64_0p5_0p02_0012_0008.uexp" 7408
"../../../Engine/Content/EngineMaterials/Substrate/GLints/dict_16_192_64_0p5_0p02_0012_0008.uasset" 7409
"../../../Engine/Content/EngineMaterials/Substrate/GLints/dict_16_192_64_0p5_0p02_0013_0015.uexp" 7410
"../../../Engine/Content/EngineMaterials/Substrate/GLints/dict_16_192_64_0p5_0p02_0013_0015.uasset" 7411
"../../../Engine/Content/EngineMaterials/Substrate/GLints/dict_16_192_64_0p5_0p02_0043_0000.uasset" 7412
"../../../Engine/Content/EngineMaterials/Substrate/GLints/dict_16_192_64_0p5_0p02_0043_0000.uexp" 7413
"../../../Engine/Content/EngineMaterials/Substrate/GLints/dict_16_192_64_0p5_0p02_0015_0013.uasset" 7414
"../../../Engine/Content/EngineMaterials/Substrate/GLints/dict_16_192_64_0p5_0p02_0015_0013.uexp" 7415
"../../../Engine/Content/EngineMaterials/Substrate/GLints/dict_16_192_64_0p5_0p02_0036_0010.uasset" 7416
"../../../Engine/Content/EngineMaterials/Substrate/GLints/dict_16_192_64_0p5_0p02_0036_0010.uexp" 7417
"../../../Engine/Content/EngineMaterials/Substrate/GLints/dict_16_192_64_0p5_0p02_0029_0003.uexp" 7418
"../../../Engine/Content/EngineMaterials/Substrate/GLints/dict_16_192_64_0p5_0p02_0029_0003.uasset" 7419
"../../../Engine/Content/EngineMaterials/Substrate/GLints/dict_16_192_64_0p5_0p02_0046_0000.uexp" 7420
"../../../Engine/Content/EngineMaterials/Substrate/GLints/dict_16_192_64_0p5_0p02_0046_0000.uasset" 7421
"../../../Engine/Content/EngineMaterials/Substrate/GLints/dict_16_192_64_0p5_0p02_0062_0015.uexp" 7422
"../../../Engine/Content/EngineMaterials/Substrate/GLints/dict_16_192_64_0p5_0p02_0062_0015.uasset" 7423
"../../../Engine/Content/EngineMaterials/Substrate/GLints/dict_16_192_64_0p5_0p02_0002_0006.uasset" 7424
"../../../Engine/Content/EngineMaterials/Substrate/GLints/dict_16_192_64_0p5_0p02_0002_0006.uexp" 7425
"../../../Engine/Content/EngineMaterials/Substrate/GLints/dict_16_192_64_0p5_0p02_0039_0010.uasset" 7426
"../../../Engine/Content/EngineMaterials/Substrate/GLints/dict_16_192_64_0p5_0p02_0039_0010.uexp" 7427
"../../../Engine/Content/EngineMaterials/Substrate/GLints/dict_16_192_64_0p5_0p02_0020_0002.uexp" 7428
"../../../Engine/Content/EngineMaterials/Substrate/GLints/dict_16_192_64_0p5_0p02_0020_0002.uasset" 7429
"../../../Engine/Content/EngineMaterials/Substrate/GLints/dict_16_192_64_0p5_0p02_0013_0007.uasset" 7430
"../../../Engine/Content/EngineMaterials/Substrate/GLints/dict_16_192_64_0p5_0p02_0013_0007.uexp" 7431
"../../../Engine/Content/EngineMaterials/Substrate/GLints/dict_16_192_64_0p5_0p02_0020_0012.uasset" 7432
"../../../Engine/Content/EngineMaterials/Substrate/GLints/dict_16_192_64_0p5_0p02_0020_0012.uexp" 7433
"../../../Engine/Content/EngineMaterials/Substrate/GLints/dict_16_192_64_0p5_0p02_0052_0013.uasset" 7434
"../../../Engine/Content/EngineMaterials/Substrate/GLints/dict_16_192_64_0p5_0p02_0052_0013.uexp" 7435
"../../../Engine/Content/EngineMaterials/Substrate/GLints/dict_16_192_64_0p5_0p02_0019_0014.uexp" 7436
"../../../Engine/Content/EngineMaterials/Substrate/GLints/dict_16_192_64_0p5_0p02_0019_0014.uasset" 7437
"../../../Engine/Content/EngineMaterials/Substrate/GLints/dict_16_192_64_0p5_0p02_0060_0001.uasset" 7438
"../../../Engine/Content/EngineMaterials/Substrate/GLints/dict_16_192_64_0p5_0p02_0060_0001.uexp" 7439
"../../../Engine/Content/EngineMaterials/Substrate/GLints/dict_16_192_64_0p5_0p02_0051_0001.uasset" 7440
"../../../Engine/Content/EngineMaterials/Substrate/GLints/dict_16_192_64_0p5_0p02_0051_0001.uexp" 7441
"../../../Engine/Content/EngineMaterials/Substrate/GLints/dict_16_192_64_0p5_0p02_0061_0011.uexp" 7442
"../../../Engine/Content/EngineMaterials/Substrate/GLints/dict_16_192_64_0p5_0p02_0061_0011.uasset" 7443
"../../../Engine/Content/EngineMaterials/Substrate/GLints/dict_16_192_64_0p5_0p02_0003_0015.uasset" 7444
"../../../Engine/Content/EngineMaterials/Substrate/GLints/dict_16_192_64_0p5_0p02_0003_0015.uexp" 7445
"../../../Engine/Content/EngineMaterials/Substrate/GLints/dict_16_192_64_0p5_0p02_0000_0012.uexp" 7446
"../../../Engine/Content/EngineMaterials/Substrate/GLints/dict_16_192_64_0p5_0p02_0000_0012.uasset" 7447
"../../../Engine/Content/EngineMaterials/Substrate/GLints/dict_16_192_64_0p5_0p02_0033_0014.uasset" 7448
"../../../Engine/Content/EngineMaterials/Substrate/GLints/dict_16_192_64_0p5_0p02_0033_0014.uexp" 7449
"../../../Engine/Content/EngineMaterials/Substrate/GLints/dict_16_192_64_0p5_0p02_0047_0008.uasset" 7450
"../../../Engine/Content/EngineMaterials/Substrate/GLints/dict_16_192_64_0p5_0p02_0047_0008.uexp" 7451
"../../../Engine/Content/EngineMaterials/Substrate/GLints/dict_16_192_64_0p5_0p02_0001_0003.uexp" 7452
"../../../Engine/Content/EngineMaterials/Substrate/GLints/dict_16_192_64_0p5_0p02_0001_0003.uasset" 7453
"../../../Engine/Content/EngineMaterials/Substrate/GLints/dict_16_192_64_0p5_0p02_0048_0008.uexp" 7454
"../../../Engine/Content/EngineMaterials/Substrate/GLints/dict_16_192_64_0p5_0p02_0048_0008.uasset" 7455
"../../../Engine/Content/EngineMaterials/Substrate/GLints/dict_16_192_64_0p5_0p02_0050_0007.uasset" 7456
"../../../Engine/Content/EngineMaterials/Substrate/GLints/dict_16_192_64_0p5_0p02_0050_0007.uexp" 7457
"../../../Engine/Content/EngineMaterials/Substrate/GLints/dict_16_192_64_0p5_0p02_0049_0013.uexp" 7458
"../../../Engine/Content/EngineMaterials/Substrate/GLints/dict_16_192_64_0p5_0p02_0049_0013.uasset" 7459
"../../../Engine/Content/EngineMaterials/Substrate/GLints/dict_16_192_64_0p5_0p02_0019_0015.uasset" 7460
"../../../Engine/Content/EngineMaterials/Substrate/GLints/dict_16_192_64_0p5_0p02_0019_0015.uexp" 7461
"../../../Engine/Content/EngineMaterials/Substrate/GLints/dict_16_192_64_0p5_0p02_0045_0011.uexp" 7462
"../../../Engine/Content/EngineMaterials/Substrate/GLints/dict_16_192_64_0p5_0p02_0045_0011.uasset" 7463
"../../../Engine/Content/EngineMaterials/Substrate/GLints/dict_16_192_64_0p5_0p02_0046_0005.uexp" 7464
"../../../Engine/Content/EngineMaterials/Substrate/GLints/dict_16_192_64_0p5_0p02_0046_0005.uasset" 7465
"../../../Engine/Content/EngineMaterials/Substrate/GLints/dict_16_192_64_0p5_0p02_0026_0011.uexp" 7466
"../../../Engine/Content/EngineMaterials/Substrate/GLints/dict_16_192_64_0p5_0p02_0026_0011.uasset" 7467
"../../../Engine/Content/EngineMaterials/Substrate/GLints/dict_16_192_64_0p5_0p02_0057_0003.uasset" 7468
"../../../Engine/Content/EngineMaterials/Substrate/GLints/dict_16_192_64_0p5_0p02_0057_0003.uexp" 7469
"../../../Engine/Content/EngineMaterials/Substrate/GLints/dict_16_192_64_0p5_0p02_0007_0006.uasset" 7470
"../../../Engine/Content/EngineMaterials/Substrate/GLints/dict_16_192_64_0p5_0p02_0007_0006.uexp" 7471
"../../../Engine/Content/EngineMaterials/Substrate/GLints/dict_16_192_64_0p5_0p02_0040_0001.uexp" 7472
"../../../Engine/Content/EngineMaterials/Substrate/GLints/dict_16_192_64_0p5_0p02_0040_0001.uasset" 7473
"../../../Engine/Content/EngineMaterials/Substrate/GLints/dict_16_192_64_0p5_0p02_0026_0010.uasset" 7474
"../../../Engine/Content/EngineMaterials/Substrate/GLints/dict_16_192_64_0p5_0p02_0026_0010.uexp" 7475
"../../../Engine/Content/EngineMaterials/Substrate/GLints/dict_16_192_64_0p5_0p02_0016_0010.uexp" 7476
"../../../Engine/Content/EngineMaterials/Substrate/GLints/dict_16_192_64_0p5_0p02_0016_0010.uasset" 7477
"../../../Engine/Content/EngineMaterials/Substrate/GLints/dict_16_192_64_0p5_0p02_0015_0008.uexp" 7478
"../../../Engine/Content/EngineMaterials/Substrate/GLints/dict_16_192_64_0p5_0p02_0015_0008.uasset" 7479
"../../../Engine/Content/EngineMaterials/Substrate/GLints/dict_16_192_64_0p5_0p02_0059_0008.uasset" 7480
"../../../Engine/Content/EngineMaterials/Substrate/GLints/dict_16_192_64_0p5_0p02_0059_0008.uexp" 7481
"../../../Engine/Content/EngineMaterials/Substrate/GLints/dict_16_192_64_0p5_0p02_0043_0011.uasset" 7482
"../../../Engine/Content/EngineMaterials/Substrate/GLints/dict_16_192_64_0p5_0p02_0043_0011.uexp" 7483
"../../../Engine/Content/EngineMaterials/Substrate/GLints/dict_16_192_64_0p5_0p02_0024_0004.uasset" 7484
"../../../Engine/Content/EngineMaterials/Substrate/GLints/dict_16_192_64_0p5_0p02_0024_0004.uexp" 7485
"../../../Engine/Content/EngineMaterials/Substrate/GLints/dict_16_192_64_0p5_0p02_0045_0015.uexp" 7486
"../../../Engine/Content/EngineMaterials/Substrate/GLints/dict_16_192_64_0p5_0p02_0045_0015.uasset" 7487
"../../../Engine/Content/EngineMaterials/Substrate/GLints/dict_16_192_64_0p5_0p02_0025_0009.uexp" 7488
"../../../Engine/Content/EngineMaterials/Substrate/GLints/dict_16_192_64_0p5_0p02_0025_0009.uasset" 7489
"../../../Engine/Content/EngineMaterials/Substrate/GLints/dict_16_192_64_0p5_0p02_0012_0014.uasset" 7490
"../../../Engine/Content/EngineMaterials/Substrate/GLints/dict_16_192_64_0p5_0p02_0012_0014.uexp" 7491
"../../../Engine/Content/EngineMaterials/Substrate/GLints/dict_16_192_64_0p5_0p02_0053_0004.uasset" 7492
"../../../Engine/Content/EngineMaterials/Substrate/GLints/dict_16_192_64_0p5_0p02_0053_0004.uexp" 7493
"../../../Engine/Content/EngineMaterials/Substrate/GLints/dict_16_192_64_0p5_0p02_0017_0004.uasset" 7494
"../../../Engine/Content/EngineMaterials/Substrate/GLints/dict_16_192_64_0p5_0p02_0017_0004.uexp" 7495
"../../../Engine/Content/EngineMaterials/Substrate/GLints/dict_16_192_64_0p5_0p02_0018_0004.uexp" 7496
"../../../Engine/Content/EngineMaterials/Substrate/GLints/dict_16_192_64_0p5_0p02_0018_0004.uasset" 7497
"../../../Engine/Content/EngineMaterials/Substrate/GLints/dict_16_192_64_0p5_0p02_0051_0015.uexp" 7498
"../../../Engine/Content/EngineMaterials/Substrate/GLints/dict_16_192_64_0p5_0p02_0051_0015.uasset" 7499
"../../../Engine/Content/EngineMaterials/Substrate/GLints/dict_16_192_64_0p5_0p02_0057_0013.uasset" 7500
"../../../Engine/Content/EngineMaterials/Substrate/GLints/dict_16_192_64_0p5_0p02_0057_0013.uexp" 7501
"../../../Engine/Content/EngineMaterials/Substrate/GLints/dict_16_192_64_0p5_0p02_0030_0006.uasset" 7502
"../../../Engine/Content/EngineMaterials/Substrate/GLints/dict_16_192_64_0p5_0p02_0030_0006.uexp" 7503
"../../../Engine/Content/EngineMaterials/Substrate/GLints/dict_16_192_64_0p5_0p02_0053_0007.uexp" 7504
"../../../Engine/Content/EngineMaterials/Substrate/GLints/dict_16_192_64_0p5_0p02_0053_0007.uasset" 7505
"../../../Engine/Content/EngineMaterials/Substrate/GLints/dict_16_192_64_0p5_0p02_0046_0003.uasset" 7506
"../../../Engine/Content/EngineMaterials/Substrate/GLints/dict_16_192_64_0p5_0p02_0046_0003.uexp" 7507
"../../../Engine/Content/EngineMaterials/Substrate/GLints/dict_16_192_64_0p5_0p02_0006_0003.uexp" 7508
"../../../Engine/Content/EngineMaterials/Substrate/GLints/dict_16_192_64_0p5_0p02_0006_0003.uasset" 7509
"../../../Engine/Content/EngineMaterials/Substrate/GLints/dict_16_192_64_0p5_0p02_0032_0005.uasset" 7510
"../../../Engine/Content/EngineMaterials/Substrate/GLints/dict_16_192_64_0p5_0p02_0032_0005.uexp" 7511
"../../../Engine/Content/EngineMaterials/Substrate/GLints/dict_16_192_64_0p5_0p02_0018_0006.uasset" 7512
"../../../Engine/Content/EngineMaterials/Substrate/GLints/dict_16_192_64_0p5_0p02_0018_0006.uexp" 7513
"../../../Engine/Content/EngineMaterials/Substrate/GLints/dict_16_192_64_0p5_0p02_0034_0014.uexp" 7514
"../../../Engine/Content/EngineMaterials/Substrate/GLints/dict_16_192_64_0p5_0p02_0034_0014.uasset" 7515
"../../../Engine/Content/EngineMaterials/Substrate/GLints/dict_16_192_64_0p5_0p02_0033_0011.uasset" 7516
"../../../Engine/Content/EngineMaterials/Substrate/GLints/dict_16_192_64_0p5_0p02_0033_0011.uexp" 7517
"../../../Engine/Content/EngineMaterials/Substrate/GLints/dict_16_192_64_0p5_0p02_0007_0002.uexp" 7518
"../../../Engine/Content/EngineMaterials/Substrate/GLints/dict_16_192_64_0p5_0p02_0007_0002.uasset" 7519
"../../../Engine/Content/EngineMaterials/Substrate/GLints/dict_16_192_64_0p5_0p02_0007_0004.uasset" 7520
"../../../Engine/Content/EngineMaterials/Substrate/GLints/dict_16_192_64_0p5_0p02_0007_0004.uexp" 7521
"../../../Engine/Content/EngineMaterials/Substrate/GLints/dict_16_192_64_0p5_0p02_0049_0001.uexp" 7522
"../../../Engine/Content/EngineMaterials/Substrate/GLints/dict_16_192_64_0p5_0p02_0049_0001.uasset" 7523
"../../../Engine/Content/EngineMaterials/Substrate/GLints/dict_16_192_64_0p5_0p02_0028_0012.uexp" 7524
"../../../Engine/Content/EngineMaterials/Substrate/GLints/dict_16_192_64_0p5_0p02_0028_0012.uasset" 7525
"../../../Engine/Content/EngineMaterials/Substrate/GLints/dict_16_192_64_0p5_0p02_0034_0015.uexp" 7526
"../../../Engine/Content/EngineMaterials/Substrate/GLints/dict_16_192_64_0p5_0p02_0034_0015.uasset" 7527
"../../../Engine/Content/EngineMaterials/Substrate/GLints/dict_16_192_64_0p5_0p02_0057_0009.uasset" 7528
"../../../Engine/Content/EngineMaterials/Substrate/GLints/dict_16_192_64_0p5_0p02_0057_0009.uexp" 7529
"../../../Engine/Content/EngineMaterials/Substrate/GLints/dict_16_192_64_0p5_0p02_0024_0008.uasset" 7530
"../../../Engine/Content/EngineMaterials/Substrate/GLints/dict_16_192_64_0p5_0p02_0024_0008.uexp" 7531
"../../../Engine/Content/EngineMaterials/Substrate/GLints/dict_16_192_64_0p5_0p02_0055_0011.uexp" 7532
"../../../Engine/Content/EngineMaterials/Substrate/GLints/dict_16_192_64_0p5_0p02_0055_0011.uasset" 7533
"../../../Engine/Content/EngineMaterials/Substrate/GLints/dict_16_192_64_0p5_0p02_0037_0005.uasset" 7534
"../../../Engine/Content/EngineMaterials/Substrate/GLints/dict_16_192_64_0p5_0p02_0037_0005.uexp" 7535
"../../../Engine/Content/EngineMaterials/Substrate/GLints/dict_16_192_64_0p5_0p02_0023_0000.uexp" 7536
"../../../Engine/Content/EngineMaterials/Substrate/GLints/dict_16_192_64_0p5_0p02_0023_0000.uasset" 7537
"../../../Engine/Content/EngineMaterials/Substrate/GLints/dict_16_192_64_0p5_0p02_0051_0004.uexp" 7538
"../../../Engine/Content/EngineMaterials/Substrate/GLints/dict_16_192_64_0p5_0p02_0051_0004.uasset" 7539
"../../../Engine/Content/EngineMaterials/Substrate/GLints/dict_16_192_64_0p5_0p02_0060_0015.uasset" 7540
"../../../Engine/Content/EngineMaterials/Substrate/GLints/dict_16_192_64_0p5_0p02_0060_0015.uexp" 7541
"../../../Engine/Content/EngineMaterials/Substrate/GLints/dict_16_192_64_0p5_0p02_0061_0008.uasset" 7542
"../../../Engine/Content/EngineMaterials/Substrate/GLints/dict_16_192_64_0p5_0p02_0061_0008.uexp" 7543
"../../../Engine/Content/EngineMaterials/Substrate/GLints/dict_16_192_64_0p5_0p02_0000_0009.uexp" 7544
"../../../Engine/Content/EngineMaterials/Substrate/GLints/dict_16_192_64_0p5_0p02_0000_0009.uasset" 7545
"../../../Engine/Content/EngineMaterials/Substrate/GLints/dict_16_192_64_0p5_0p02_0013_0014.uexp" 7546
"../../../Engine/Content/EngineMaterials/Substrate/GLints/dict_16_192_64_0p5_0p02_0013_0014.uasset" 7547
"../../../Engine/Content/EngineMaterials/Substrate/GLints/dict_16_192_64_0p5_0p02_0048_0000.uasset" 7548
"../../../Engine/Content/EngineMaterials/Substrate/GLints/dict_16_192_64_0p5_0p02_0048_0000.uexp" 7549
"../../../Engine/Content/EngineMaterials/Substrate/GLints/dict_16_192_64_0p5_0p02_0027_0007.uasset" 7550
"../../../Engine/Content/EngineMaterials/Substrate/GLints/dict_16_192_64_0p5_0p02_0027_0007.uexp" 7551
"../../../Engine/Content/EngineMaterials/Substrate/GLints/dict_16_192_64_0p5_0p02_0061_0002.uasset" 7552
"../../../Engine/Content/EngineMaterials/Substrate/GLints/dict_16_192_64_0p5_0p02_0061_0002.uexp" 7553
"../../../Engine/Content/EngineMaterials/Substrate/GLints/dict_16_192_64_0p5_0p02_0021_0012.uexp" 7554
"../../../Engine/Content/EngineMaterials/Substrate/GLints/dict_16_192_64_0p5_0p02_0021_0012.uasset" 7555
"../../../Engine/Content/EngineMaterials/Substrate/GLints/dict_16_192_64_0p5_0p02_0006_0002.uexp" 7556
"../../../Engine/Content/EngineMaterials/Substrate/GLints/dict_16_192_64_0p5_0p02_0006_0002.uasset" 7557
"../../../Engine/Content/EngineMaterials/Substrate/GLints/dict_16_192_64_0p5_0p02_0017_0015.uasset" 7558
"../../../Engine/Content/EngineMaterials/Substrate/GLints/dict_16_192_64_0p5_0p02_0017_0015.uexp" 7559
"../../../Engine/Content/EngineMaterials/Substrate/GLints/dict_16_192_64_0p5_0p02_0023_0006.uexp" 7560
"../../../Engine/Content/EngineMaterials/Substrate/GLints/dict_16_192_64_0p5_0p02_0023_0006.uasset" 7561
"../../../Engine/Content/EngineMaterials/Substrate/GLints/dict_16_192_64_0p5_0p02_0005_0001.uasset" 7562
"../../../Engine/Content/EngineMaterials/Substrate/GLints/dict_16_192_64_0p5_0p02_0005_0001.uexp" 7563
"../../../Engine/Content/EngineMaterials/Substrate/GLints/dict_16_192_64_0p5_0p02_0038_0007.uasset" 7564
"../../../Engine/Content/EngineMaterials/Substrate/GLints/dict_16_192_64_0p5_0p02_0038_0007.uexp" 7565
"../../../Engine/Content/EngineMaterials/Substrate/GLints/dict_16_192_64_0p5_0p02_0021_0004.uexp" 7566
"../../../Engine/Content/EngineMaterials/Substrate/GLints/dict_16_192_64_0p5_0p02_0021_0004.uasset" 7567
"../../../Engine/Content/EngineMaterials/Substrate/GLints/dict_16_192_64_0p5_0p02_0018_0000.uasset" 7568
"../../../Engine/Content/EngineMaterials/Substrate/GLints/dict_16_192_64_0p5_0p02_0018_0000.uexp" 7569
"../../../Engine/Content/EngineMaterials/Substrate/GLints/dict_16_192_64_0p5_0p02_0008_0010.uasset" 7570
"../../../Engine/Content/EngineMaterials/Substrate/GLints/dict_16_192_64_0p5_0p02_0008_0010.uexp" 7571
"../../../Engine/Content/EngineMaterials/Substrate/GLints/dict_16_192_64_0p5_0p02_0026_0009.uexp" 7572
"../../../Engine/Content/EngineMaterials/Substrate/GLints/dict_16_192_64_0p5_0p02_0026_0009.uasset" 7573
"../../../Engine/Content/EngineMaterials/Substrate/GLints/dict_16_192_64_0p5_0p02_0023_0007.uexp" 7574
"../../../Engine/Content/EngineMaterials/Substrate/GLints/dict_16_192_64_0p5_0p02_0023_0007.uasset" 7575
"../../../Engine/Content/EngineMaterials/Substrate/GLints/dict_16_192_64_0p5_0p02_0001_0013.uexp" 7576
"../../../Engine/Content/EngineMaterials/Substrate/GLints/dict_16_192_64_0p5_0p02_0001_0013.uasset" 7577
"../../../Engine/Content/EngineMaterials/Substrate/GLints/dict_16_192_64_0p5_0p02_0002_0004.uasset" 7578
"../../../Engine/Content/EngineMaterials/Substrate/GLints/dict_16_192_64_0p5_0p02_0002_0004.uexp" 7579
"../../../Engine/Content/EngineMaterials/Substrate/GLints/dict_16_192_64_0p5_0p02_0025_0004.uasset" 7580
"../../../Engine/Content/EngineMaterials/Substrate/GLints/dict_16_192_64_0p5_0p02_0025_0004.uexp" 7581
"../../../Engine/Content/EngineMaterials/Substrate/GLints/dict_16_192_64_0p5_0p02_0019_0000.uasset" 7582
"../../../Engine/Content/EngineMaterials/Substrate/GLints/dict_16_192_64_0p5_0p02_0019_0000.uexp" 7583
"../../../Engine/Content/EngineMaterials/Substrate/GLints/dict_16_192_64_0p5_0p02_0056_0004.uexp" 7584
"../../../Engine/Content/EngineMaterials/Substrate/GLints/dict_16_192_64_0p5_0p02_0056_0004.uasset" 7585
"../../../Engine/Content/EngineMaterials/Substrate/GLints/dict_16_192_64_0p5_0p02_0031_0013.uasset" 7586
"../../../Engine/Content/EngineMaterials/Substrate/GLints/dict_16_192_64_0p5_0p02_0031_0013.uexp" 7587
"../../../Engine/Content/EngineMaterials/Substrate/GLints/dict_16_192_64_0p5_0p02_0011_0008.uasset" 7588
"../../../Engine/Content/EngineMaterials/Substrate/GLints/dict_16_192_64_0p5_0p02_0011_0008.uexp" 7589
"../../../Engine/Content/EngineMaterials/Substrate/GLints/dict_16_192_64_0p5_0p02_0017_0000.uexp" 7590
"../../../Engine/Content/EngineMaterials/Substrate/GLints/dict_16_192_64_0p5_0p02_0017_0000.uasset" 7591
"../../../Engine/Content/EngineMaterials/Substrate/GLints/dict_16_192_64_0p5_0p02_0009_0009.uasset" 7592
"../../../Engine/Content/EngineMaterials/Substrate/GLints/dict_16_192_64_0p5_0p02_0009_0009.uexp" 7593
"../../../Engine/Content/EngineMaterials/Substrate/GLints/dict_16_192_64_0p5_0p02_0019_0008.uexp" 7594
"../../../Engine/Content/EngineMaterials/Substrate/GLints/dict_16_192_64_0p5_0p02_0019_0008.uasset" 7595
"../../../Engine/Content/EngineMaterials/Substrate/GLints/dict_16_192_64_0p5_0p02_0041_0010.uexp" 7596
"../../../Engine/Content/EngineMaterials/Substrate/GLints/dict_16_192_64_0p5_0p02_0041_0010.uasset" 7597
"../../../Engine/Content/EngineMaterials/Substrate/GLints/dict_16_192_64_0p5_0p02_0015_0012.uexp" 7598
"../../../Engine/Content/EngineMaterials/Substrate/GLints/dict_16_192_64_0p5_0p02_0015_0012.uasset" 7599
"../../../Engine/Content/EngineMaterials/Substrate/GLints/dict_16_192_64_0p5_0p02_0058_0004.uasset" 7600
"../../../Engine/Content/EngineMaterials/Substrate/GLints/dict_16_192_64_0p5_0p02_0058_0004.uexp" 7601
"../../../Engine/Content/EngineMaterials/Substrate/GLints/dict_16_192_64_0p5_0p02_0032_0006.uexp" 7602
"../../../Engine/Content/EngineMaterials/Substrate/GLints/dict_16_192_64_0p5_0p02_0032_0006.uasset" 7603
"../../../Engine/Content/EngineMaterials/Substrate/GLints/dict_16_192_64_0p5_0p02_0040_0004.uasset" 7604
"../../../Engine/Content/EngineMaterials/Substrate/GLints/dict_16_192_64_0p5_0p02_0040_0004.uexp" 7605
"../../../Engine/Content/EngineMaterials/Substrate/GLints/dict_16_192_64_0p5_0p02_0053_0013.uasset" 7606
"../../../Engine/Content/EngineMaterials/Substrate/GLints/dict_16_192_64_0p5_0p02_0053_0013.uexp" 7607
"../../../Engine/Content/EngineMaterials/Substrate/GLints/dict_16_192_64_0p5_0p02_0023_0004.uasset" 7608
"../../../Engine/Content/EngineMaterials/Substrate/GLints/dict_16_192_64_0p5_0p02_0023_0004.uexp" 7609
"../../../Engine/Content/EngineMaterials/Substrate/GLints/dict_16_192_64_0p5_0p02_0012_0009.uexp" 7610
"../../../Engine/Content/EngineMaterials/Substrate/GLints/dict_16_192_64_0p5_0p02_0012_0009.uasset" 7611
"../../../Engine/Content/EngineMaterials/Substrate/GLints/dict_16_192_64_0p5_0p02_0055_0010.uexp" 7612
"../../../Engine/Content/EngineMaterials/Substrate/GLints/dict_16_192_64_0p5_0p02_0055_0010.uasset" 7613
"../../../Engine/Content/EngineMaterials/Substrate/GLints/dict_16_192_64_0p5_0p02_0039_0006.uasset" 7614
"../../../Engine/Content/EngineMaterials/Substrate/GLints/dict_16_192_64_0p5_0p02_0039_0006.uexp" 7615
"../../../Engine/Content/EngineMaterials/Substrate/GLints/dict_16_192_64_0p5_0p02_0053_0000.uasset" 7616
"../../../Engine/Content/EngineMaterials/Substrate/GLints/dict_16_192_64_0p5_0p02_0053_0000.uexp" 7617
"../../../Engine/Content/EngineMaterials/Substrate/GLints/dict_16_192_64_0p5_0p02_0056_0015.uexp" 7618
"../../../Engine/Content/EngineMaterials/Substrate/GLints/dict_16_192_64_0p5_0p02_0056_0015.uasset" 7619
"../../../Engine/Content/EngineMaterials/Substrate/GLints/dict_16_192_64_0p5_0p02_0015_0007.uasset" 7620
"../../../Engine/Content/EngineMaterials/Substrate/GLints/dict_16_192_64_0p5_0p02_0015_0007.uexp" 7621
"../../../Engine/Content/EngineMaterials/Substrate/GLints/dict_16_192_64_0p5_0p02_0029_0001.uexp" 7622
"../../../Engine/Content/EngineMaterials/Substrate/GLints/dict_16_192_64_0p5_0p02_0029_0001.uasset" 7623
"../../../Engine/Content/EngineMaterials/Substrate/GLints/dict_16_192_64_0p5_0p02_0028_0003.uasset" 7624
"../../../Engine/Content/EngineMaterials/Substrate/GLints/dict_16_192_64_0p5_0p02_0028_0003.uexp" 7625
"../../../Engine/Content/EngineMaterials/Substrate/GLints/dict_16_192_64_0p5_0p02_0018_0008.uasset" 7626
"../../../Engine/Content/EngineMaterials/Substrate/GLints/dict_16_192_64_0p5_0p02_0018_0008.uexp" 7627
"../../../Engine/Content/EngineMaterials/Substrate/GLints/dict_16_192_64_0p5_0p02_0030_0009.uasset" 7628
"../../../Engine/Content/EngineMaterials/Substrate/GLints/dict_16_192_64_0p5_0p02_0030_0009.uexp" 7629
"../../../Engine/Content/EngineMaterials/Substrate/GLints/dict_16_192_64_0p5_0p02_0039_0014.uexp" 7630
"../../../Engine/Content/EngineMaterials/Substrate/GLints/dict_16_192_64_0p5_0p02_0039_0014.uasset" 7631
"../../../Engine/Content/EngineMaterials/Substrate/GLints/dict_16_192_64_0p5_0p02_0014_0010.uasset" 7632
"../../../Engine/Content/EngineMaterials/Substrate/GLints/dict_16_192_64_0p5_0p02_0014_0010.uexp" 7633
"../../../Engine/Content/EngineMaterials/Substrate/GLints/dict_16_192_64_0p5_0p02_0060_0006.uexp" 7634
"../../../Engine/Content/EngineMaterials/Substrate/GLints/dict_16_192_64_0p5_0p02_0060_0006.uasset" 7635
"../../../Engine/Content/EngineMaterials/Substrate/GLints/dict_16_192_64_0p5_0p02_0000_0003.uasset" 7636
"../../../Engine/Content/EngineMaterials/Substrate/GLints/dict_16_192_64_0p5_0p02_0000_0003.uexp" 7637
"../../../Engine/Content/EngineMaterials/Substrate/GLints/dict_16_192_64_0p5_0p02_0049_0010.uasset" 7638
"../../../Engine/Content/EngineMaterials/Substrate/GLints/dict_16_192_64_0p5_0p02_0049_0010.uexp" 7639
"../../../Engine/Content/EngineMaterials/Substrate/GLints/dict_16_192_64_0p5_0p02_0041_0000.uexp" 7640
"../../../Engine/Content/EngineMaterials/Substrate/GLints/dict_16_192_64_0p5_0p02_0041_0000.uasset" 7641
"../../../Engine/Content/EngineMaterials/Substrate/GLints/dict_16_192_64_0p5_0p02_0039_0000.uasset" 7642
"../../../Engine/Content/EngineMaterials/Substrate/GLints/dict_16_192_64_0p5_0p02_0039_0000.uexp" 7643
"../../../Engine/Content/EngineMaterials/Substrate/GLints/dict_16_192_64_0p5_0p02_0045_0010.uasset" 7644
"../../../Engine/Content/EngineMaterials/Substrate/GLints/dict_16_192_64_0p5_0p02_0045_0010.uexp" 7645
"../../../Engine/Content/EngineMaterials/Substrate/GLints/AGlintTex2dArray.uasset" 7646
"../../../Engine/Content/EngineMaterials/Substrate/GLints/AGlintTex2dArray.uexp" 7647
"/Users/cecily_chung/dev/brgd/slinky_dog/SlinkyDog/Content/SlinkyDog/UI/Buttons/resume_press.uasset" 7648
"/Users/cecily_chung/dev/brgd/slinky_dog/SlinkyDog/Content/SlinkyDog/UI/Buttons/resume_press.uexp" 7649
"/Users/cecily_chung/dev/brgd/slinky_dog/SlinkyDog/Content/SlinkyDog/proto_twoplayer/Proto_TwoPlayerActions/IA_Look1.uexp" 7650
"/Users/cecily_chung/dev/brgd/slinky_dog/SlinkyDog/Content/SlinkyDog/proto_twoplayer/Proto_TwoPlayerActions/IA_Look1.uasset" 7651
"/Users/cecily_chung/dev/brgd/slinky_dog/SlinkyDog/Content/SlinkyDog/proto_twoplayer/Proto_TwoPlayerActions/IA_Look2.uasset" 7652
"/Users/cecily_chung/dev/brgd/slinky_dog/SlinkyDog/Content/SlinkyDog/proto_twoplayer/Proto_TwoPlayerActions/IA_Look2.uexp" 7653
"/Users/cecily_chung/dev/brgd/slinky_dog/SlinkyDog/Content/SlinkyDog/level1/_GENERATED/Neptune_Model_-_UV_Unwrapped_-_Slinky_Dog.uasset" 7654
"/Users/cecily_chung/dev/brgd/slinky_dog/SlinkyDog/Content/SlinkyDog/level1/_GENERATED/Neptune_Model_-_UV_Unwrapped_-_Slinky_Dog.ubulk" 7655
"/Users/cecily_chung/dev/brgd/slinky_dog/SlinkyDog/Content/SlinkyDog/level1/_GENERATED/Neptune_Model_-_UV_Unwrapped_-_Slinky_Dog.uexp" 7656
"/Users/cecily_chung/dev/brgd/slinky_dog/SlinkyDog/Content/SlinkyDog/level1/Textures/shelves_and_books_v2_Material_011_BaseColor.uasset" 7657
"/Users/cecily_chung/dev/brgd/slinky_dog/SlinkyDog/Content/SlinkyDog/level1/Textures/shelves_and_books_v2_Material_011_BaseColor.uexp" 7658
"/Users/cecily_chung/dev/brgd/slinky_dog/SlinkyDog/Content/SlinkyDog/level1/Textures/shelves_and_books_v2_Material_011_BaseColor.ubulk" 7659
"/Users/cecily_chung/dev/brgd/slinky_dog/SlinkyDog/Content/Characters/Mannequin_UE4/Rigs/IK_UE4_Mannequin.uexp" 7660
"/Users/cecily_chung/dev/brgd/slinky_dog/SlinkyDog/Content/Characters/Mannequin_UE4/Rigs/IK_UE4_Mannequin.uasset" 7661
"/Users/cecily_chung/dev/brgd/slinky_dog/SlinkyDog/Content/Characters/Mannequins/Rigs/Poses/Manny/Manny_foot_l_anim.uexp" 7662
"/Users/cecily_chung/dev/brgd/slinky_dog/SlinkyDog/Content/Characters/Mannequins/Rigs/Poses/Manny/Manny_foot_l_anim.uasset" 7663
"/Users/cecily_chung/dev/brgd/slinky_dog/SlinkyDog/Content/Characters/Mannequins/Rigs/Poses/Manny/Manny_foot_l_pose.uexp" 7664
"/Users/cecily_chung/dev/brgd/slinky_dog/SlinkyDog/Content/Characters/Mannequins/Rigs/Poses/Manny/Manny_foot_l_pose.uasset" 7665
"/Users/cecily_chung/dev/brgd/slinky_dog/SlinkyDog/Content/Characters/Mannequins/Rigs/Poses/Manny/Manny_thigh_r_anim.uexp" 7666
"/Users/cecily_chung/dev/brgd/slinky_dog/SlinkyDog/Content/Characters/Mannequins/Rigs/Poses/Manny/Manny_thigh_r_anim.uasset" 7667
"/Users/cecily_chung/dev/brgd/slinky_dog/SlinkyDog/Content/Characters/Mannequins/Rigs/Poses/Manny/Manny_thigh_r_pose.uasset" 7668
"/Users/cecily_chung/dev/brgd/slinky_dog/SlinkyDog/Content/Characters/Mannequins/Rigs/Poses/Manny/Manny_thigh_r_pose.uexp" 7669
"/Users/cecily_chung/dev/brgd/slinky_dog/SlinkyDog/Content/Characters/Mannequins/Rigs/Poses/Manny/Manny_hand_r_anim.uexp" 7670
"/Users/cecily_chung/dev/brgd/slinky_dog/SlinkyDog/Content/Characters/Mannequins/Rigs/Poses/Manny/Manny_hand_r_anim.uasset" 7671
"/Users/cecily_chung/dev/brgd/slinky_dog/SlinkyDog/Content/Characters/Mannequins/Rigs/Poses/Manny/Manny_hand_r_pose.uasset" 7672
"/Users/cecily_chung/dev/brgd/slinky_dog/SlinkyDog/Content/Characters/Mannequins/Rigs/Poses/Manny/Manny_hand_r_pose.uexp" 7673
"/Users/cecily_chung/dev/brgd/slinky_dog/SlinkyDog/Content/Characters/Mannequins/Rigs/Poses/Manny/Manny_clavicle_l_anim.uasset" 7674
"/Users/cecily_chung/dev/brgd/slinky_dog/SlinkyDog/Content/Characters/Mannequins/Rigs/Poses/Manny/Manny_clavicle_l_anim.uexp" 7675
"/Users/cecily_chung/dev/brgd/slinky_dog/SlinkyDog/Content/Characters/Mannequins/Rigs/Poses/Manny/Manny_clavicle_l_pose.uexp" 7676
"/Users/cecily_chung/dev/brgd/slinky_dog/SlinkyDog/Content/Characters/Mannequins/Rigs/Poses/Manny/Manny_clavicle_l_pose.uasset" 7677
"/Users/cecily_chung/dev/brgd/slinky_dog/SlinkyDog/Content/Characters/Mannequins/Rigs/Poses/Manny/Manny_calf_l_anim.uexp" 7678
"/Users/cecily_chung/dev/brgd/slinky_dog/SlinkyDog/Content/Characters/Mannequins/Rigs/Poses/Manny/Manny_calf_l_anim.uasset" 7679
"/Users/cecily_chung/dev/brgd/slinky_dog/SlinkyDog/Content/Characters/Mannequins/Rigs/Poses/Manny/Manny_calf_l_pose.uexp" 7680
"/Users/cecily_chung/dev/brgd/slinky_dog/SlinkyDog/Content/Characters/Mannequins/Rigs/Poses/Manny/Manny_calf_l_pose.uasset" 7681
"/Users/cecily_chung/dev/brgd/slinky_dog/SlinkyDog/Content/Characters/Mannequins/Rigs/Poses/Manny/Manny_hand_l_anim.uexp" 7682
"/Users/cecily_chung/dev/brgd/slinky_dog/SlinkyDog/Content/Characters/Mannequins/Rigs/Poses/Manny/Manny_hand_l_anim.uasset" 7683
"/Users/cecily_chung/dev/brgd/slinky_dog/SlinkyDog/Content/Characters/Mannequins/Rigs/Poses/Manny/Manny_hand_l_pose.uasset" 7684
"/Users/cecily_chung/dev/brgd/slinky_dog/SlinkyDog/Content/Characters/Mannequins/Rigs/Poses/Manny/Manny_hand_l_pose.uexp" 7685
"/Users/cecily_chung/dev/brgd/slinky_dog/SlinkyDog/Content/Characters/Mannequins/Rigs/Poses/Manny/Manny_upperarm_r_anim.uasset" 7686
"/Users/cecily_chung/dev/brgd/slinky_dog/SlinkyDog/Content/Characters/Mannequins/Rigs/Poses/Manny/Manny_upperarm_r_anim.uexp" 7687
"/Users/cecily_chung/dev/brgd/slinky_dog/SlinkyDog/Content/Characters/Mannequins/Rigs/Poses/Manny/Manny_upperarm_r_pose.uexp" 7688
"/Users/cecily_chung/dev/brgd/slinky_dog/SlinkyDog/Content/Characters/Mannequins/Rigs/Poses/Manny/Manny_upperarm_r_pose.uasset" 7689
"/Users/cecily_chung/dev/brgd/slinky_dog/SlinkyDog/Content/Characters/Mannequins/Rigs/Poses/Manny/Manny_lowerarm_r_anim.uexp" 7690
"/Users/cecily_chung/dev/brgd/slinky_dog/SlinkyDog/Content/Characters/Mannequins/Rigs/Poses/Manny/Manny_lowerarm_r_anim.uasset" 7691
"/Users/cecily_chung/dev/brgd/slinky_dog/SlinkyDog/Content/Characters/Mannequins/Rigs/Poses/Manny/Manny_lowerarm_r_pose.uexp" 7692
"/Users/cecily_chung/dev/brgd/slinky_dog/SlinkyDog/Content/Characters/Mannequins/Rigs/Poses/Manny/Manny_lowerarm_r_pose.uasset" 7693
"/Users/cecily_chung/dev/brgd/slinky_dog/SlinkyDog/Content/Characters/Mannequins/Rigs/Poses/Manny/Manny_calf_r_anim.uexp" 7694
"/Users/cecily_chung/dev/brgd/slinky_dog/SlinkyDog/Content/Characters/Mannequins/Rigs/Poses/Manny/Manny_calf_r_anim.uasset" 7695
"/Users/cecily_chung/dev/brgd/slinky_dog/SlinkyDog/Content/Characters/Mannequins/Rigs/Poses/Manny/Manny_calf_r_pose.uasset" 7696
"/Users/cecily_chung/dev/brgd/slinky_dog/SlinkyDog/Content/Characters/Mannequins/Rigs/Poses/Manny/Manny_calf_r_pose.uexp" 7697
"/Users/cecily_chung/dev/brgd/slinky_dog/SlinkyDog/Content/Characters/Mannequins/Rigs/Poses/Manny/Manny_foot_r_anim.uasset" 7698
"/Users/cecily_chung/dev/brgd/slinky_dog/SlinkyDog/Content/Characters/Mannequins/Rigs/Poses/Manny/Manny_foot_r_anim.uexp" 7699
"/Users/cecily_chung/dev/brgd/slinky_dog/SlinkyDog/Content/Characters/Mannequins/Rigs/Poses/Manny/Manny_foot_r_pose.uasset" 7700
"/Users/cecily_chung/dev/brgd/slinky_dog/SlinkyDog/Content/Characters/Mannequins/Rigs/Poses/Manny/Manny_foot_r_pose.uexp" 7701
"/Users/cecily_chung/dev/brgd/slinky_dog/SlinkyDog/Content/Characters/Mannequins/Rigs/Poses/Manny/Manny_lowerarm_l_anim.uexp" 7702
"/Users/cecily_chung/dev/brgd/slinky_dog/SlinkyDog/Content/Characters/Mannequins/Rigs/Poses/Manny/Manny_lowerarm_l_anim.uasset" 7703
"/Users/cecily_chung/dev/brgd/slinky_dog/SlinkyDog/Content/Characters/Mannequins/Rigs/Poses/Manny/Manny_lowerarm_l_pose.uasset" 7704
"/Users/cecily_chung/dev/brgd/slinky_dog/SlinkyDog/Content/Characters/Mannequins/Rigs/Poses/Manny/Manny_lowerarm_l_pose.uexp" 7705
"/Users/cecily_chung/dev/brgd/slinky_dog/SlinkyDog/Content/Characters/Mannequins/Rigs/Poses/Manny/Manny_clavicle_r_anim.uasset" 7706
"/Users/cecily_chung/dev/brgd/slinky_dog/SlinkyDog/Content/Characters/Mannequins/Rigs/Poses/Manny/Manny_clavicle_r_anim.uexp" 7707
"/Users/cecily_chung/dev/brgd/slinky_dog/SlinkyDog/Content/Characters/Mannequins/Rigs/Poses/Manny/Manny_clavicle_r_pose.uexp" 7708
"/Users/cecily_chung/dev/brgd/slinky_dog/SlinkyDog/Content/Characters/Mannequins/Rigs/Poses/Manny/Manny_clavicle_r_pose.uasset" 7709
"/Users/cecily_chung/dev/brgd/slinky_dog/SlinkyDog/Content/Characters/Mannequins/Rigs/Poses/Manny/Manny_thigh_l_anim.uexp" 7710
"/Users/cecily_chung/dev/brgd/slinky_dog/SlinkyDog/Content/Characters/Mannequins/Rigs/Poses/Manny/Manny_thigh_l_anim.uasset" 7711
"/Users/cecily_chung/dev/brgd/slinky_dog/SlinkyDog/Content/Characters/Mannequins/Rigs/Poses/Manny/Manny_thigh_l_pose.uexp" 7712
"/Users/cecily_chung/dev/brgd/slinky_dog/SlinkyDog/Content/Characters/Mannequins/Rigs/Poses/Manny/Manny_thigh_l_pose.uasset" 7713
"/Users/cecily_chung/dev/brgd/slinky_dog/SlinkyDog/Content/Characters/Mannequins/Rigs/Poses/Manny/Manny_upperarm_l_anim.uasset" 7714
"/Users/cecily_chung/dev/brgd/slinky_dog/SlinkyDog/Content/Characters/Mannequins/Rigs/Poses/Manny/Manny_upperarm_l_anim.uexp" 7715
"/Users/cecily_chung/dev/brgd/slinky_dog/SlinkyDog/Content/Characters/Mannequins/Rigs/Poses/Manny/Manny_upperarm_l_pose.uexp" 7716
"/Users/cecily_chung/dev/brgd/slinky_dog/SlinkyDog/Content/Characters/Mannequins/Rigs/Poses/Manny/Manny_upperarm_l_pose.uasset" 7717
"/Users/cecily_chung/dev/brgd/slinky_dog/SlinkyDog/Content/Characters/Mannequins/Rigs/ABP_Manny_PostProcess.uexp" 7718
"/Users/cecily_chung/dev/brgd/slinky_dog/SlinkyDog/Content/Characters/Mannequins/Rigs/ABP_Manny_PostProcess.uasset" 7719
"/Users/cecily_chung/dev/brgd/slinky_dog/SlinkyDog/Content/Characters/Mannequins/Textures/Manny/T_Manny_02_MSR_MSK.uexp" 7720
"/Users/cecily_chung/dev/brgd/slinky_dog/SlinkyDog/Content/Characters/Mannequins/Textures/Manny/T_Manny_02_MSR_MSK.ubulk" 7721
"/Users/cecily_chung/dev/brgd/slinky_dog/SlinkyDog/Content/Characters/Mannequins/Textures/Manny/T_Manny_02_MSR_MSK.uasset" 7722
"/Users/cecily_chung/dev/brgd/slinky_dog/SlinkyDog/Content/Characters/Mannequins/Textures/Manny/T_Manny_02_CCRCCPlastic_MSK.uasset" 7723
"/Users/cecily_chung/dev/brgd/slinky_dog/SlinkyDog/Content/Characters/Mannequins/Textures/Manny/T_Manny_02_CCRCCPlastic_MSK.ubulk" 7724
"/Users/cecily_chung/dev/brgd/slinky_dog/SlinkyDog/Content/Characters/Mannequins/Textures/Manny/T_Manny_02_CCRCCPlastic_MSK.uexp" 7725
"/Users/cecily_chung/dev/brgd/slinky_dog/SlinkyDog/Content/Characters/Mannequins/Textures/Manny/T_Manny_02_Tan.uexp" 7726
"/Users/cecily_chung/dev/brgd/slinky_dog/SlinkyDog/Content/Characters/Mannequins/Textures/Manny/T_Manny_02_Tan.ubulk" 7727
"/Users/cecily_chung/dev/brgd/slinky_dog/SlinkyDog/Content/Characters/Mannequins/Textures/Manny/T_Manny_02_Tan.uasset" 7728
"/Users/cecily_chung/dev/brgd/slinky_dog/SlinkyDog/Content/Characters/Mannequins/Textures/Manny/T_Manny_02_N.ubulk" 7729
"/Users/cecily_chung/dev/brgd/slinky_dog/SlinkyDog/Content/Characters/Mannequins/Textures/Manny/T_Manny_02_N.uasset" 7730
"/Users/cecily_chung/dev/brgd/slinky_dog/SlinkyDog/Content/Characters/Mannequins/Textures/Manny/T_Manny_02_N.uexp" 7731
"/Users/cecily_chung/dev/brgd/slinky_dog/SlinkyDog/Content/Characters/Mannequins/Materials/Instances/Manny/MI_Manny_01.uasset" 7732
"/Users/cecily_chung/dev/brgd/slinky_dog/SlinkyDog/Content/Characters/Mannequins/Materials/Instances/Manny/MI_Manny_01.uexp" 7733
"/Users/cecily_chung/dev/brgd/slinky_dog/SlinkyDog/Content/Characters/Mannequins/Textures/Manny/T_Manny_02_BN.uasset" 7734
"/Users/cecily_chung/dev/brgd/slinky_dog/SlinkyDog/Content/Characters/Mannequins/Textures/Manny/T_Manny_02_BN.uexp" 7735
"/Users/cecily_chung/dev/brgd/slinky_dog/SlinkyDog/Content/Characters/Mannequins/Textures/Manny/T_Manny_02_BN.ubulk" 7736
"/Users/cecily_chung/dev/brgd/slinky_dog/SlinkyDog/Content/Characters/Mannequins/Textures/Manny/T_Manny_02_ASAOPMASK_MSK.uasset" 7737
"/Users/cecily_chung/dev/brgd/slinky_dog/SlinkyDog/Content/Characters/Mannequins/Textures/Manny/T_Manny_02_ASAOPMASK_MSK.ubulk" 7738
"/Users/cecily_chung/dev/brgd/slinky_dog/SlinkyDog/Content/Characters/Mannequins/Textures/Manny/T_Manny_02_ASAOPMASK_MSK.uexp" 7739
"/Users/cecily_chung/dev/brgd/slinky_dog/SlinkyDog/Content/Characters/Mannequins/Textures/Manny/T_Manny_02_D.ubulk" 7740
"/Users/cecily_chung/dev/brgd/slinky_dog/SlinkyDog/Content/Characters/Mannequins/Textures/Manny/T_Manny_02_D.uasset" 7741
"/Users/cecily_chung/dev/brgd/slinky_dog/SlinkyDog/Content/Characters/Mannequins/Textures/Manny/T_Manny_02_D.uexp" 7742
"/Users/cecily_chung/dev/brgd/slinky_dog/SlinkyDog/Content/Characters/Mannequins/Materials/Instances/Manny/MI_Manny_02.uexp" 7743
"/Users/cecily_chung/dev/brgd/slinky_dog/SlinkyDog/Content/Characters/Mannequins/Materials/Instances/Manny/MI_Manny_02.uasset" 7744
"/Users/cecily_chung/dev/brgd/slinky_dog/SlinkyDog/Content/Characters/Mannequins/Rigs/PA_Mannequin.uasset" 7745
"/Users/cecily_chung/dev/brgd/slinky_dog/SlinkyDog/Content/Characters/Mannequins/Rigs/PA_Mannequin.uexp" 7746
"/Users/cecily_chung/dev/brgd/slinky_dog/SlinkyDog/Content/Characters/Mannequins/Meshes/SKM_Manny.uasset" 7747
"/Users/cecily_chung/dev/brgd/slinky_dog/SlinkyDog/Content/Characters/Mannequins/Meshes/SKM_Manny.uexp" 7748
"/Users/cecily_chung/dev/brgd/slinky_dog/SlinkyDog/Content/Characters/Mannequin_UE4/Textures/T_UELogo_N_TGA.ubulk" 7749
"/Users/cecily_chung/dev/brgd/slinky_dog/SlinkyDog/Content/Characters/Mannequin_UE4/Textures/T_UELogo_N_TGA.uasset" 7750
"/Users/cecily_chung/dev/brgd/slinky_dog/SlinkyDog/Content/Characters/Mannequin_UE4/Textures/T_UELogo_N_TGA.uexp" 7751
"/Users/cecily_chung/dev/brgd/slinky_dog/SlinkyDog/Content/Characters/Mannequin_UE4/Textures/T_UE4_Mannequin__normals.ubulk" 7752
"/Users/cecily_chung/dev/brgd/slinky_dog/SlinkyDog/Content/Characters/Mannequin_UE4/Textures/T_UE4_Mannequin__normals.uexp" 7753
"/Users/cecily_chung/dev/brgd/slinky_dog/SlinkyDog/Content/Characters/Mannequin_UE4/Textures/T_UE4_Mannequin__normals.uasset" 7754
"/Users/cecily_chung/dev/brgd/slinky_dog/SlinkyDog/Content/Characters/Mannequin_UE4/Materials/Layers/ML_ShinyPlastic_Beige.uasset" 7755
"/Users/cecily_chung/dev/brgd/slinky_dog/SlinkyDog/Content/Characters/Mannequin_UE4/Materials/Layers/ML_ShinyPlastic_Beige.uexp" 7756
"../../../Engine/Content/Functions/MaterialLayerFunctions/MatLayerBlend_NormalBlend.uexp" 7757
"../../../Engine/Content/Functions/MaterialLayerFunctions/MatLayerBlend_NormalBlend.uasset" 7758
"/Users/cecily_chung/dev/brgd/slinky_dog/SlinkyDog/Content/Characters/Mannequin_UE4/Textures/T_UELogo_Mask.uexp" 7759
"/Users/cecily_chung/dev/brgd/slinky_dog/SlinkyDog/Content/Characters/Mannequin_UE4/Textures/T_UELogo_Mask.ubulk" 7760
"/Users/cecily_chung/dev/brgd/slinky_dog/SlinkyDog/Content/Characters/Mannequin_UE4/Textures/T_UELogo_Mask.uasset" 7761
"/Users/cecily_chung/dev/brgd/slinky_dog/SlinkyDog/Content/Characters/Mannequin_UE4/Materials/Layers/ML_ShinyPlastic_Beige_Logo.uasset" 7762
"/Users/cecily_chung/dev/brgd/slinky_dog/SlinkyDog/Content/Characters/Mannequin_UE4/Materials/Layers/ML_ShinyPlastic_Beige_Logo.uexp" 7763
"/Users/cecily_chung/dev/brgd/slinky_dog/SlinkyDog/Content/Characters/Mannequin_UE4/Textures/T_UE4_Mannequin_MAT_MASKA.uasset" 7764
"/Users/cecily_chung/dev/brgd/slinky_dog/SlinkyDog/Content/Characters/Mannequin_UE4/Textures/T_UE4_Mannequin_MAT_MASKA.ubulk" 7765
"/Users/cecily_chung/dev/brgd/slinky_dog/SlinkyDog/Content/Characters/Mannequin_UE4/Textures/T_UE4_Mannequin_MAT_MASKA.uexp" 7766
"/Users/cecily_chung/dev/brgd/slinky_dog/SlinkyDog/Content/Characters/Mannequin_UE4/Textures/T_ML_Aluminum01_N.ubulk" 7767
"/Users/cecily_chung/dev/brgd/slinky_dog/SlinkyDog/Content/Characters/Mannequin_UE4/Textures/T_ML_Aluminum01_N.uasset" 7768
"/Users/cecily_chung/dev/brgd/slinky_dog/SlinkyDog/Content/Characters/Mannequin_UE4/Textures/T_ML_Aluminum01_N.uexp" 7769
"/Users/cecily_chung/dev/brgd/slinky_dog/SlinkyDog/Content/Characters/Mannequin_UE4/Textures/T_ML_Aluminum01.uasset" 7770
"/Users/cecily_chung/dev/brgd/slinky_dog/SlinkyDog/Content/Characters/Mannequin_UE4/Textures/T_ML_Aluminum01.ubulk" 7771
"/Users/cecily_chung/dev/brgd/slinky_dog/SlinkyDog/Content/Characters/Mannequin_UE4/Textures/T_ML_Aluminum01.uexp" 7772
"/Users/cecily_chung/dev/brgd/slinky_dog/SlinkyDog/Content/Characters/Mannequin_UE4/Materials/Layers/ML_SoftMetal.uexp" 7773
"/Users/cecily_chung/dev/brgd/slinky_dog/SlinkyDog/Content/Characters/Mannequin_UE4/Materials/Layers/ML_SoftMetal.uasset" 7774
"../../../Engine/Content/Functions/MaterialLayerFunctions/MatLayerBlend_Simple.uasset" 7775
"../../../Engine/Content/Functions/MaterialLayerFunctions/MatLayerBlend_Simple.uexp" 7776
"/Users/cecily_chung/dev/brgd/slinky_dog/SlinkyDog/Content/Characters/Mannequin_UE4/Textures/T_ML_Rubber_Blue_01_N.ubulk" 7777
"/Users/cecily_chung/dev/brgd/slinky_dog/SlinkyDog/Content/Characters/Mannequin_UE4/Textures/T_ML_Rubber_Blue_01_N.uasset" 7778
"/Users/cecily_chung/dev/brgd/slinky_dog/SlinkyDog/Content/Characters/Mannequin_UE4/Textures/T_ML_Rubber_Blue_01_N.uexp" 7779
"/Users/cecily_chung/dev/brgd/slinky_dog/SlinkyDog/Content/Characters/Mannequin_UE4/Textures/T_ML_Rubber_Blue_01_D.uexp" 7780
"/Users/cecily_chung/dev/brgd/slinky_dog/SlinkyDog/Content/Characters/Mannequin_UE4/Textures/T_ML_Rubber_Blue_01_D.uasset" 7781
"/Users/cecily_chung/dev/brgd/slinky_dog/SlinkyDog/Content/Characters/Mannequin_UE4/Textures/T_ML_Rubber_Blue_01_D.ubulk" 7782
"/Users/cecily_chung/dev/brgd/slinky_dog/SlinkyDog/Content/Characters/Mannequin_UE4/Materials/Layers/ML_Latex_Black.uexp" 7783
"/Users/cecily_chung/dev/brgd/slinky_dog/SlinkyDog/Content/Characters/Mannequin_UE4/Materials/Layers/ML_Latex_Black.uasset" 7784
"/Users/cecily_chung/dev/brgd/slinky_dog/SlinkyDog/Content/Characters/Mannequin_UE4/Materials/M_MannequinUE4_Body.uexp" 7785
"/Users/cecily_chung/dev/brgd/slinky_dog/SlinkyDog/Content/Characters/Mannequin_UE4/Materials/M_MannequinUE4_Body.uasset" 7786
"/Users/cecily_chung/dev/brgd/slinky_dog/SlinkyDog/Content/Characters/Mannequin_UE4/Materials/M_MannequinUE4_ChestLogo.uasset" 7787
"/Users/cecily_chung/dev/brgd/slinky_dog/SlinkyDog/Content/Characters/Mannequin_UE4/Materials/M_MannequinUE4_ChestLogo.uexp" 7788
"/Users/cecily_chung/dev/brgd/slinky_dog/SlinkyDog/Content/Characters/Mannequin_UE4/Meshes/SK_Mannequin_PhysicsAsset.uasset" 7789
"/Users/cecily_chung/dev/brgd/slinky_dog/SlinkyDog/Content/Characters/Mannequin_UE4/Meshes/SK_Mannequin_PhysicsAsset.uexp" 7790
"/Users/cecily_chung/dev/brgd/slinky_dog/SlinkyDog/Content/Characters/Mannequin_UE4/Meshes/SK_Mannequin_Skeleton.uasset" 7791
"/Users/cecily_chung/dev/brgd/slinky_dog/SlinkyDog/Content/Characters/Mannequin_UE4/Meshes/SK_Mannequin_Skeleton.uexp" 7792
"/Users/cecily_chung/dev/brgd/slinky_dog/SlinkyDog/Content/Characters/Mannequin_UE4/Meshes/SK_Mannequin.uasset" 7793
"/Users/cecily_chung/dev/brgd/slinky_dog/SlinkyDog/Content/Characters/Mannequin_UE4/Meshes/SK_Mannequin.uexp" 7794
"/Users/cecily_chung/dev/brgd/slinky_dog/SlinkyDog/Content/Characters/Mannequins/Meshes/SKM_Manny_Simple.uexp" 7795
"/Users/cecily_chung/dev/brgd/slinky_dog/SlinkyDog/Content/Characters/Mannequins/Meshes/SKM_Manny_Simple.uasset" 7796
"/Users/cecily_chung/dev/brgd/slinky_dog/SlinkyDog/Content/Characters/Mannequin_UE4/Rigs/RTG_UE5Manny_UE4Manny.uexp" 7797
"/Users/cecily_chung/dev/brgd/slinky_dog/SlinkyDog/Content/Characters/Mannequin_UE4/Rigs/RTG_UE5Manny_UE4Manny.uasset" 7798
"/Users/cecily_chung/dev/brgd/slinky_dog/SlinkyDog/Content/Characters/Mannequins/Meshes/SKM_Quinn_Simple.uexp" 7799
"/Users/cecily_chung/dev/brgd/slinky_dog/SlinkyDog/Content/Characters/Mannequins/Meshes/SKM_Quinn_Simple.uasset" 7800
"/Users/cecily_chung/dev/brgd/slinky_dog/SlinkyDog/Content/Characters/Mannequin_UE4/Rigs/RTG_UE4Manny_UE5Manny.uasset" 7801
"/Users/cecily_chung/dev/brgd/slinky_dog/SlinkyDog/Content/Characters/Mannequin_UE4/Rigs/RTG_UE4Manny_UE5Manny.uexp" 7802
"/Users/cecily_chung/dev/brgd/slinky_dog/SlinkyDog/Content/Characters/Mannequin_UE4/Animations/Jog_Fwd.uasset" 7803
"/Users/cecily_chung/dev/brgd/slinky_dog/SlinkyDog/Content/Characters/Mannequin_UE4/Animations/Jog_Fwd.uexp" 7804
"/Users/cecily_chung/dev/brgd/slinky_dog/SlinkyDog/Content/Characters/Mannequins/Rigs/RTG_Mannequin.uexp" 7805
"/Users/cecily_chung/dev/brgd/slinky_dog/SlinkyDog/Content/Characters/Mannequins/Rigs/RTG_Mannequin.uasset" 7806
"../../../Engine/Plugins/Animation/ControlRig/Content/Controls/DefaultGizmoLibraryNormalized.uexp" 7807
"../../../Engine/Plugins/Animation/ControlRig/Content/Controls/DefaultGizmoLibraryNormalized.uasset" 7808
"/Users/cecily_chung/dev/brgd/slinky_dog/SlinkyDog/Content/Characters/Mannequins/Rigs/CR_Mannequin_Body.uasset" 7809
"/Users/cecily_chung/dev/brgd/slinky_dog/SlinkyDog/Content/Characters/Mannequins/Rigs/CR_Mannequin_Body.uexp" 7810
"/Users/cecily_chung/dev/brgd/slinky_dog/SlinkyDog/Content/Characters/Mannequins/Rigs/IK_Mannequin.uasset" 7811
"/Users/cecily_chung/dev/brgd/slinky_dog/SlinkyDog/Content/Characters/Mannequins/Rigs/IK_Mannequin.uexp" 7812
"/Users/cecily_chung/dev/brgd/slinky_dog/SlinkyDog/Content/Characters/Mannequins/Meshes/Mannequin_LODSettings.uexp" 7813
"/Users/cecily_chung/dev/brgd/slinky_dog/SlinkyDog/Content/Characters/Mannequins/Meshes/Mannequin_LODSettings.uasset" 7814
"/Users/cecily_chung/dev/brgd/slinky_dog/SlinkyDog/Content/LevelPrototyping/Meshes/SM_Cube.ubulk" 7815
"/Users/cecily_chung/dev/brgd/slinky_dog/SlinkyDog/Content/LevelPrototyping/Meshes/SM_Cube.uexp" 7816
"/Users/cecily_chung/dev/brgd/slinky_dog/SlinkyDog/Content/LevelPrototyping/Meshes/SM_Cube.uasset" 7817
"../../../Engine/Content/EngineSky/T_Sky_Stars.uasset" 7818
"../../../Engine/Content/EngineSky/T_Sky_Stars.ubulk" 7819
"../../../Engine/Content/EngineSky/T_Sky_Stars.uexp" 7820
"../../../Engine/Content/EngineSky/T_Sky_Clouds_M.ubulk" 7821
"../../../Engine/Content/EngineSky/T_Sky_Clouds_M.uasset" 7822
"../../../Engine/Content/EngineSky/T_Sky_Clouds_M.uexp" 7823
"../../../Engine/Content/EngineSky/T_Sky_Blue.uasset" 7824
"../../../Engine/Content/EngineSky/T_Sky_Blue.uexp" 7825
"../../../Engine/Content/EngineSky/T_Sky_Blue.ubulk" 7826
"../../../Engine/Content/EngineSky/M_Sky_Panning_Clouds2.uexp" 7827
"../../../Engine/Content/EngineSky/M_Sky_Panning_Clouds2.uasset" 7828
"../../../Engine/Content/EngineSky/SM_SkySphere.ubulk" 7829
"../../../Engine/Content/EngineSky/SM_SkySphere.uasset" 7830
"../../../Engine/Content/EngineSky/SM_SkySphere.uexp" 7831
"../../../Engine/Content/EngineSky/M_SimpleSkyDome.uasset" 7832
"../../../Engine/Content/EngineSky/M_SimpleSkyDome.uexp" 7833
"/Users/cecily_chung/dev/brgd/slinky_dog/SlinkyDog/Content/SlinkyDog/proto_twoplayer/CameraActor_Blueprint.uexp" 7834
"/Users/cecily_chung/dev/brgd/slinky_dog/SlinkyDog/Content/SlinkyDog/proto_twoplayer/CameraActor_Blueprint.uasset" 7835
"/Users/cecily_chung/dev/brgd/slinky_dog/SlinkyDog/Content/SlinkyDog/level1/plane_plane.ubulk" 7836
"/Users/cecily_chung/dev/brgd/slinky_dog/SlinkyDog/Content/SlinkyDog/level1/plane_plane.uexp" 7837
"/Users/cecily_chung/dev/brgd/slinky_dog/SlinkyDog/Content/SlinkyDog/level1/plane_plane.uasset" 7838
"/Users/cecily_chung/dev/brgd/slinky_dog/SlinkyDog/Content/SlinkyDog/level1/_GENERATED/paint/Cylinder_451A4FAE.ubulk" 7839
"/Users/cecily_chung/dev/brgd/slinky_dog/SlinkyDog/Content/SlinkyDog/level1/_GENERATED/paint/Cylinder_451A4FAE.uasset" 7840
"/Users/cecily_chung/dev/brgd/slinky_dog/SlinkyDog/Content/SlinkyDog/level1/_GENERATED/paint/Cylinder_451A4FAE.uexp" 7841
"/Users/cecily_chung/dev/brgd/slinky_dog/SlinkyDog/Content/SlinkyDog/level1/Textures/plane_UV_color.uasset" 7842
"/Users/cecily_chung/dev/brgd/slinky_dog/SlinkyDog/Content/SlinkyDog/level1/Textures/plane_UV_color.ubulk" 7843
"/Users/cecily_chung/dev/brgd/slinky_dog/SlinkyDog/Content/SlinkyDog/level1/Textures/plane_UV_color.uexp" 7844
"/Users/cecily_chung/dev/brgd/slinky_dog/SlinkyDog/Content/SlinkyDog/level1/Textures/Materials/Plane.uasset" 7845
"/Users/cecily_chung/dev/brgd/slinky_dog/SlinkyDog/Content/SlinkyDog/level1/Textures/Materials/Plane.uexp" 7846
"/Users/cecily_chung/dev/brgd/slinky_dog/SlinkyDog/Content/SlinkyDog/proto_twoplayer/BP_ProtoPlane.uexp" 7847
"/Users/cecily_chung/dev/brgd/slinky_dog/SlinkyDog/Content/SlinkyDog/proto_twoplayer/BP_ProtoPlane.uasset" 7848
"/Users/cecily_chung/dev/brgd/slinky_dog/SlinkyDog/Content/SlinkyDog/level1/_GENERATED/paint/Cylinder_91A5DAF9.ubulk" 7849
"/Users/cecily_chung/dev/brgd/slinky_dog/SlinkyDog/Content/SlinkyDog/level1/_GENERATED/paint/Cylinder_91A5DAF9.uexp" 7850
"/Users/cecily_chung/dev/brgd/slinky_dog/SlinkyDog/Content/SlinkyDog/level1/_GENERATED/paint/Cylinder_91A5DAF9.uasset" 7851
"/Users/cecily_chung/dev/brgd/slinky_dog/SlinkyDog/Content/SlinkyDog/proto_twoplayer/BP_ProtoDollArm.uasset" 7852
"/Users/cecily_chung/dev/brgd/slinky_dog/SlinkyDog/Content/SlinkyDog/proto_twoplayer/BP_ProtoDollArm.uexp" 7853
"/Users/cecily_chung/dev/brgd/slinky_dog/SlinkyDog/Content/SlinkyDog/level1/_GENERATED/paint/Box_086508D9.ubulk" 7854
"/Users/cecily_chung/dev/brgd/slinky_dog/SlinkyDog/Content/SlinkyDog/level1/_GENERATED/paint/Box_086508D9.uasset" 7855
"/Users/cecily_chung/dev/brgd/slinky_dog/SlinkyDog/Content/SlinkyDog/level1/_GENERATED/paint/Box_086508D9.uexp" 7856
"/Users/cecily_chung/dev/brgd/slinky_dog/SlinkyDog/Content/SlinkyDog/proto_twoplayer/BP_Seesaw.uasset" 7857
"/Users/cecily_chung/dev/brgd/slinky_dog/SlinkyDog/Content/SlinkyDog/proto_twoplayer/BP_Seesaw.uexp" 7858
"/Users/cecily_chung/dev/brgd/slinky_dog/SlinkyDog/Content/Characters/Hotdog/Material.uexp" 7859
"/Users/cecily_chung/dev/brgd/slinky_dog/SlinkyDog/Content/Characters/Hotdog/Material.uasset" 7860
"/Users/cecily_chung/dev/brgd/slinky_dog/SlinkyDog/Content/Characters/Hotdog/spring.ubulk" 7861
"/Users/cecily_chung/dev/brgd/slinky_dog/SlinkyDog/Content/Characters/Hotdog/spring.uasset" 7862
"/Users/cecily_chung/dev/brgd/slinky_dog/SlinkyDog/Content/Characters/Hotdog/spring.uexp" 7863
"/Users/cecily_chung/dev/brgd/slinky_dog/SlinkyDog/Content/Characters/Hotdog/Material_002.uasset" 7864
"/Users/cecily_chung/dev/brgd/slinky_dog/SlinkyDog/Content/Characters/Hotdog/Material_002.uexp" 7865
"/Users/cecily_chung/dev/brgd/slinky_dog/SlinkyDog/Content/Characters/Hotdog/Material_003.uexp" 7866
"/Users/cecily_chung/dev/brgd/slinky_dog/SlinkyDog/Content/Characters/Hotdog/Material_003.uasset" 7867
"/Users/cecily_chung/dev/brgd/slinky_dog/SlinkyDog/Content/Characters/Hotdog/Material_004.uasset" 7868
"/Users/cecily_chung/dev/brgd/slinky_dog/SlinkyDog/Content/Characters/Hotdog/Material_004.uexp" 7869
"/Users/cecily_chung/dev/brgd/slinky_dog/SlinkyDog/Content/Characters/Hotdog/Material_001.uexp" 7870
"/Users/cecily_chung/dev/brgd/slinky_dog/SlinkyDog/Content/Characters/Hotdog/Material_001.uasset" 7871
"/Users/cecily_chung/dev/brgd/slinky_dog/SlinkyDog/Content/Characters/Hotdog/hotdog_head_2.ubulk" 7872
"/Users/cecily_chung/dev/brgd/slinky_dog/SlinkyDog/Content/Characters/Hotdog/hotdog_head_2.uexp" 7873
"/Users/cecily_chung/dev/brgd/slinky_dog/SlinkyDog/Content/Characters/Hotdog/hotdog_head_2.uasset" 7874
"/Users/cecily_chung/dev/brgd/slinky_dog/SlinkyDog/Content/Characters/Hotdog/hotdog_tail_2.uasset" 7875
"/Users/cecily_chung/dev/brgd/slinky_dog/SlinkyDog/Content/Characters/Hotdog/hotdog_tail_2.uexp" 7876
"/Users/cecily_chung/dev/brgd/slinky_dog/SlinkyDog/Content/Characters/Hotdog/hotdog_tail_2.ubulk" 7877
"/Users/cecily_chung/dev/brgd/slinky_dog/SlinkyDog/Content/SlinkyDog/level1/Textures/Materials/Book5.uasset" 7878
"/Users/cecily_chung/dev/brgd/slinky_dog/SlinkyDog/Content/SlinkyDog/level1/Textures/Materials/Book5.uexp" 7879
"/Users/cecily_chung/dev/brgd/slinky_dog/SlinkyDog/Content/SlinkyDog/level1/Planks_and_Platforms_UV_Unwrapped_Short_Platform.uasset" 7880
"/Users/cecily_chung/dev/brgd/slinky_dog/SlinkyDog/Content/SlinkyDog/level1/Planks_and_Platforms_UV_Unwrapped_Short_Platform.ubulk" 7881
"/Users/cecily_chung/dev/brgd/slinky_dog/SlinkyDog/Content/SlinkyDog/level1/Planks_and_Platforms_UV_Unwrapped_Short_Platform.uexp" 7882
"/Users/cecily_chung/dev/brgd/slinky_dog/SlinkyDog/Content/SlinkyDog/level1/Planks_and_Platforms_UV_Unwrapped_Dowel.uasset" 7883
"/Users/cecily_chung/dev/brgd/slinky_dog/SlinkyDog/Content/SlinkyDog/level1/Planks_and_Platforms_UV_Unwrapped_Dowel.uexp" 7884
"/Users/cecily_chung/dev/brgd/slinky_dog/SlinkyDog/Content/SlinkyDog/level1/Planks_and_Platforms_UV_Unwrapped_Dowel.ubulk" 7885
"/Users/cecily_chung/dev/brgd/slinky_dog/SlinkyDog/Content/SlinkyDog/level1/Textures/Materials/Book2.uexp" 7886
"/Users/cecily_chung/dev/brgd/slinky_dog/SlinkyDog/Content/SlinkyDog/level1/Textures/Materials/Book2.uasset" 7887
"/Users/cecily_chung/dev/brgd/slinky_dog/SlinkyDog/Content/SlinkyDog/level1/Textures/Letter_Cube_A_UV_Unwrapped_Face_001_BaseColor.uasset" 7888
"/Users/cecily_chung/dev/brgd/slinky_dog/SlinkyDog/Content/SlinkyDog/level1/Textures/Letter_Cube_A_UV_Unwrapped_Face_001_BaseColor.ubulk" 7889
"/Users/cecily_chung/dev/brgd/slinky_dog/SlinkyDog/Content/SlinkyDog/level1/Textures/Letter_Cube_A_UV_Unwrapped_Face_001_BaseColor.uexp" 7890
"/Users/cecily_chung/dev/brgd/slinky_dog/SlinkyDog/Content/SlinkyDog/level1/Textures/Materials/CubeA.uasset" 7891
"/Users/cecily_chung/dev/brgd/slinky_dog/SlinkyDog/Content/SlinkyDog/level1/Textures/Materials/CubeA.uexp" 7892
"/Users/cecily_chung/dev/brgd/slinky_dog/SlinkyDog/Content/SlinkyDog/level1/Face_001.uexp" 7893
"/Users/cecily_chung/dev/brgd/slinky_dog/SlinkyDog/Content/SlinkyDog/level1/Face_001.uasset" 7894
"/Users/cecily_chung/dev/brgd/slinky_dog/SlinkyDog/Content/SlinkyDog/level1/Base_001.uasset" 7895
"/Users/cecily_chung/dev/brgd/slinky_dog/SlinkyDog/Content/SlinkyDog/level1/Base_001.uexp" 7896
"/Users/cecily_chung/dev/brgd/slinky_dog/SlinkyDog/Content/SlinkyDog/level1/Letter_Cubes_A_UV_Unwrapped.uasset" 7897
"/Users/cecily_chung/dev/brgd/slinky_dog/SlinkyDog/Content/SlinkyDog/level1/Letter_Cubes_A_UV_Unwrapped.uexp" 7898
"/Users/cecily_chung/dev/brgd/slinky_dog/SlinkyDog/Content/SlinkyDog/level1/Letter_Cubes_A_UV_Unwrapped.ubulk" 7899
"/Users/cecily_chung/dev/brgd/slinky_dog/SlinkyDog/Content/SlinkyDog/level1/Textures/Letter_Cube_A_UV_Unwrapped_Base_001_BaseColor.uasset" 7900
"/Users/cecily_chung/dev/brgd/slinky_dog/SlinkyDog/Content/SlinkyDog/level1/Textures/Letter_Cube_A_UV_Unwrapped_Base_001_BaseColor.ubulk" 7901
"/Users/cecily_chung/dev/brgd/slinky_dog/SlinkyDog/Content/SlinkyDog/level1/Textures/Letter_Cube_A_UV_Unwrapped_Base_001_BaseColor.uexp" 7902
"/Users/cecily_chung/dev/brgd/slinky_dog/SlinkyDog/Content/SlinkyDog/level1/Textures/Materials/CubeAExterior.uasset" 7903
"/Users/cecily_chung/dev/brgd/slinky_dog/SlinkyDog/Content/SlinkyDog/level1/Textures/Materials/CubeAExterior.uexp" 7904
"/Users/cecily_chung/dev/brgd/slinky_dog/SlinkyDog/Content/SlinkyDog/level1/Textures/Materials/Book4.uasset" 7905
"/Users/cecily_chung/dev/brgd/slinky_dog/SlinkyDog/Content/SlinkyDog/level1/Textures/Materials/Book4.uexp" 7906
"/Users/cecily_chung/dev/brgd/slinky_dog/SlinkyDog/Content/SlinkyDog/level1/Textures/Materials/SmallShelf.uasset" 7907
"/Users/cecily_chung/dev/brgd/slinky_dog/SlinkyDog/Content/SlinkyDog/level1/Textures/Materials/SmallShelf.uexp" 7908
"/Users/cecily_chung/dev/brgd/slinky_dog/SlinkyDog/Content/SlinkyDog/level1/Planks_and_Platforms_UV_Unwrapped_Long_Platform.uasset" 7909
"/Users/cecily_chung/dev/brgd/slinky_dog/SlinkyDog/Content/SlinkyDog/level1/Planks_and_Platforms_UV_Unwrapped_Long_Platform.ubulk" 7910
"/Users/cecily_chung/dev/brgd/slinky_dog/SlinkyDog/Content/SlinkyDog/level1/Planks_and_Platforms_UV_Unwrapped_Long_Platform.uexp" 7911
"/Users/cecily_chung/dev/brgd/slinky_dog/SlinkyDog/Content/SlinkyDog/level1/StaticMesh.uexp" 7912
"/Users/cecily_chung/dev/brgd/slinky_dog/SlinkyDog/Content/SlinkyDog/level1/StaticMesh.ubulk" 7913
"/Users/cecily_chung/dev/brgd/slinky_dog/SlinkyDog/Content/SlinkyDog/level1/StaticMesh.uasset" 7914
"/Users/cecily_chung/dev/brgd/slinky_dog/SlinkyDog/Content/SlinkyDog/level1/Textures/openbook1_Base_color.uexp" 7915
"/Users/cecily_chung/dev/brgd/slinky_dog/SlinkyDog/Content/SlinkyDog/level1/Textures/openbook1_Base_color.uasset" 7916
"/Users/cecily_chung/dev/brgd/slinky_dog/SlinkyDog/Content/SlinkyDog/level1/Textures/openbook1_Base_color.ubulk" 7917
"/Users/cecily_chung/dev/brgd/slinky_dog/SlinkyDog/Content/SlinkyDog/level1/Textures/Materials/OpenBook1.uexp" 7918
"/Users/cecily_chung/dev/brgd/slinky_dog/SlinkyDog/Content/SlinkyDog/level1/Textures/Materials/OpenBook1.uasset" 7919
"/Users/cecily_chung/dev/brgd/slinky_dog/SlinkyDog/Content/SlinkyDog/level1/Jupiter_Model__-_UV_Unwrapped_-_Slinky_Dog.uexp" 7920
"/Users/cecily_chung/dev/brgd/slinky_dog/SlinkyDog/Content/SlinkyDog/level1/Jupiter_Model__-_UV_Unwrapped_-_Slinky_Dog.uasset" 7921
"/Users/cecily_chung/dev/brgd/slinky_dog/SlinkyDog/Content/SlinkyDog/level1/Jupiter_Model__-_UV_Unwrapped_-_Slinky_Dog.ubulk" 7922
"/Users/cecily_chung/dev/brgd/slinky_dog/SlinkyDog/Content/SlinkyDog/level1/Textures/Jupiter_Model__-_UV_Unwrapped_-_Slinky_Dog_DefaultMaterial_BaseColor.uexp" 7923
"/Users/cecily_chung/dev/brgd/slinky_dog/SlinkyDog/Content/SlinkyDog/level1/Textures/Jupiter_Model__-_UV_Unwrapped_-_Slinky_Dog_DefaultMaterial_BaseColor.uasset" 7924
"/Users/cecily_chung/dev/brgd/slinky_dog/SlinkyDog/Content/SlinkyDog/level1/Textures/Jupiter_Model__-_UV_Unwrapped_-_Slinky_Dog_DefaultMaterial_BaseColor.ubulk" 7925
"/Users/cecily_chung/dev/brgd/slinky_dog/SlinkyDog/Content/SlinkyDog/level1/Textures/Materials/Jupiter.uasset" 7926
"/Users/cecily_chung/dev/brgd/slinky_dog/SlinkyDog/Content/SlinkyDog/level1/Textures/Materials/Jupiter.uexp" 7927
"/Users/cecily_chung/dev/brgd/slinky_dog/SlinkyDog/Content/SlinkyDog/level1/Textures/Letter_Cube_C_UV_Unwrapped_Face_001_BaseColor.uexp" 7928
"/Users/cecily_chung/dev/brgd/slinky_dog/SlinkyDog/Content/SlinkyDog/level1/Textures/Letter_Cube_C_UV_Unwrapped_Face_001_BaseColor.ubulk" 7929
"/Users/cecily_chung/dev/brgd/slinky_dog/SlinkyDog/Content/SlinkyDog/level1/Textures/Letter_Cube_C_UV_Unwrapped_Face_001_BaseColor.uasset" 7930
"/Users/cecily_chung/dev/brgd/slinky_dog/SlinkyDog/Content/SlinkyDog/level1/Textures/Materials/CubeC.uexp" 7931
"/Users/cecily_chung/dev/brgd/slinky_dog/SlinkyDog/Content/SlinkyDog/level1/Textures/Materials/CubeC.uasset" 7932
"/Users/cecily_chung/dev/brgd/slinky_dog/SlinkyDog/Content/SlinkyDog/level1/Letter_Cubes_C_UV_Unwrapped.uexp" 7933
"/Users/cecily_chung/dev/brgd/slinky_dog/SlinkyDog/Content/SlinkyDog/level1/Letter_Cubes_C_UV_Unwrapped.ubulk" 7934
"/Users/cecily_chung/dev/brgd/slinky_dog/SlinkyDog/Content/SlinkyDog/level1/Letter_Cubes_C_UV_Unwrapped.uasset" 7935
"/Users/cecily_chung/dev/brgd/slinky_dog/SlinkyDog/Content/SlinkyDog/level1/Textures/Letter_Cube_C_UV_Unwrapped_Base_001_BaseColor.uexp" 7936
"/Users/cecily_chung/dev/brgd/slinky_dog/SlinkyDog/Content/SlinkyDog/level1/Textures/Letter_Cube_C_UV_Unwrapped_Base_001_BaseColor.uasset" 7937
"/Users/cecily_chung/dev/brgd/slinky_dog/SlinkyDog/Content/SlinkyDog/level1/Textures/Letter_Cube_C_UV_Unwrapped_Base_001_BaseColor.ubulk" 7938
"/Users/cecily_chung/dev/brgd/slinky_dog/SlinkyDog/Content/SlinkyDog/level1/Textures/Materials/CubeCExterior.uasset" 7939
"/Users/cecily_chung/dev/brgd/slinky_dog/SlinkyDog/Content/SlinkyDog/level1/Textures/Materials/CubeCExterior.uexp" 7940
"/Users/cecily_chung/dev/brgd/slinky_dog/SlinkyDog/Content/SlinkyDog/level1/Textures/Materials/Book3.uasset" 7941
"/Users/cecily_chung/dev/brgd/slinky_dog/SlinkyDog/Content/SlinkyDog/level1/Textures/Materials/Book3.uexp" 7942
"/Users/cecily_chung/dev/brgd/slinky_dog/SlinkyDog/Content/SlinkyDog/level1/Fairy_lights_Wide_UV_Unwrapped.uasset" 7943
"/Users/cecily_chung/dev/brgd/slinky_dog/SlinkyDog/Content/SlinkyDog/level1/Fairy_lights_Wide_UV_Unwrapped.ubulk" 7944
"/Users/cecily_chung/dev/brgd/slinky_dog/SlinkyDog/Content/SlinkyDog/level1/Fairy_lights_Wide_UV_Unwrapped.uexp" 7945
"/Users/cecily_chung/dev/brgd/slinky_dog/SlinkyDog/Content/SlinkyDog/level1/Fairy_lights_Tall_UV_Unwrapped.uasset" 7946
"/Users/cecily_chung/dev/brgd/slinky_dog/SlinkyDog/Content/SlinkyDog/level1/Fairy_lights_Tall_UV_Unwrapped.uexp" 7947
"/Users/cecily_chung/dev/brgd/slinky_dog/SlinkyDog/Content/SlinkyDog/level1/Fairy_lights_Tall_UV_Unwrapped.ubulk" 7948
"/Users/cecily_chung/dev/brgd/slinky_dog/SlinkyDog/Content/SlinkyDog/level1/Material_011.uexp" 7949
"/Users/cecily_chung/dev/brgd/slinky_dog/SlinkyDog/Content/SlinkyDog/level1/Material_011.uasset" 7950
"/Users/cecily_chung/dev/brgd/slinky_dog/SlinkyDog/Content/SlinkyDog/level1/shelves_and_books_v2_Cube_007.uasset" 7951
"/Users/cecily_chung/dev/brgd/slinky_dog/SlinkyDog/Content/SlinkyDog/level1/shelves_and_books_v2_Cube_007.ubulk" 7952
"/Users/cecily_chung/dev/brgd/slinky_dog/SlinkyDog/Content/SlinkyDog/level1/shelves_and_books_v2_Cube_007.uexp" 7953
"/Users/cecily_chung/dev/brgd/slinky_dog/SlinkyDog/Content/SlinkyDog/level1/Neptune_Model_-_UV_Unwrapped_-_Slinky_Dog.uasset" 7954
"/Users/cecily_chung/dev/brgd/slinky_dog/SlinkyDog/Content/SlinkyDog/level1/Neptune_Model_-_UV_Unwrapped_-_Slinky_Dog.ubulk" 7955
"/Users/cecily_chung/dev/brgd/slinky_dog/SlinkyDog/Content/SlinkyDog/level1/Neptune_Model_-_UV_Unwrapped_-_Slinky_Dog.uexp" 7956
"/Users/cecily_chung/dev/brgd/slinky_dog/SlinkyDog/Content/SlinkyDog/level1/Textures/Neptune_Model_-_UV_Unwrapped_-_Slinky_Dog_DefaultMaterial_BaseColor.ubulk" 7957
"/Users/cecily_chung/dev/brgd/slinky_dog/SlinkyDog/Content/SlinkyDog/level1/Textures/Neptune_Model_-_UV_Unwrapped_-_Slinky_Dog_DefaultMaterial_BaseColor.uexp" 7958
"/Users/cecily_chung/dev/brgd/slinky_dog/SlinkyDog/Content/SlinkyDog/level1/Textures/Neptune_Model_-_UV_Unwrapped_-_Slinky_Dog_DefaultMaterial_BaseColor.uasset" 7959
"/Users/cecily_chung/dev/brgd/slinky_dog/SlinkyDog/Content/SlinkyDog/level1/Textures/Materials/Neptune.uexp" 7960
"/Users/cecily_chung/dev/brgd/slinky_dog/SlinkyDog/Content/SlinkyDog/level1/Textures/Materials/Neptune.uasset" 7961
"/Users/cecily_chung/dev/brgd/slinky_dog/SlinkyDog/Content/SlinkyDog/level1/killVolume.uexp" 7962
"/Users/cecily_chung/dev/brgd/slinky_dog/SlinkyDog/Content/SlinkyDog/level1/killVolume.uasset" 7963
"/Users/cecily_chung/dev/brgd/slinky_dog/SlinkyDog/Content/SlinkyDog/level1/Textures/childtunnel_standardSurface1_BaseColor.ubulk" 7964
"/Users/cecily_chung/dev/brgd/slinky_dog/SlinkyDog/Content/SlinkyDog/level1/Textures/childtunnel_standardSurface1_BaseColor.uexp" 7965
"/Users/cecily_chung/dev/brgd/slinky_dog/SlinkyDog/Content/SlinkyDog/level1/Textures/childtunnel_standardSurface1_BaseColor.uasset" 7966
"/Users/cecily_chung/dev/brgd/slinky_dog/SlinkyDog/Content/SlinkyDog/level1/Textures/Materials/ChildTunnel.uasset" 7967
"/Users/cecily_chung/dev/brgd/slinky_dog/SlinkyDog/Content/SlinkyDog/level1/Textures/Materials/ChildTunnel.uexp" 7968
"/Users/cecily_chung/dev/brgd/slinky_dog/SlinkyDog/Content/SlinkyDog/level1/childtunnel.uasset" 7969
"/Users/cecily_chung/dev/brgd/slinky_dog/SlinkyDog/Content/SlinkyDog/level1/childtunnel.ubulk" 7970
"/Users/cecily_chung/dev/brgd/slinky_dog/SlinkyDog/Content/SlinkyDog/level1/childtunnel.uexp" 7971
"/Users/cecily_chung/dev/brgd/slinky_dog/SlinkyDog/Content/SlinkyDog/level1/Textures/crayondrawing_DefaultMaterial_BaseColor.uasset" 7972
"/Users/cecily_chung/dev/brgd/slinky_dog/SlinkyDog/Content/SlinkyDog/level1/Textures/crayondrawing_DefaultMaterial_BaseColor.uexp" 7973
"/Users/cecily_chung/dev/brgd/slinky_dog/SlinkyDog/Content/SlinkyDog/level1/Textures/crayondrawing_DefaultMaterial_BaseColor.ubulk" 7974
"/Users/cecily_chung/dev/brgd/slinky_dog/SlinkyDog/Content/SlinkyDog/level1/Textures/Materials/Crayon2.uasset" 7975
"/Users/cecily_chung/dev/brgd/slinky_dog/SlinkyDog/Content/SlinkyDog/level1/Textures/Materials/Crayon2.uexp" 7976
"/Users/cecily_chung/dev/brgd/slinky_dog/SlinkyDog/Content/SlinkyDog/level1/crayondrawing.ubulk" 7977
"/Users/cecily_chung/dev/brgd/slinky_dog/SlinkyDog/Content/SlinkyDog/level1/crayondrawing.uasset" 7978
"/Users/cecily_chung/dev/brgd/slinky_dog/SlinkyDog/Content/SlinkyDog/level1/crayondrawing.uexp" 7979
"/Users/cecily_chung/dev/brgd/slinky_dog/SlinkyDog/Content/SlinkyDog/level1/shelves_and_books_v2_Cube_018.uexp" 7980
"/Users/cecily_chung/dev/brgd/slinky_dog/SlinkyDog/Content/SlinkyDog/level1/shelves_and_books_v2_Cube_018.ubulk" 7981
"/Users/cecily_chung/dev/brgd/slinky_dog/SlinkyDog/Content/SlinkyDog/level1/shelves_and_books_v2_Cube_018.uasset" 7982
"/Users/cecily_chung/dev/brgd/slinky_dog/SlinkyDog/Content/SlinkyDog/level1/Textures/Kid_s_Cart_-_UV_Unwrapped_UV_BaseColor.ubulk" 7983
"/Users/cecily_chung/dev/brgd/slinky_dog/SlinkyDog/Content/SlinkyDog/level1/Textures/Kid_s_Cart_-_UV_Unwrapped_UV_BaseColor.uexp" 7984
"/Users/cecily_chung/dev/brgd/slinky_dog/SlinkyDog/Content/SlinkyDog/level1/Textures/Kid_s_Cart_-_UV_Unwrapped_UV_BaseColor.uasset" 7985
"/Users/cecily_chung/dev/brgd/slinky_dog/SlinkyDog/Content/SlinkyDog/level1/Textures/Materials/KidsCart.uexp" 7986
"/Users/cecily_chung/dev/brgd/slinky_dog/SlinkyDog/Content/SlinkyDog/level1/Textures/Materials/KidsCart.uasset" 7987
"/Users/cecily_chung/dev/brgd/slinky_dog/SlinkyDog/Content/SlinkyDog/level1/UV.uexp" 7988
"/Users/cecily_chung/dev/brgd/slinky_dog/SlinkyDog/Content/SlinkyDog/level1/UV.uasset" 7989
"/Users/cecily_chung/dev/brgd/slinky_dog/SlinkyDog/Content/SlinkyDog/level1/Kid_s_Cart_-_UV_Unwrapped.ubulk" 7990
"/Users/cecily_chung/dev/brgd/slinky_dog/SlinkyDog/Content/SlinkyDog/level1/Kid_s_Cart_-_UV_Unwrapped.uasset" 7991
"/Users/cecily_chung/dev/brgd/slinky_dog/SlinkyDog/Content/SlinkyDog/level1/Kid_s_Cart_-_UV_Unwrapped.uexp" 7992
"/Users/cecily_chung/dev/brgd/slinky_dog/SlinkyDog/Content/SlinkyDog/level1/Textures/Materials/Slinky_Dog_BG_Full_Concept.uasset" 7993
"/Users/cecily_chung/dev/brgd/slinky_dog/SlinkyDog/Content/SlinkyDog/level1/Textures/Materials/Slinky_Dog_BG_Full_Concept.uexp" 7994
"/Users/cecily_chung/dev/brgd/slinky_dog/SlinkyDog/Content/SlinkyDog/level1/Wall_Design_Concept_2_Mat.uexp" 7995
"/Users/cecily_chung/dev/brgd/slinky_dog/SlinkyDog/Content/SlinkyDog/level1/Wall_Design_Concept_2_Mat.uasset" 7996
"/Users/cecily_chung/dev/brgd/slinky_dog/SlinkyDog/Content/SlinkyDog/level1/_GENERATED/zalju/Rectangle_C6CD6514.ubulk" 7997
"/Users/cecily_chung/dev/brgd/slinky_dog/SlinkyDog/Content/SlinkyDog/level1/_GENERATED/zalju/Rectangle_C6CD6514.uexp" 7998
"/Users/cecily_chung/dev/brgd/slinky_dog/SlinkyDog/Content/SlinkyDog/level1/_GENERATED/zalju/Rectangle_C6CD6514.uasset" 7999
"/Users/cecily_chung/dev/brgd/slinky_dog/SlinkyDog/Content/SlinkyDog/level1/Kids_Chair_-_UV_Unwrapped.uasset" 8000
"/Users/cecily_chung/dev/brgd/slinky_dog/SlinkyDog/Content/SlinkyDog/level1/Kids_Chair_-_UV_Unwrapped.ubulk" 8001
"/Users/cecily_chung/dev/brgd/slinky_dog/SlinkyDog/Content/SlinkyDog/level1/Kids_Chair_-_UV_Unwrapped.uexp" 8002
"/Users/cecily_chung/dev/brgd/slinky_dog/SlinkyDog/Content/SlinkyDog/level1/Textures/Kids_Chair_-_UV_Unwrapped_UV_BaseColor.uasset" 8003
"/Users/cecily_chung/dev/brgd/slinky_dog/SlinkyDog/Content/SlinkyDog/level1/Textures/Kids_Chair_-_UV_Unwrapped_UV_BaseColor.ubulk" 8004
"/Users/cecily_chung/dev/brgd/slinky_dog/SlinkyDog/Content/SlinkyDog/level1/Textures/Kids_Chair_-_UV_Unwrapped_UV_BaseColor.uexp" 8005
"/Users/cecily_chung/dev/brgd/slinky_dog/SlinkyDog/Content/SlinkyDog/level1/Textures/Materials/KidChair.uexp" 8006
"/Users/cecily_chung/dev/brgd/slinky_dog/SlinkyDog/Content/SlinkyDog/level1/Textures/Materials/KidChair.uasset" 8007
"/Users/cecily_chung/dev/brgd/slinky_dog/SlinkyDog/Content/SlinkyDog/level1/Saturn_Model_-_UV_Unwrapped_-_Slinky_Dog.uexp" 8008
"/Users/cecily_chung/dev/brgd/slinky_dog/SlinkyDog/Content/SlinkyDog/level1/Saturn_Model_-_UV_Unwrapped_-_Slinky_Dog.ubulk" 8009
"/Users/cecily_chung/dev/brgd/slinky_dog/SlinkyDog/Content/SlinkyDog/level1/Saturn_Model_-_UV_Unwrapped_-_Slinky_Dog.uasset" 8010
"/Users/cecily_chung/dev/brgd/slinky_dog/SlinkyDog/Content/SlinkyDog/level1/Textures/Saturn_Model_-_UV_Unwrapped_-_Slinky_Dog_DefaultMaterial_BaseColor.uasset" 8011
"/Users/cecily_chung/dev/brgd/slinky_dog/SlinkyDog/Content/SlinkyDog/level1/Textures/Saturn_Model_-_UV_Unwrapped_-_Slinky_Dog_DefaultMaterial_BaseColor.uexp" 8012
"/Users/cecily_chung/dev/brgd/slinky_dog/SlinkyDog/Content/SlinkyDog/level1/Textures/Saturn_Model_-_UV_Unwrapped_-_Slinky_Dog_DefaultMaterial_BaseColor.ubulk" 8013
"/Users/cecily_chung/dev/brgd/slinky_dog/SlinkyDog/Content/SlinkyDog/level1/Textures/Materials/Saturn.uasset" 8014
"/Users/cecily_chung/dev/brgd/slinky_dog/SlinkyDog/Content/SlinkyDog/level1/Textures/Materials/Saturn.uexp" 8015
"/Users/cecily_chung/dev/brgd/slinky_dog/SlinkyDog/Content/SlinkyDog/level1/Textures/openbook2_Base_color.uasset" 8016
"/Users/cecily_chung/dev/brgd/slinky_dog/SlinkyDog/Content/SlinkyDog/level1/Textures/openbook2_Base_color.ubulk" 8017
"/Users/cecily_chung/dev/brgd/slinky_dog/SlinkyDog/Content/SlinkyDog/level1/Textures/openbook2_Base_color.uexp" 8018
"/Users/cecily_chung/dev/brgd/slinky_dog/SlinkyDog/Content/SlinkyDog/level1/Textures/Materials/OpenBook2.uasset" 8019
"/Users/cecily_chung/dev/brgd/slinky_dog/SlinkyDog/Content/SlinkyDog/level1/Textures/Materials/OpenBook2.uexp" 8020
"/Users/cecily_chung/dev/brgd/slinky_dog/SlinkyDog/Content/SlinkyDog/level1/openbook2_Skeleton.uexp" 8021
"/Users/cecily_chung/dev/brgd/slinky_dog/SlinkyDog/Content/SlinkyDog/level1/openbook2_Skeleton.uasset" 8022
"/Users/cecily_chung/dev/brgd/slinky_dog/SlinkyDog/Content/SlinkyDog/level1/openbook2_PhysicsAsset.uasset" 8023
"/Users/cecily_chung/dev/brgd/slinky_dog/SlinkyDog/Content/SlinkyDog/level1/openbook2_PhysicsAsset.uexp" 8024
"/Users/cecily_chung/dev/brgd/slinky_dog/SlinkyDog/Content/SlinkyDog/level1/openbook2.uasset" 8025
"/Users/cecily_chung/dev/brgd/slinky_dog/SlinkyDog/Content/SlinkyDog/level1/openbook2.uexp" 8026
"/Users/cecily_chung/dev/brgd/slinky_dog/SlinkyDog/Content/SlinkyDog/level1/rocket_shuttle.ubulk" 8027
"/Users/cecily_chung/dev/brgd/slinky_dog/SlinkyDog/Content/SlinkyDog/level1/rocket_shuttle.uasset" 8028
"/Users/cecily_chung/dev/brgd/slinky_dog/SlinkyDog/Content/SlinkyDog/level1/rocket_shuttle.uexp" 8029
"/Users/cecily_chung/dev/brgd/slinky_dog/SlinkyDog/Content/SlinkyDog/level1/Textures/rocket_UV_color.ubulk" 8030
"/Users/cecily_chung/dev/brgd/slinky_dog/SlinkyDog/Content/SlinkyDog/level1/Textures/rocket_UV_color.uasset" 8031
"/Users/cecily_chung/dev/brgd/slinky_dog/SlinkyDog/Content/SlinkyDog/level1/Textures/rocket_UV_color.uexp" 8032
"/Users/cecily_chung/dev/brgd/slinky_dog/SlinkyDog/Content/SlinkyDog/level1/Textures/Materials/Rocket.uasset" 8033
"/Users/cecily_chung/dev/brgd/slinky_dog/SlinkyDog/Content/SlinkyDog/level1/Textures/Materials/Rocket.uexp" 8034
"/Users/cecily_chung/dev/brgd/slinky_dog/SlinkyDog/Content/SlinkyDog/level1/Book.ubulk" 8035
"/Users/cecily_chung/dev/brgd/slinky_dog/SlinkyDog/Content/SlinkyDog/level1/Book.uasset" 8036
"/Users/cecily_chung/dev/brgd/slinky_dog/SlinkyDog/Content/SlinkyDog/level1/Book.uexp" 8037
"/Users/cecily_chung/dev/brgd/slinky_dog/SlinkyDog/Content/SlinkyDog/level1/Textures/Book_DefaultMaterial_BaseColor.uasset" 8038
"/Users/cecily_chung/dev/brgd/slinky_dog/SlinkyDog/Content/SlinkyDog/level1/Textures/Book_DefaultMaterial_BaseColor.ubulk" 8039
"/Users/cecily_chung/dev/brgd/slinky_dog/SlinkyDog/Content/SlinkyDog/level1/Textures/Book_DefaultMaterial_BaseColor.uexp" 8040
"/Users/cecily_chung/dev/brgd/slinky_dog/SlinkyDog/Content/SlinkyDog/level1/Textures/Materials/Book.uasset" 8041
"/Users/cecily_chung/dev/brgd/slinky_dog/SlinkyDog/Content/SlinkyDog/level1/Textures/Materials/Book.uexp" 8042
"/Users/cecily_chung/dev/brgd/slinky_dog/SlinkyDog/Content/SlinkyDog/level1/Textures/Letter_Cube_B_UV_Unwrapped_Face_001_BaseColor.uasset" 8043
"/Users/cecily_chung/dev/brgd/slinky_dog/SlinkyDog/Content/SlinkyDog/level1/Textures/Letter_Cube_B_UV_Unwrapped_Face_001_BaseColor.ubulk" 8044
"/Users/cecily_chung/dev/brgd/slinky_dog/SlinkyDog/Content/SlinkyDog/level1/Textures/Letter_Cube_B_UV_Unwrapped_Face_001_BaseColor.uexp" 8045
"/Users/cecily_chung/dev/brgd/slinky_dog/SlinkyDog/Content/SlinkyDog/level1/Textures/Materials/CubeB.uexp" 8046
"/Users/cecily_chung/dev/brgd/slinky_dog/SlinkyDog/Content/SlinkyDog/level1/Textures/Materials/CubeB.uasset" 8047
"/Users/cecily_chung/dev/brgd/slinky_dog/SlinkyDog/Content/SlinkyDog/level1/Letter_Cubes_B_UV_Unwrapped.uasset" 8048
"/Users/cecily_chung/dev/brgd/slinky_dog/SlinkyDog/Content/SlinkyDog/level1/Letter_Cubes_B_UV_Unwrapped.uexp" 8049
"/Users/cecily_chung/dev/brgd/slinky_dog/SlinkyDog/Content/SlinkyDog/level1/Letter_Cubes_B_UV_Unwrapped.ubulk" 8050
"/Users/cecily_chung/dev/brgd/slinky_dog/SlinkyDog/Content/SlinkyDog/level1/Textures/Letter_Cube_B_UV_Unwrapped_Base_001_BaseColor.ubulk" 8051
"/Users/cecily_chung/dev/brgd/slinky_dog/SlinkyDog/Content/SlinkyDog/level1/Textures/Letter_Cube_B_UV_Unwrapped_Base_001_BaseColor.uexp" 8052
"/Users/cecily_chung/dev/brgd/slinky_dog/SlinkyDog/Content/SlinkyDog/level1/Textures/Letter_Cube_B_UV_Unwrapped_Base_001_BaseColor.uasset" 8053
"/Users/cecily_chung/dev/brgd/slinky_dog/SlinkyDog/Content/SlinkyDog/level1/Textures/Materials/CubeBExterior.uasset" 8054
"/Users/cecily_chung/dev/brgd/slinky_dog/SlinkyDog/Content/SlinkyDog/level1/Textures/Materials/CubeBExterior.uexp" 8055
"/Users/cecily_chung/dev/brgd/slinky_dog/SlinkyDog/Content/SlinkyDog/level1/Textures/laundryhamper_DefaultMaterial_BaseColor.uexp" 8056
"/Users/cecily_chung/dev/brgd/slinky_dog/SlinkyDog/Content/SlinkyDog/level1/Textures/laundryhamper_DefaultMaterial_BaseColor.uasset" 8057
"/Users/cecily_chung/dev/brgd/slinky_dog/SlinkyDog/Content/SlinkyDog/level1/Textures/laundryhamper_DefaultMaterial_BaseColor.ubulk" 8058
"/Users/cecily_chung/dev/brgd/slinky_dog/SlinkyDog/Content/SlinkyDog/level1/Textures/Materials/LaundryHamper.uexp" 8059
"/Users/cecily_chung/dev/brgd/slinky_dog/SlinkyDog/Content/SlinkyDog/level1/Textures/Materials/LaundryHamper.uasset" 8060
"/Users/cecily_chung/dev/brgd/slinky_dog/SlinkyDog/Content/SlinkyDog/level1/laundryhamper_unwrapped.uexp" 8061
"/Users/cecily_chung/dev/brgd/slinky_dog/SlinkyDog/Content/SlinkyDog/level1/laundryhamper_unwrapped.uasset" 8062
"/Users/cecily_chung/dev/brgd/slinky_dog/SlinkyDog/Content/SlinkyDog/level1/laundryhamper_unwrapped.ubulk" 8063
"/Users/cecily_chung/dev/brgd/slinky_dog/SlinkyDog/Content/SlinkyDog/level1/Textures/Materials/LEVEL2_BG2.uasset" 8064
"/Users/cecily_chung/dev/brgd/slinky_dog/SlinkyDog/Content/SlinkyDog/level1/Textures/Materials/LEVEL2_BG2.uexp" 8065
"/Users/cecily_chung/dev/brgd/slinky_dog/SlinkyDog/Content/SlinkyDog/level1/Textures/Materials/Level2Back.uexp" 8066
"/Users/cecily_chung/dev/brgd/slinky_dog/SlinkyDog/Content/SlinkyDog/level1/Textures/Materials/Level2Back.uasset" 8067
"/Users/cecily_chung/dev/brgd/slinky_dog/SlinkyDog/Content/SlinkyDog/level1/Textures/Teddybear_Texture.ubulk" 8068
"/Users/cecily_chung/dev/brgd/slinky_dog/SlinkyDog/Content/SlinkyDog/level1/Textures/Teddybear_Texture.uexp" 8069
"/Users/cecily_chung/dev/brgd/slinky_dog/SlinkyDog/Content/SlinkyDog/level1/Textures/Teddybear_Texture.uasset" 8070
"/Users/cecily_chung/dev/brgd/slinky_dog/SlinkyDog/Content/SlinkyDog/level1/Textures/Materials/TeddyBear.uasset" 8071
"/Users/cecily_chung/dev/brgd/slinky_dog/SlinkyDog/Content/SlinkyDog/level1/Textures/Materials/TeddyBear.uexp" 8072
"/Users/cecily_chung/dev/brgd/slinky_dog/SlinkyDog/Content/SlinkyDog/level1/Teddy_Bear_-_UV_Unwrapped.uexp" 8073
"/Users/cecily_chung/dev/brgd/slinky_dog/SlinkyDog/Content/SlinkyDog/level1/Teddy_Bear_-_UV_Unwrapped.uasset" 8074
"/Users/cecily_chung/dev/brgd/slinky_dog/SlinkyDog/Content/SlinkyDog/level1/Teddy_Bear_-_UV_Unwrapped.ubulk" 8075
"/Users/cecily_chung/dev/brgd/slinky_dog/SlinkyDog/Content/SlinkyDog/UI/end_screen_panel_1.uexp" 8076
"/Users/cecily_chung/dev/brgd/slinky_dog/SlinkyDog/Content/SlinkyDog/UI/end_screen_panel_1.uasset" 8077
"/Users/cecily_chung/dev/brgd/slinky_dog/SlinkyDog/Content/SlinkyDog/UI/end_screen_bg.uexp" 8078
"/Users/cecily_chung/dev/brgd/slinky_dog/SlinkyDog/Content/SlinkyDog/UI/end_screen_bg.uasset" 8079
"/Users/cecily_chung/dev/brgd/slinky_dog/SlinkyDog/Content/SlinkyDog/UI/WB_EndScreen1.uexp" 8080
"/Users/cecily_chung/dev/brgd/slinky_dog/SlinkyDog/Content/SlinkyDog/UI/WB_EndScreen1.uasset" 8081
"/Users/cecily_chung/dev/brgd/slinky_dog/SlinkyDog/Content/SlinkyDog/UI/end_screen_panel_2.uasset" 8082
"/Users/cecily_chung/dev/brgd/slinky_dog/SlinkyDog/Content/SlinkyDog/UI/end_screen_panel_2.uexp" 8083
"/Users/cecily_chung/dev/brgd/slinky_dog/SlinkyDog/Content/SlinkyDog/UI/end_screen_panel_3.uexp" 8084
"/Users/cecily_chung/dev/brgd/slinky_dog/SlinkyDog/Content/SlinkyDog/UI/end_screen_panel_3.uasset" 8085
"/Users/cecily_chung/dev/brgd/slinky_dog/SlinkyDog/Content/SlinkyDog/UI/WB_EndScreen3.uasset" 8086
"/Users/cecily_chung/dev/brgd/slinky_dog/SlinkyDog/Content/SlinkyDog/UI/WB_EndScreen3.uexp" 8087
"/Users/cecily_chung/dev/brgd/slinky_dog/SlinkyDog/Content/SlinkyDog/UI/WB_EndScreen2.uexp" 8088
"/Users/cecily_chung/dev/brgd/slinky_dog/SlinkyDog/Content/SlinkyDog/UI/WB_EndScreen2.uasset" 8089
"/Users/cecily_chung/dev/brgd/slinky_dog/SlinkyDog/Content/SlinkyDog/UI/end_screen_panel_4.uexp" 8090
"/Users/cecily_chung/dev/brgd/slinky_dog/SlinkyDog/Content/SlinkyDog/UI/end_screen_panel_4.uasset" 8091
"/Users/cecily_chung/dev/brgd/slinky_dog/SlinkyDog/Content/SlinkyDog/UI/end_screen_text.uexp" 8092
"/Users/cecily_chung/dev/brgd/slinky_dog/SlinkyDog/Content/SlinkyDog/UI/end_screen_text.uasset" 8093
"/Users/cecily_chung/dev/brgd/slinky_dog/SlinkyDog/Content/SlinkyDog/UI/WB_EndScreen4.uexp" 8094
"/Users/cecily_chung/dev/brgd/slinky_dog/SlinkyDog/Content/SlinkyDog/UI/WB_EndScreen4.uasset" 8095
"/Users/cecily_chung/dev/brgd/slinky_dog/SlinkyDog/Content/SlinkyDog/level1/win_volume.uasset" 8096
"/Users/cecily_chung/dev/brgd/slinky_dog/SlinkyDog/Content/SlinkyDog/level1/win_volume.uexp" 8097
"/Users/cecily_chung/dev/brgd/slinky_dog/SlinkyDog/Content/SlinkyDog/level1/Textures/Materials/Clothes.uexp" 8098
"/Users/cecily_chung/dev/brgd/slinky_dog/SlinkyDog/Content/SlinkyDog/level1/Textures/Materials/Clothes.uasset" 8099
"/Users/cecily_chung/dev/brgd/slinky_dog/SlinkyDog/Content/SlinkyDog/level1/Pile_of_Clothes_UV_Unwrapped_Clothes_Low_Fi_001.ubulk" 8100
"/Users/cecily_chung/dev/brgd/slinky_dog/SlinkyDog/Content/SlinkyDog/level1/Pile_of_Clothes_UV_Unwrapped_Clothes_Low_Fi_001.uasset" 8101
"/Users/cecily_chung/dev/brgd/slinky_dog/SlinkyDog/Content/SlinkyDog/level1/Pile_of_Clothes_UV_Unwrapped_Clothes_Low_Fi_001.uexp" 8102
"/Users/cecily_chung/dev/brgd/slinky_dog/SlinkyDog/Content/SlinkyDog/level1/Textures/Materials/CellShadingMat.uexp" 8103
"/Users/cecily_chung/dev/brgd/slinky_dog/SlinkyDog/Content/SlinkyDog/level1/Textures/Materials/CellShadingMat.uasset" 8104
"/Users/cecily_chung/dev/brgd/slinky_dog/SlinkyDog/Content/SlinkyDog/level1/Textures/Crayon_drawing.ubulk" 8105
"/Users/cecily_chung/dev/brgd/slinky_dog/SlinkyDog/Content/SlinkyDog/level1/Textures/Crayon_drawing.uasset" 8106
"/Users/cecily_chung/dev/brgd/slinky_dog/SlinkyDog/Content/SlinkyDog/level1/Textures/Crayon_drawing.uexp" 8107
"/Users/cecily_chung/dev/brgd/slinky_dog/SlinkyDog/Content/SlinkyDog/level1/Textures/Materials/Crayon1.uexp" 8108
"/Users/cecily_chung/dev/brgd/slinky_dog/SlinkyDog/Content/SlinkyDog/level1/Textures/Materials/Crayon1.uasset" 8109
"/Users/cecily_chung/dev/brgd/slinky_dog/SlinkyDog/Content/SlinkyDog/level1/Material.uexp" 8110
"/Users/cecily_chung/dev/brgd/slinky_dog/SlinkyDog/Content/SlinkyDog/level1/Material.uasset" 8111
"/Users/cecily_chung/dev/brgd/slinky_dog/SlinkyDog/Content/SlinkyDog/level1/kidfriendlytable_UV_Unwrapped.uasset" 8112
"/Users/cecily_chung/dev/brgd/slinky_dog/SlinkyDog/Content/SlinkyDog/level1/kidfriendlytable_UV_Unwrapped.ubulk" 8113
"/Users/cecily_chung/dev/brgd/slinky_dog/SlinkyDog/Content/SlinkyDog/level1/kidfriendlytable_UV_Unwrapped.uexp" 8114
"/Users/cecily_chung/dev/brgd/slinky_dog/SlinkyDog/Content/SlinkyDog/level1/Textures/kidfriendlytable_UV_Unwrapped_Material_BaseColor.uexp" 8115
"/Users/cecily_chung/dev/brgd/slinky_dog/SlinkyDog/Content/SlinkyDog/level1/Textures/kidfriendlytable_UV_Unwrapped_Material_BaseColor.ubulk" 8116
"/Users/cecily_chung/dev/brgd/slinky_dog/SlinkyDog/Content/SlinkyDog/level1/Textures/kidfriendlytable_UV_Unwrapped_Material_BaseColor.uasset" 8117
"/Users/cecily_chung/dev/brgd/slinky_dog/SlinkyDog/Content/SlinkyDog/level1/Textures/Materials/KidsTable.uasset" 8118
"/Users/cecily_chung/dev/brgd/slinky_dog/SlinkyDog/Content/SlinkyDog/level1/Textures/Materials/KidsTable.uexp" 8119
"/Users/cecily_chung/dev/brgd/slinky_dog/SlinkyDog/Content/SlinkyDog/level1/Clothes_Beige_001.uasset" 8120
"/Users/cecily_chung/dev/brgd/slinky_dog/SlinkyDog/Content/SlinkyDog/level1/Clothes_Beige_001.uexp" 8121
"/Users/cecily_chung/dev/brgd/slinky_dog/SlinkyDog/Content/SlinkyDog/level1/Pile_of_Clothes_UV_Unwrapped_Clothes_Low_Fi.uasset" 8122
"/Users/cecily_chung/dev/brgd/slinky_dog/SlinkyDog/Content/SlinkyDog/level1/Pile_of_Clothes_UV_Unwrapped_Clothes_Low_Fi.ubulk" 8123
"/Users/cecily_chung/dev/brgd/slinky_dog/SlinkyDog/Content/SlinkyDog/level1/Pile_of_Clothes_UV_Unwrapped_Clothes_Low_Fi.uexp" 8124
"/Users/cecily_chung/dev/brgd/slinky_dog/SlinkyDog/Content/SlinkyDog/level1/Fairy_lights_Short_UV_Unwrapped.uexp" 8125
"/Users/cecily_chung/dev/brgd/slinky_dog/SlinkyDog/Content/SlinkyDog/level1/Fairy_lights_Short_UV_Unwrapped.uasset" 8126
"/Users/cecily_chung/dev/brgd/slinky_dog/SlinkyDog/Content/SlinkyDog/level1/Fairy_lights_Short_UV_Unwrapped.ubulk" 8127
"/Users/cecily_chung/dev/brgd/slinky_dog/SlinkyDog/Content/SlinkyDog/level1/Textures/Shooting_Star_UV_Unwrapped_DefaultMaterial_BaseColor.uasset" 8128
"/Users/cecily_chung/dev/brgd/slinky_dog/SlinkyDog/Content/SlinkyDog/level1/Textures/Shooting_Star_UV_Unwrapped_DefaultMaterial_BaseColor.uexp" 8129
"/Users/cecily_chung/dev/brgd/slinky_dog/SlinkyDog/Content/SlinkyDog/level1/Textures/Shooting_Star_UV_Unwrapped_DefaultMaterial_BaseColor.ubulk" 8130
"/Users/cecily_chung/dev/brgd/slinky_dog/SlinkyDog/Content/SlinkyDog/level1/Textures/Materials/ShootingStar.uasset" 8131
"/Users/cecily_chung/dev/brgd/slinky_dog/SlinkyDog/Content/SlinkyDog/level1/Textures/Materials/ShootingStar.uexp" 8132
"/Users/cecily_chung/dev/brgd/slinky_dog/SlinkyDog/Content/SlinkyDog/level1/Shooting_Star_UV_Unwrapped.uasset" 8133
"/Users/cecily_chung/dev/brgd/slinky_dog/SlinkyDog/Content/SlinkyDog/level1/Shooting_Star_UV_Unwrapped.uexp" 8134
"/Users/cecily_chung/dev/brgd/slinky_dog/SlinkyDog/Content/SlinkyDog/level1/Shooting_Star_UV_Unwrapped.ubulk" 8135
"/Users/cecily_chung/dev/brgd/slinky_dog/SlinkyDog/Content/SlinkyDog/level1/Doll_-_UV_Unwrapped_and_Posed_Arm_+_Cane.ubulk" 8136
"/Users/cecily_chung/dev/brgd/slinky_dog/SlinkyDog/Content/SlinkyDog/level1/Doll_-_UV_Unwrapped_and_Posed_Arm_+_Cane.uexp" 8137
"/Users/cecily_chung/dev/brgd/slinky_dog/SlinkyDog/Content/SlinkyDog/level1/Doll_-_UV_Unwrapped_and_Posed_Arm_+_Cane.uasset" 8138
"/Users/cecily_chung/dev/brgd/slinky_dog/SlinkyDog/Content/SlinkyDog/level1/Textures/Doll_-_UV_Unwrapped_and_Posed_UV_Grid_BaseColor.uexp" 8139
"/Users/cecily_chung/dev/brgd/slinky_dog/SlinkyDog/Content/SlinkyDog/level1/Textures/Doll_-_UV_Unwrapped_and_Posed_UV_Grid_BaseColor.uasset" 8140
"/Users/cecily_chung/dev/brgd/slinky_dog/SlinkyDog/Content/SlinkyDog/level1/Textures/Doll_-_UV_Unwrapped_and_Posed_UV_Grid_BaseColor.ubulk" 8141
"/Users/cecily_chung/dev/brgd/slinky_dog/SlinkyDog/Content/SlinkyDog/level1/Textures/Materials/Doll.uexp" 8142
"/Users/cecily_chung/dev/brgd/slinky_dog/SlinkyDog/Content/SlinkyDog/level1/Textures/Materials/Doll.uasset" 8143
"/Users/cecily_chung/dev/brgd/slinky_dog/SlinkyDog/Content/SlinkyDog/level1/_GENERATED/paint/Box_ECB6C43C.uexp" 8144
"/Users/cecily_chung/dev/brgd/slinky_dog/SlinkyDog/Content/SlinkyDog/level1/_GENERATED/paint/Box_ECB6C43C.ubulk" 8145
"/Users/cecily_chung/dev/brgd/slinky_dog/SlinkyDog/Content/SlinkyDog/level1/_GENERATED/paint/Box_ECB6C43C.uasset" 8146
"/Users/cecily_chung/dev/brgd/slinky_dog/SlinkyDog/Content/SlinkyDog/level1/_GENERATED/paint/Box_E0ED981F.uasset" 8147
"/Users/cecily_chung/dev/brgd/slinky_dog/SlinkyDog/Content/SlinkyDog/level1/_GENERATED/paint/Box_E0ED981F.ubulk" 8148
"/Users/cecily_chung/dev/brgd/slinky_dog/SlinkyDog/Content/SlinkyDog/level1/_GENERATED/paint/Box_E0ED981F.uexp" 8149
"/Users/cecily_chung/dev/brgd/slinky_dog/SlinkyDog/Content/SlinkyDog/level1/_GENERATED/paint/Cylinder_F0E8D7C3.uexp" 8150
"/Users/cecily_chung/dev/brgd/slinky_dog/SlinkyDog/Content/SlinkyDog/level1/_GENERATED/paint/Cylinder_F0E8D7C3.uasset" 8151
"/Users/cecily_chung/dev/brgd/slinky_dog/SlinkyDog/Content/SlinkyDog/level1/_GENERATED/paint/Cylinder_F0E8D7C3.ubulk" 8152
"/Users/cecily_chung/dev/brgd/slinky_dog/SlinkyDog/Content/SlinkyDog/level1/_GENERATED/paint/Arrow_CAFEBD95.ubulk" 8153
"/Users/cecily_chung/dev/brgd/slinky_dog/SlinkyDog/Content/SlinkyDog/level1/_GENERATED/paint/Arrow_CAFEBD95.uasset" 8154
"/Users/cecily_chung/dev/brgd/slinky_dog/SlinkyDog/Content/SlinkyDog/level1/_GENERATED/paint/Arrow_CAFEBD95.uexp" 8155
"/Users/cecily_chung/dev/brgd/slinky_dog/SlinkyDog/Content/SlinkyDog/level1/Textures/Planks_and_Platforms_UV_Unwrapped_DefaultMaterial_BaseColor.ubulk" 8156
"/Users/cecily_chung/dev/brgd/slinky_dog/SlinkyDog/Content/SlinkyDog/level1/Textures/Planks_and_Platforms_UV_Unwrapped_DefaultMaterial_BaseColor.uexp" 8157
"/Users/cecily_chung/dev/brgd/slinky_dog/SlinkyDog/Content/SlinkyDog/level1/Textures/Planks_and_Platforms_UV_Unwrapped_DefaultMaterial_BaseColor.uasset" 8158
"/Users/cecily_chung/dev/brgd/slinky_dog/SlinkyDog/Content/SlinkyDog/level1/Textures/Materials/PlanksPlatforms.uexp" 8159
"/Users/cecily_chung/dev/brgd/slinky_dog/SlinkyDog/Content/SlinkyDog/level1/Textures/Materials/PlanksPlatforms.uasset" 8160
"/Users/cecily_chung/dev/brgd/slinky_dog/SlinkyDog/Content/SlinkyDog/level1/Textures/shelves_and_books_v2_Material_020_BaseColor.uexp" 8161
"/Users/cecily_chung/dev/brgd/slinky_dog/SlinkyDog/Content/SlinkyDog/level1/Textures/shelves_and_books_v2_Material_020_BaseColor.ubulk" 8162
"/Users/cecily_chung/dev/brgd/slinky_dog/SlinkyDog/Content/SlinkyDog/level1/Textures/shelves_and_books_v2_Material_020_BaseColor.uasset" 8163
"/Users/cecily_chung/dev/brgd/slinky_dog/SlinkyDog/Content/SlinkyDog/level1/Textures/Materials/ShelvesBooks.uexp" 8164
"/Users/cecily_chung/dev/brgd/slinky_dog/SlinkyDog/Content/SlinkyDog/level1/Textures/Materials/ShelvesBooks.uasset" 8165
"/Users/cecily_chung/dev/brgd/slinky_dog/SlinkyDog/Content/SlinkyDog/level1/Textures/Materials/LEVEL2_BG.uexp" 8166
"/Users/cecily_chung/dev/brgd/slinky_dog/SlinkyDog/Content/SlinkyDog/level1/Textures/Materials/LEVEL2_BG.uasset" 8167
"/Users/cecily_chung/dev/brgd/slinky_dog/SlinkyDog/Content/SlinkyDog/level1/Textures/Materials/Ground.uasset" 8168
"/Users/cecily_chung/dev/brgd/slinky_dog/SlinkyDog/Content/SlinkyDog/level1/Textures/Materials/Ground.uexp" 8169
"/Users/cecily_chung/dev/brgd/slinky_dog/SlinkyDog/Content/Characters/Mannequins/Animations/Manny/MM_T_Pose.uexp" 8170
"/Users/cecily_chung/dev/brgd/slinky_dog/SlinkyDog/Content/Characters/Mannequins/Animations/Manny/MM_T_Pose.uasset" 8171
"../../../Engine/Content/Maps/Templates/HLODs/HLODLayer_Instanced.uexp" 8172
"../../../Engine/Content/Maps/Templates/HLODs/HLODLayer_Instanced.uasset" 8173
"/Users/cecily_chung/dev/brgd/slinky_dog/SlinkyDog/Content/SlinkyDog/Proto_2dMap.umap" 8174
"/Users/cecily_chung/dev/brgd/slinky_dog/SlinkyDog/Content/SlinkyDog/Proto_2dMap.uexp" 8175
"../../../Engine/Content/Maps/Entry_BuiltData.uexp" 8176
"../../../Engine/Content/Maps/Entry_BuiltData.uasset" 8177
"../../../Engine/Content/Maps/Entry.umap" 8178
"../../../Engine/Content/Maps/Entry.uexp" 8179
"/Users/cecily_chung/dev/brgd/slinky_dog/SlinkyDog/Content/SlinkyDog/UI/MenuGameMode.uexp" 8180
"/Users/cecily_chung/dev/brgd/slinky_dog/SlinkyDog/Content/SlinkyDog/UI/MenuGameMode.uasset" 8181
"/Users/cecily_chung/dev/brgd/slinky_dog/SlinkyDog/Content/SlinkyDog/UI/Buttons/back_press.uexp" 8182
"/Users/cecily_chung/dev/brgd/slinky_dog/SlinkyDog/Content/SlinkyDog/UI/Buttons/back_press.uasset" 8183
"/Users/cecily_chung/dev/brgd/slinky_dog/SlinkyDog/Content/SlinkyDog/UI/CreditsScreen.uexp" 8184
"/Users/cecily_chung/dev/brgd/slinky_dog/SlinkyDog/Content/SlinkyDog/UI/CreditsScreen.uasset" 8185
"/Users/cecily_chung/dev/brgd/slinky_dog/SlinkyDog/Content/SlinkyDog/UI/Buttons/back_hover.uexp" 8186
"/Users/cecily_chung/dev/brgd/slinky_dog/SlinkyDog/Content/SlinkyDog/UI/Buttons/back_hover.uasset" 8187
"/Users/cecily_chung/dev/brgd/slinky_dog/SlinkyDog/Content/SlinkyDog/UI/Buttons/back_normal.uexp" 8188
"/Users/cecily_chung/dev/brgd/slinky_dog/SlinkyDog/Content/SlinkyDog/UI/Buttons/back_normal.uasset" 8189
"/Users/cecily_chung/dev/brgd/slinky_dog/SlinkyDog/Content/SlinkyDog/UI/WB_Credits.uasset" 8190
"/Users/cecily_chung/dev/brgd/slinky_dog/SlinkyDog/Content/SlinkyDog/UI/WB_Credits.uexp" 8191
"/Users/cecily_chung/dev/brgd/slinky_dog/SlinkyDog/Content/SlinkyDog/UI/Buttons/credits_press.uexp" 8192
"/Users/cecily_chung/dev/brgd/slinky_dog/SlinkyDog/Content/SlinkyDog/UI/Buttons/credits_press.uasset" 8193
"/Users/cecily_chung/dev/brgd/slinky_dog/SlinkyDog/Content/SlinkyDog/UI/Buttons/play_normal.uexp" 8194
"/Users/cecily_chung/dev/brgd/slinky_dog/SlinkyDog/Content/SlinkyDog/UI/Buttons/play_normal.uasset" 8195
"/Users/cecily_chung/dev/brgd/slinky_dog/SlinkyDog/Content/SlinkyDog/UI/Buttons/how_to_play_press.uexp" 8196
"/Users/cecily_chung/dev/brgd/slinky_dog/SlinkyDog/Content/SlinkyDog/UI/Buttons/how_to_play_press.uasset" 8197
"/Users/cecily_chung/dev/brgd/slinky_dog/SlinkyDog/Content/SlinkyDog/UI/HowToScreen.uexp" 8198
"/Users/cecily_chung/dev/brgd/slinky_dog/SlinkyDog/Content/SlinkyDog/UI/HowToScreen.uasset" 8199
"/Users/cecily_chung/dev/brgd/slinky_dog/SlinkyDog/Content/SlinkyDog/UI/WB_HowTo.uexp" 8200
"/Users/cecily_chung/dev/brgd/slinky_dog/SlinkyDog/Content/SlinkyDog/UI/WB_HowTo.uasset" 8201
"/Users/cecily_chung/dev/brgd/slinky_dog/SlinkyDog/Content/SlinkyDog/UI/Buttons/play_press.uexp" 8202
"/Users/cecily_chung/dev/brgd/slinky_dog/SlinkyDog/Content/SlinkyDog/UI/Buttons/play_press.uasset" 8203
"/Users/cecily_chung/dev/brgd/slinky_dog/SlinkyDog/Content/SlinkyDog/UI/Buttons/credits_normal.uexp" 8204
"/Users/cecily_chung/dev/brgd/slinky_dog/SlinkyDog/Content/SlinkyDog/UI/Buttons/credits_normal.uasset" 8205
"/Users/cecily_chung/dev/brgd/slinky_dog/SlinkyDog/Content/SlinkyDog/UI/Buttons/credits_hover.uasset" 8206
"/Users/cecily_chung/dev/brgd/slinky_dog/SlinkyDog/Content/SlinkyDog/UI/Buttons/credits_hover.uexp" 8207
"/Users/cecily_chung/dev/brgd/slinky_dog/SlinkyDog/Content/SlinkyDog/UI/Buttons/how_to_play_normal.uexp" 8208
"/Users/cecily_chung/dev/brgd/slinky_dog/SlinkyDog/Content/SlinkyDog/UI/Buttons/how_to_play_normal.uasset" 8209
"/Users/cecily_chung/dev/brgd/slinky_dog/SlinkyDog/Content/SlinkyDog/UI/TitleScreen.uexp" 8210
"/Users/cecily_chung/dev/brgd/slinky_dog/SlinkyDog/Content/SlinkyDog/UI/TitleScreen.uasset" 8211
"/Users/cecily_chung/dev/brgd/slinky_dog/SlinkyDog/Content/SlinkyDog/UI/Buttons/how_to_play_hover.uasset" 8212
"/Users/cecily_chung/dev/brgd/slinky_dog/SlinkyDog/Content/SlinkyDog/UI/Buttons/how_to_play_hover.uexp" 8213
"/Users/cecily_chung/dev/brgd/slinky_dog/SlinkyDog/Content/SlinkyDog/UI/Buttons/play_hover.uexp" 8214
"/Users/cecily_chung/dev/brgd/slinky_dog/SlinkyDog/Content/SlinkyDog/UI/Buttons/play_hover.uasset" 8215
"/Users/cecily_chung/dev/brgd/slinky_dog/SlinkyDog/Content/SlinkyDog/UI/WB_MainMenu.uasset" 8216
"/Users/cecily_chung/dev/brgd/slinky_dog/SlinkyDog/Content/SlinkyDog/UI/WB_MainMenu.uexp" 8217
"/Users/cecily_chung/dev/brgd/slinky_dog/SlinkyDog/Content/SlinkyDog/SlinkyDogMainMenu.uexp" 8218
"/Users/cecily_chung/dev/brgd/slinky_dog/SlinkyDog/Content/SlinkyDog/SlinkyDogMainMenu.uasset" 8219
"/Users/cecily_chung/dev/brgd/slinky_dog/SlinkyDog/Content/SlinkyDog/SlinkyDogMainMenu.ubulk" 8220
"/Users/cecily_chung/dev/brgd/slinky_dog/SlinkyDog/Content/SlinkyDog/main_menu.uexp" 8221
"/Users/cecily_chung/dev/brgd/slinky_dog/SlinkyDog/Content/SlinkyDog/main_menu.uasset" 8222
"/Users/cecily_chung/dev/brgd/slinky_dog/SlinkyDog/Content/SlinkyDog/UI/MainMenuMap.uexp" 8223
"/Users/cecily_chung/dev/brgd/slinky_dog/SlinkyDog/Content/SlinkyDog/UI/MainMenuMap.umap" 8224
"/Users/cecily_chung/dev/brgd/slinky_dog/SlinkyDog/Content/ThirdPerson/Blueprints/BP_ThirdPersonGameMode.uexp" 8225
"/Users/cecily_chung/dev/brgd/slinky_dog/SlinkyDog/Content/ThirdPerson/Blueprints/BP_ThirdPersonGameMode.uasset" 8226
"/Users/cecily_chung/dev/brgd/slinky_dog/SlinkyDog/Content/ThirdPerson/Maps/ThirdPersonMap.uexp" 8227
"/Users/cecily_chung/dev/brgd/slinky_dog/SlinkyDog/Content/ThirdPerson/Maps/ThirdPersonMap.umap" 8228
"/Users/cecily_chung/dev/brgd/slinky_dog/SlinkyDog/Content/StarterContent/Maps/Minimal_Default_BuiltData.uexp" 8229
"/Users/cecily_chung/dev/brgd/slinky_dog/SlinkyDog/Content/StarterContent/Maps/Minimal_Default_BuiltData.ubulk" 8230
"/Users/cecily_chung/dev/brgd/slinky_dog/SlinkyDog/Content/StarterContent/Maps/Minimal_Default_BuiltData.uasset" 8231
"/Users/cecily_chung/dev/brgd/slinky_dog/SlinkyDog/Content/StarterContent/Architecture/Floor_400x400.uexp" 8232
"/Users/cecily_chung/dev/brgd/slinky_dog/SlinkyDog/Content/StarterContent/Architecture/Floor_400x400.uasset" 8233
"/Users/cecily_chung/dev/brgd/slinky_dog/SlinkyDog/Content/StarterContent/Architecture/Floor_400x400.ubulk" 8234
"/Users/cecily_chung/dev/brgd/slinky_dog/SlinkyDog/Content/StarterContent/Textures/T_Ceramic_Tile_M.ubulk" 8235
"/Users/cecily_chung/dev/brgd/slinky_dog/SlinkyDog/Content/StarterContent/Textures/T_Ceramic_Tile_M.uasset" 8236
"/Users/cecily_chung/dev/brgd/slinky_dog/SlinkyDog/Content/StarterContent/Textures/T_Ceramic_Tile_M.uexp" 8237
"/Users/cecily_chung/dev/brgd/slinky_dog/SlinkyDog/Content/StarterContent/Textures/T_Rock_Marble_Polished_D.uasset" 8238
"/Users/cecily_chung/dev/brgd/slinky_dog/SlinkyDog/Content/StarterContent/Textures/T_Rock_Marble_Polished_D.uexp" 8239
"/Users/cecily_chung/dev/brgd/slinky_dog/SlinkyDog/Content/StarterContent/Textures/T_Rock_Marble_Polished_D.ubulk" 8240
"/Users/cecily_chung/dev/brgd/slinky_dog/SlinkyDog/Content/StarterContent/Textures/T_Ceramic_Tile_N.ubulk" 8241
"/Users/cecily_chung/dev/brgd/slinky_dog/SlinkyDog/Content/StarterContent/Textures/T_Ceramic_Tile_N.uexp" 8242
"/Users/cecily_chung/dev/brgd/slinky_dog/SlinkyDog/Content/StarterContent/Textures/T_Ceramic_Tile_N.uasset" 8243
"/Users/cecily_chung/dev/brgd/slinky_dog/SlinkyDog/Content/StarterContent/Textures/T_Perlin_Noise_M.uexp" 8244
"/Users/cecily_chung/dev/brgd/slinky_dog/SlinkyDog/Content/StarterContent/Textures/T_Perlin_Noise_M.uasset" 8245
"/Users/cecily_chung/dev/brgd/slinky_dog/SlinkyDog/Content/StarterContent/Textures/T_Perlin_Noise_M.ubulk" 8246
"/Users/cecily_chung/dev/brgd/slinky_dog/SlinkyDog/Content/StarterContent/Materials/M_Ceramic_Tile_Checker.uexp" 8247
"/Users/cecily_chung/dev/brgd/slinky_dog/SlinkyDog/Content/StarterContent/Materials/M_Ceramic_Tile_Checker.uasset" 8248
"/Users/cecily_chung/dev/brgd/slinky_dog/SlinkyDog/Content/StarterContent/Textures/T_TableRound_N.uasset" 8249
"/Users/cecily_chung/dev/brgd/slinky_dog/SlinkyDog/Content/StarterContent/Textures/T_TableRound_N.uexp" 8250
"/Users/cecily_chung/dev/brgd/slinky_dog/SlinkyDog/Content/StarterContent/Textures/T_TableRound_N.ubulk" 8251
"/Users/cecily_chung/dev/brgd/slinky_dog/SlinkyDog/Content/StarterContent/Textures/T_TableRound_M.uexp" 8252
"/Users/cecily_chung/dev/brgd/slinky_dog/SlinkyDog/Content/StarterContent/Textures/T_TableRound_M.ubulk" 8253
"/Users/cecily_chung/dev/brgd/slinky_dog/SlinkyDog/Content/StarterContent/Textures/T_TableRound_M.uasset" 8254
"/Users/cecily_chung/dev/brgd/slinky_dog/SlinkyDog/Content/StarterContent/Props/Materials/M_TableRound.uasset" 8255
"/Users/cecily_chung/dev/brgd/slinky_dog/SlinkyDog/Content/StarterContent/Props/Materials/M_TableRound.uexp" 8256
"/Users/cecily_chung/dev/brgd/slinky_dog/SlinkyDog/Content/StarterContent/Props/SM_TableRound.uexp" 8257
"/Users/cecily_chung/dev/brgd/slinky_dog/SlinkyDog/Content/StarterContent/Props/SM_TableRound.uasset" 8258
"/Users/cecily_chung/dev/brgd/slinky_dog/SlinkyDog/Content/StarterContent/Props/SM_TableRound.ubulk" 8259
"/Users/cecily_chung/dev/brgd/slinky_dog/SlinkyDog/Content/StarterContent/Textures/T_Statue_M.uexp" 8260
"/Users/cecily_chung/dev/brgd/slinky_dog/SlinkyDog/Content/StarterContent/Textures/T_Statue_M.uasset" 8261
"/Users/cecily_chung/dev/brgd/slinky_dog/SlinkyDog/Content/StarterContent/Textures/T_Statue_M.ubulk" 8262
"/Users/cecily_chung/dev/brgd/slinky_dog/SlinkyDog/Content/StarterContent/Textures/T_Statue_N.uasset" 8263
"/Users/cecily_chung/dev/brgd/slinky_dog/SlinkyDog/Content/StarterContent/Textures/T_Statue_N.uexp" 8264
"/Users/cecily_chung/dev/brgd/slinky_dog/SlinkyDog/Content/StarterContent/Textures/T_Statue_N.ubulk" 8265
"/Users/cecily_chung/dev/brgd/slinky_dog/SlinkyDog/Content/StarterContent/Props/Materials/M_Statue.uasset" 8266
"/Users/cecily_chung/dev/brgd/slinky_dog/SlinkyDog/Content/StarterContent/Props/Materials/M_Statue.uexp" 8267
"/Users/cecily_chung/dev/brgd/slinky_dog/SlinkyDog/Content/StarterContent/Props/Materials/M_StatueGlass.uasset" 8268
"/Users/cecily_chung/dev/brgd/slinky_dog/SlinkyDog/Content/StarterContent/Props/Materials/M_StatueGlass.uexp" 8269
"/Users/cecily_chung/dev/brgd/slinky_dog/SlinkyDog/Content/StarterContent/Props/SM_Statue.uasset" 8270
"/Users/cecily_chung/dev/brgd/slinky_dog/SlinkyDog/Content/StarterContent/Props/SM_Statue.uexp" 8271
"/Users/cecily_chung/dev/brgd/slinky_dog/SlinkyDog/Content/StarterContent/Props/SM_Statue.ubulk" 8272
"/Users/cecily_chung/dev/brgd/slinky_dog/SlinkyDog/Content/StarterContent/Audio/Starter_Background_Cue.uasset" 8273
"/Users/cecily_chung/dev/brgd/slinky_dog/SlinkyDog/Content/StarterContent/Audio/Starter_Background_Cue.uexp" 8274
"/Users/cecily_chung/dev/brgd/slinky_dog/SlinkyDog/Content/StarterContent/Textures/T_Metal_Gold_N.uasset" 8275
"/Users/cecily_chung/dev/brgd/slinky_dog/SlinkyDog/Content/StarterContent/Textures/T_Metal_Gold_N.ubulk" 8276
"/Users/cecily_chung/dev/brgd/slinky_dog/SlinkyDog/Content/StarterContent/Textures/T_Metal_Gold_N.uexp" 8277
"/Users/cecily_chung/dev/brgd/slinky_dog/SlinkyDog/Content/StarterContent/Textures/T_Metal_Aluminum_D.ubulk" 8278
"/Users/cecily_chung/dev/brgd/slinky_dog/SlinkyDog/Content/StarterContent/Textures/T_Metal_Aluminum_D.uasset" 8279
"/Users/cecily_chung/dev/brgd/slinky_dog/SlinkyDog/Content/StarterContent/Textures/T_Metal_Aluminum_D.uexp" 8280
"/Users/cecily_chung/dev/brgd/slinky_dog/SlinkyDog/Content/StarterContent/Textures/T_MacroVariation.uasset" 8281
"/Users/cecily_chung/dev/brgd/slinky_dog/SlinkyDog/Content/StarterContent/Textures/T_MacroVariation.uexp" 8282
"/Users/cecily_chung/dev/brgd/slinky_dog/SlinkyDog/Content/StarterContent/Materials/M_Metal_Burnished_Steel.uexp" 8283
"/Users/cecily_chung/dev/brgd/slinky_dog/SlinkyDog/Content/StarterContent/Materials/M_Metal_Burnished_Steel.uasset" 8284
"/Users/cecily_chung/dev/brgd/slinky_dog/SlinkyDog/Content/StarterContent/Props/SM_Chair.uexp" 8285
"/Users/cecily_chung/dev/brgd/slinky_dog/SlinkyDog/Content/StarterContent/Props/SM_Chair.uasset" 8286
"/Users/cecily_chung/dev/brgd/slinky_dog/SlinkyDog/Content/StarterContent/Props/SM_Chair.ubulk" 8287
"/Users/cecily_chung/dev/brgd/slinky_dog/SlinkyDog/Content/StarterContent/Maps/Minimal_Default.uexp" 8288
"/Users/cecily_chung/dev/brgd/slinky_dog/SlinkyDog/Content/StarterContent/Maps/Minimal_Default.umap" 8289
"/Users/cecily_chung/dev/brgd/slinky_dog/SlinkyDog/Content/StarterContent/Textures/T_Frame_M.ubulk" 8290
"/Users/cecily_chung/dev/brgd/slinky_dog/SlinkyDog/Content/StarterContent/Textures/T_Frame_M.uexp" 8291
"/Users/cecily_chung/dev/brgd/slinky_dog/SlinkyDog/Content/StarterContent/Textures/T_Frame_M.uasset" 8292
"/Users/cecily_chung/dev/brgd/slinky_dog/SlinkyDog/Content/StarterContent/Textures/T_Frame_N.uasset" 8293
"/Users/cecily_chung/dev/brgd/slinky_dog/SlinkyDog/Content/StarterContent/Textures/T_Frame_N.ubulk" 8294
"/Users/cecily_chung/dev/brgd/slinky_dog/SlinkyDog/Content/StarterContent/Textures/T_Frame_N.uexp" 8295
"/Users/cecily_chung/dev/brgd/slinky_dog/SlinkyDog/Content/StarterContent/Props/Materials/M_Frame.uexp" 8296
"/Users/cecily_chung/dev/brgd/slinky_dog/SlinkyDog/Content/StarterContent/Props/Materials/M_Frame.uasset" 8297
"/Users/cecily_chung/dev/brgd/slinky_dog/SlinkyDog/Content/StarterContent/Props/SM_DoorFrame.ubulk" 8298
"/Users/cecily_chung/dev/brgd/slinky_dog/SlinkyDog/Content/StarterContent/Props/SM_DoorFrame.uasset" 8299
"/Users/cecily_chung/dev/brgd/slinky_dog/SlinkyDog/Content/StarterContent/Props/SM_DoorFrame.uexp" 8300
"/Users/cecily_chung/dev/brgd/slinky_dog/SlinkyDog/Content/StarterContent/Materials/M_Metal_Brushed_Nickel.uasset" 8301
"/Users/cecily_chung/dev/brgd/slinky_dog/SlinkyDog/Content/StarterContent/Materials/M_Metal_Brushed_Nickel.uexp" 8302
"/Users/cecily_chung/dev/brgd/slinky_dog/SlinkyDog/Content/StarterContent/Textures/T_Lamp_N.uexp" 8303
"/Users/cecily_chung/dev/brgd/slinky_dog/SlinkyDog/Content/StarterContent/Textures/T_Lamp_N.ubulk" 8304
"/Users/cecily_chung/dev/brgd/slinky_dog/SlinkyDog/Content/StarterContent/Textures/T_Lamp_N.uasset" 8305
"/Users/cecily_chung/dev/brgd/slinky_dog/SlinkyDog/Content/StarterContent/Textures/T_Lamp_M.uexp" 8306
"/Users/cecily_chung/dev/brgd/slinky_dog/SlinkyDog/Content/StarterContent/Textures/T_Lamp_M.uasset" 8307
"/Users/cecily_chung/dev/brgd/slinky_dog/SlinkyDog/Content/StarterContent/Textures/T_Lamp_M.ubulk" 8308
"/Users/cecily_chung/dev/brgd/slinky_dog/SlinkyDog/Content/StarterContent/Props/Materials/M_Lamp.uexp" 8309
"/Users/cecily_chung/dev/brgd/slinky_dog/SlinkyDog/Content/StarterContent/Props/Materials/M_Lamp.uasset" 8310
"/Users/cecily_chung/dev/brgd/slinky_dog/SlinkyDog/Content/StarterContent/Props/SM_Lamp_Ceiling.uasset" 8311
"/Users/cecily_chung/dev/brgd/slinky_dog/SlinkyDog/Content/StarterContent/Props/SM_Lamp_Ceiling.uexp" 8312
"/Users/cecily_chung/dev/brgd/slinky_dog/SlinkyDog/Content/StarterContent/Props/SM_Lamp_Ceiling.ubulk" 8313
"/Users/cecily_chung/dev/brgd/slinky_dog/SlinkyDog/Content/StarterContent/Blueprints/Blueprint_CeilingLight.uasset" 8314
"/Users/cecily_chung/dev/brgd/slinky_dog/SlinkyDog/Content/StarterContent/Blueprints/Blueprint_CeilingLight.uexp" 8315
"../../../Engine/Content/Functions/Engine_MaterialFunctions03/Procedurals/ComputeFilterWidth.uasset" 8316
"../../../Engine/Content/Functions/Engine_MaterialFunctions03/Procedurals/ComputeFilterWidth.uexp" 8317
"../../../Engine/Content/EngineMaterials/AntiAliasedTextMaterialTranslucent.uasset" 8318
"../../../Engine/Content/EngineMaterials/AntiAliasedTextMaterialTranslucent.uexp" 8319
"/Users/cecily_chung/dev/brgd/slinky_dog/SlinkyDog/Content/StarterContent/Architecture/Wall_Door_400x300.uasset" 8320
"/Users/cecily_chung/dev/brgd/slinky_dog/SlinkyDog/Content/StarterContent/Architecture/Wall_Door_400x300.uexp" 8321
"/Users/cecily_chung/dev/brgd/slinky_dog/SlinkyDog/Content/StarterContent/Architecture/Wall_Door_400x300.ubulk" 8322
"/Users/cecily_chung/dev/brgd/slinky_dog/SlinkyDog/Content/StarterContent/Textures/T_Wood_Pine_D.uexp" 8323
"/Users/cecily_chung/dev/brgd/slinky_dog/SlinkyDog/Content/StarterContent/Textures/T_Wood_Pine_D.uasset" 8324
"/Users/cecily_chung/dev/brgd/slinky_dog/SlinkyDog/Content/StarterContent/Textures/T_Wood_Pine_D.ubulk" 8325
"/Users/cecily_chung/dev/brgd/slinky_dog/SlinkyDog/Content/StarterContent/Textures/T_Wood_Pine_N.uasset" 8326
"/Users/cecily_chung/dev/brgd/slinky_dog/SlinkyDog/Content/StarterContent/Textures/T_Wood_Pine_N.ubulk" 8327
"/Users/cecily_chung/dev/brgd/slinky_dog/SlinkyDog/Content/StarterContent/Textures/T_Wood_Pine_N.uexp" 8328
"/Users/cecily_chung/dev/brgd/slinky_dog/SlinkyDog/Content/StarterContent/Materials/M_Wood_Pine.uasset" 8329
"/Users/cecily_chung/dev/brgd/slinky_dog/SlinkyDog/Content/StarterContent/Materials/M_Wood_Pine.uexp" 8330
"/Users/cecily_chung/dev/brgd/slinky_dog/SlinkyDog/Content/StarterContent/Textures/T_Rock_Smooth_Granite_D.uasset" 8331
"/Users/cecily_chung/dev/brgd/slinky_dog/SlinkyDog/Content/StarterContent/Textures/T_Rock_Smooth_Granite_D.ubulk" 8332
"/Users/cecily_chung/dev/brgd/slinky_dog/SlinkyDog/Content/StarterContent/Textures/T_Rock_Smooth_Granite_D.uexp" 8333
"/Users/cecily_chung/dev/brgd/slinky_dog/SlinkyDog/Content/StarterContent/Textures/T_CobbleStone_Smooth_D.uexp" 8334
"/Users/cecily_chung/dev/brgd/slinky_dog/SlinkyDog/Content/StarterContent/Textures/T_CobbleStone_Smooth_D.uasset" 8335
"/Users/cecily_chung/dev/brgd/slinky_dog/SlinkyDog/Content/StarterContent/Textures/T_CobbleStone_Smooth_D.ubulk" 8336
"/Users/cecily_chung/dev/brgd/slinky_dog/SlinkyDog/Content/StarterContent/Textures/T_Gradinet_01.ubulk" 8337
"/Users/cecily_chung/dev/brgd/slinky_dog/SlinkyDog/Content/StarterContent/Textures/T_Gradinet_01.uasset" 8338
"/Users/cecily_chung/dev/brgd/slinky_dog/SlinkyDog/Content/StarterContent/Textures/T_Gradinet_01.uexp" 8339
"/Users/cecily_chung/dev/brgd/slinky_dog/SlinkyDog/Content/StarterContent/Textures/T_CobbleStone_Smooth_M.ubulk" 8340
"/Users/cecily_chung/dev/brgd/slinky_dog/SlinkyDog/Content/StarterContent/Textures/T_CobbleStone_Smooth_M.uexp" 8341
"/Users/cecily_chung/dev/brgd/slinky_dog/SlinkyDog/Content/StarterContent/Textures/T_CobbleStone_Smooth_M.uasset" 8342
"/Users/cecily_chung/dev/brgd/slinky_dog/SlinkyDog/Content/StarterContent/Textures/T_CobbleStone_Smooth_N.uasset" 8343
"/Users/cecily_chung/dev/brgd/slinky_dog/SlinkyDog/Content/StarterContent/Textures/T_CobbleStone_Smooth_N.ubulk" 8344
"/Users/cecily_chung/dev/brgd/slinky_dog/SlinkyDog/Content/StarterContent/Textures/T_CobbleStone_Smooth_N.uexp" 8345
"/Users/cecily_chung/dev/brgd/slinky_dog/SlinkyDog/Content/StarterContent/Materials/M_CobbleStone_Smooth.uexp" 8346
"/Users/cecily_chung/dev/brgd/slinky_dog/SlinkyDog/Content/StarterContent/Materials/M_CobbleStone_Smooth.uasset" 8347
"/Users/cecily_chung/dev/brgd/slinky_dog/SlinkyDog/Content/StarterContent/Textures/T_Rock_Basalt_N.uasset" 8348
"/Users/cecily_chung/dev/brgd/slinky_dog/SlinkyDog/Content/StarterContent/Textures/T_Rock_Basalt_N.uexp" 8349
"/Users/cecily_chung/dev/brgd/slinky_dog/SlinkyDog/Content/StarterContent/Textures/T_Rock_Basalt_N.ubulk" 8350
"/Users/cecily_chung/dev/brgd/slinky_dog/SlinkyDog/Content/StarterContent/Materials/M_Rock_Basalt.uasset" 8351
"/Users/cecily_chung/dev/brgd/slinky_dog/SlinkyDog/Content/StarterContent/Materials/M_Rock_Basalt.uexp" 8352
"/Users/cecily_chung/dev/brgd/slinky_dog/SlinkyDog/Content/StarterContent/Shapes/Shape_Cube.ubulk" 8353
"/Users/cecily_chung/dev/brgd/slinky_dog/SlinkyDog/Content/StarterContent/Shapes/Shape_Cube.uexp" 8354
"/Users/cecily_chung/dev/brgd/slinky_dog/SlinkyDog/Content/StarterContent/Shapes/Shape_Cube.uasset" 8355
"/Users/cecily_chung/dev/brgd/slinky_dog/SlinkyDog/Content/StarterContent/Textures/T_Concrete_Tiles_Variation_M.uexp" 8356
"/Users/cecily_chung/dev/brgd/slinky_dog/SlinkyDog/Content/StarterContent/Textures/T_Concrete_Tiles_Variation_M.uasset" 8357
"/Users/cecily_chung/dev/brgd/slinky_dog/SlinkyDog/Content/StarterContent/Textures/T_Concrete_Tiles_Variation_M.ubulk" 8358
"/Users/cecily_chung/dev/brgd/slinky_dog/SlinkyDog/Content/StarterContent/Textures/T_Concrete_Tiles_D.uexp" 8359
"/Users/cecily_chung/dev/brgd/slinky_dog/SlinkyDog/Content/StarterContent/Textures/T_Concrete_Tiles_D.uasset" 8360
"/Users/cecily_chung/dev/brgd/slinky_dog/SlinkyDog/Content/StarterContent/Textures/T_Concrete_Tiles_D.ubulk" 8361
"/Users/cecily_chung/dev/brgd/slinky_dog/SlinkyDog/Content/StarterContent/Textures/T_Concrete_Tiles_M.uexp" 8362
"/Users/cecily_chung/dev/brgd/slinky_dog/SlinkyDog/Content/StarterContent/Textures/T_Concrete_Tiles_M.ubulk" 8363
"/Users/cecily_chung/dev/brgd/slinky_dog/SlinkyDog/Content/StarterContent/Textures/T_Concrete_Tiles_M.uasset" 8364
"/Users/cecily_chung/dev/brgd/slinky_dog/SlinkyDog/Content/StarterContent/Textures/T_Concrete_Tiles_N.ubulk" 8365
"/Users/cecily_chung/dev/brgd/slinky_dog/SlinkyDog/Content/StarterContent/Textures/T_Concrete_Tiles_N.uasset" 8366
"/Users/cecily_chung/dev/brgd/slinky_dog/SlinkyDog/Content/StarterContent/Textures/T_Concrete_Tiles_N.uexp" 8367
"/Users/cecily_chung/dev/brgd/slinky_dog/SlinkyDog/Content/StarterContent/Materials/M_Concrete_Tiles.uexp" 8368
"/Users/cecily_chung/dev/brgd/slinky_dog/SlinkyDog/Content/StarterContent/Materials/M_Concrete_Tiles.uasset" 8369
"/Users/cecily_chung/dev/brgd/slinky_dog/SlinkyDog/Content/StarterContent/Props/MaterialSphere.ubulk" 8370
"/Users/cecily_chung/dev/brgd/slinky_dog/SlinkyDog/Content/StarterContent/Props/MaterialSphere.uasset" 8371
"/Users/cecily_chung/dev/brgd/slinky_dog/SlinkyDog/Content/StarterContent/Props/MaterialSphere.uexp" 8372
"/Users/cecily_chung/dev/brgd/slinky_dog/SlinkyDog/Content/StarterContent/Textures/T_Metal_Rust_N.ubulk" 8373
"/Users/cecily_chung/dev/brgd/slinky_dog/SlinkyDog/Content/StarterContent/Textures/T_Metal_Rust_N.uexp" 8374
"/Users/cecily_chung/dev/brgd/slinky_dog/SlinkyDog/Content/StarterContent/Textures/T_Metal_Rust_N.uasset" 8375
"/Users/cecily_chung/dev/brgd/slinky_dog/SlinkyDog/Content/StarterContent/Textures/T_Metal_Rust_D.uasset" 8376
"/Users/cecily_chung/dev/brgd/slinky_dog/SlinkyDog/Content/StarterContent/Textures/T_Metal_Rust_D.uexp" 8377
"/Users/cecily_chung/dev/brgd/slinky_dog/SlinkyDog/Content/StarterContent/Textures/T_Metal_Rust_D.ubulk" 8378
"/Users/cecily_chung/dev/brgd/slinky_dog/SlinkyDog/Content/StarterContent/Materials/M_Metal_Rust.uasset" 8379
"/Users/cecily_chung/dev/brgd/slinky_dog/SlinkyDog/Content/StarterContent/Materials/M_Metal_Rust.uexp" 8380
"/Users/cecily_chung/dev/brgd/slinky_dog/SlinkyDog/Content/StarterContent/Textures/T_Rock_Slate_D.uexp" 8381
"/Users/cecily_chung/dev/brgd/slinky_dog/SlinkyDog/Content/StarterContent/Textures/T_Rock_Slate_D.ubulk" 8382
"/Users/cecily_chung/dev/brgd/slinky_dog/SlinkyDog/Content/StarterContent/Textures/T_Rock_Slate_D.uasset" 8383
"/Users/cecily_chung/dev/brgd/slinky_dog/SlinkyDog/Content/StarterContent/Textures/T_Rock_Slate_N.ubulk" 8384
"/Users/cecily_chung/dev/brgd/slinky_dog/SlinkyDog/Content/StarterContent/Textures/T_Rock_Slate_N.uexp" 8385
"/Users/cecily_chung/dev/brgd/slinky_dog/SlinkyDog/Content/StarterContent/Textures/T_Rock_Slate_N.uasset" 8386
"/Users/cecily_chung/dev/brgd/slinky_dog/SlinkyDog/Content/StarterContent/Materials/M_Rock_Slate.uexp" 8387
"/Users/cecily_chung/dev/brgd/slinky_dog/SlinkyDog/Content/StarterContent/Materials/M_Rock_Slate.uasset" 8388
"/Users/cecily_chung/dev/brgd/slinky_dog/SlinkyDog/Content/StarterContent/Textures/T_Concrete_Poured_D.uasset" 8389
"/Users/cecily_chung/dev/brgd/slinky_dog/SlinkyDog/Content/StarterContent/Textures/T_Concrete_Poured_D.ubulk" 8390
"/Users/cecily_chung/dev/brgd/slinky_dog/SlinkyDog/Content/StarterContent/Textures/T_Concrete_Poured_D.uexp" 8391
"/Users/cecily_chung/dev/brgd/slinky_dog/SlinkyDog/Content/StarterContent/Textures/T_Concrete_Poured_N.ubulk" 8392
"/Users/cecily_chung/dev/brgd/slinky_dog/SlinkyDog/Content/StarterContent/Textures/T_Concrete_Poured_N.uasset" 8393
"/Users/cecily_chung/dev/brgd/slinky_dog/SlinkyDog/Content/StarterContent/Textures/T_Concrete_Poured_N.uexp" 8394
"/Users/cecily_chung/dev/brgd/slinky_dog/SlinkyDog/Content/StarterContent/Materials/M_Concrete_Poured.uasset" 8395
"/Users/cecily_chung/dev/brgd/slinky_dog/SlinkyDog/Content/StarterContent/Materials/M_Concrete_Poured.uexp" 8396
"/Users/cecily_chung/dev/brgd/slinky_dog/SlinkyDog/Content/StarterContent/Textures/T_Brick_Clay_Beveled_M.uasset" 8397
"/Users/cecily_chung/dev/brgd/slinky_dog/SlinkyDog/Content/StarterContent/Textures/T_Brick_Clay_Beveled_M.uexp" 8398
"/Users/cecily_chung/dev/brgd/slinky_dog/SlinkyDog/Content/StarterContent/Textures/T_Brick_Clay_Beveled_M.ubulk" 8399
"/Users/cecily_chung/dev/brgd/slinky_dog/SlinkyDog/Content/StarterContent/Textures/T_Brick_Clay_Beveled_N.uasset" 8400
"/Users/cecily_chung/dev/brgd/slinky_dog/SlinkyDog/Content/StarterContent/Textures/T_Brick_Clay_Beveled_N.uexp" 8401
"/Users/cecily_chung/dev/brgd/slinky_dog/SlinkyDog/Content/StarterContent/Textures/T_Brick_Clay_Beveled_N.ubulk" 8402
"/Users/cecily_chung/dev/brgd/slinky_dog/SlinkyDog/Content/StarterContent/Textures/T_Brick_Clay_Beveled_D.ubulk" 8403
"/Users/cecily_chung/dev/brgd/slinky_dog/SlinkyDog/Content/StarterContent/Textures/T_Brick_Clay_Beveled_D.uasset" 8404
"/Users/cecily_chung/dev/brgd/slinky_dog/SlinkyDog/Content/StarterContent/Textures/T_Brick_Clay_Beveled_D.uexp" 8405
"/Users/cecily_chung/dev/brgd/slinky_dog/SlinkyDog/Content/StarterContent/Materials/M_Brick_Clay_Beveled.uasset" 8406
"/Users/cecily_chung/dev/brgd/slinky_dog/SlinkyDog/Content/StarterContent/Materials/M_Brick_Clay_Beveled.uexp" 8407
"/Users/cecily_chung/dev/brgd/slinky_dog/SlinkyDog/Content/StarterContent/Textures/T_Tech_Hex_Tile_M.uasset" 8408
"/Users/cecily_chung/dev/brgd/slinky_dog/SlinkyDog/Content/StarterContent/Textures/T_Tech_Hex_Tile_M.ubulk" 8409
"/Users/cecily_chung/dev/brgd/slinky_dog/SlinkyDog/Content/StarterContent/Textures/T_Tech_Hex_Tile_M.uexp" 8410
"/Users/cecily_chung/dev/brgd/slinky_dog/SlinkyDog/Content/StarterContent/Textures/T_Tech_Hex_Tile_N.uexp" 8411
"/Users/cecily_chung/dev/brgd/slinky_dog/SlinkyDog/Content/StarterContent/Textures/T_Tech_Hex_Tile_N.ubulk" 8412
"/Users/cecily_chung/dev/brgd/slinky_dog/SlinkyDog/Content/StarterContent/Textures/T_Tech_Hex_Tile_N.uasset" 8413
"/Users/cecily_chung/dev/brgd/slinky_dog/SlinkyDog/Content/StarterContent/Materials/M_Tech_Hex_Tile.uexp" 8414
"/Users/cecily_chung/dev/brgd/slinky_dog/SlinkyDog/Content/StarterContent/Materials/M_Tech_Hex_Tile.uasset" 8415
"../../../Engine/Content/Functions/Engine_MaterialFunctions01/Opacity/AlphaOffset.uasset" 8416
"../../../Engine/Content/Functions/Engine_MaterialFunctions01/Opacity/AlphaOffset.uexp" 8417
"/Users/cecily_chung/dev/brgd/slinky_dog/SlinkyDog/Content/StarterContent/Textures/T_Wood_Floor_Walnut_M.uexp" 8418
"/Users/cecily_chung/dev/brgd/slinky_dog/SlinkyDog/Content/StarterContent/Textures/T_Wood_Floor_Walnut_M.uasset" 8419
"/Users/cecily_chung/dev/brgd/slinky_dog/SlinkyDog/Content/StarterContent/Textures/T_Wood_Floor_Walnut_M.ubulk" 8420
"/Users/cecily_chung/dev/brgd/slinky_dog/SlinkyDog/Content/StarterContent/Textures/T_Wood_Floor_Walnut_D.uexp" 8421
"/Users/cecily_chung/dev/brgd/slinky_dog/SlinkyDog/Content/StarterContent/Textures/T_Wood_Floor_Walnut_D.ubulk" 8422
"/Users/cecily_chung/dev/brgd/slinky_dog/SlinkyDog/Content/StarterContent/Textures/T_Wood_Floor_Walnut_D.uasset" 8423
"/Users/cecily_chung/dev/brgd/slinky_dog/SlinkyDog/Content/StarterContent/Textures/T_Wood_Floor_Walnut_N.ubulk" 8424
"/Users/cecily_chung/dev/brgd/slinky_dog/SlinkyDog/Content/StarterContent/Textures/T_Wood_Floor_Walnut_N.uasset" 8425
"/Users/cecily_chung/dev/brgd/slinky_dog/SlinkyDog/Content/StarterContent/Textures/T_Wood_Floor_Walnut_N.uexp" 8426
"/Users/cecily_chung/dev/brgd/slinky_dog/SlinkyDog/Content/StarterContent/Materials/M_Wood_Floor_Walnut_Worn.uasset" 8427
"/Users/cecily_chung/dev/brgd/slinky_dog/SlinkyDog/Content/StarterContent/Materials/M_Wood_Floor_Walnut_Worn.uexp" 8428
"/Users/cecily_chung/dev/brgd/slinky_dog/SlinkyDog/Content/StarterContent/Textures/T_Ground_Gravel_N.uexp" 8429
"/Users/cecily_chung/dev/brgd/slinky_dog/SlinkyDog/Content/StarterContent/Textures/T_Ground_Gravel_N.uasset" 8430
"/Users/cecily_chung/dev/brgd/slinky_dog/SlinkyDog/Content/StarterContent/Textures/T_Ground_Gravel_N.ubulk" 8431
"/Users/cecily_chung/dev/brgd/slinky_dog/SlinkyDog/Content/StarterContent/Textures/T_Ground_Gravel_D.ubulk" 8432
"/Users/cecily_chung/dev/brgd/slinky_dog/SlinkyDog/Content/StarterContent/Textures/T_Ground_Gravel_D.uexp" 8433
"/Users/cecily_chung/dev/brgd/slinky_dog/SlinkyDog/Content/StarterContent/Textures/T_Ground_Gravel_D.uasset" 8434
"/Users/cecily_chung/dev/brgd/slinky_dog/SlinkyDog/Content/StarterContent/Materials/M_Ground_Gravel.uasset" 8435
"/Users/cecily_chung/dev/brgd/slinky_dog/SlinkyDog/Content/StarterContent/Materials/M_Ground_Gravel.uexp" 8436
"/Users/cecily_chung/dev/brgd/slinky_dog/SlinkyDog/Content/StarterContent/Audio/Steam01_Cue.uexp" 8437
"/Users/cecily_chung/dev/brgd/slinky_dog/SlinkyDog/Content/StarterContent/Audio/Steam01_Cue.uasset" 8438
"/Users/cecily_chung/dev/brgd/slinky_dog/SlinkyDog/Content/StarterContent/Particles/P_Steam_Lit.uexp" 8439
"/Users/cecily_chung/dev/brgd/slinky_dog/SlinkyDog/Content/StarterContent/Particles/P_Steam_Lit.uasset" 8440
"/Users/cecily_chung/dev/brgd/slinky_dog/SlinkyDog/Content/StarterContent/Blueprints/Blueprint_Effect_Steam.uexp" 8441
"/Users/cecily_chung/dev/brgd/slinky_dog/SlinkyDog/Content/StarterContent/Blueprints/Blueprint_Effect_Steam.uasset" 8442
"/Users/cecily_chung/dev/brgd/slinky_dog/SlinkyDog/Content/StarterContent/Audio/Fire_Sparks01_Cue.uasset" 8443
"/Users/cecily_chung/dev/brgd/slinky_dog/SlinkyDog/Content/StarterContent/Audio/Fire_Sparks01_Cue.uexp" 8444
"/Users/cecily_chung/dev/brgd/slinky_dog/SlinkyDog/Content/StarterContent/Textures/T_Spark_Core.uexp" 8445
"/Users/cecily_chung/dev/brgd/slinky_dog/SlinkyDog/Content/StarterContent/Textures/T_Spark_Core.uasset" 8446
"/Users/cecily_chung/dev/brgd/slinky_dog/SlinkyDog/Content/StarterContent/Textures/T_Spark_Core.ubulk" 8447
"/Users/cecily_chung/dev/brgd/slinky_dog/SlinkyDog/Content/StarterContent/Particles/Materials/M_Spark.uexp" 8448
"/Users/cecily_chung/dev/brgd/slinky_dog/SlinkyDog/Content/StarterContent/Particles/Materials/M_Spark.uasset" 8449
"/Users/cecily_chung/dev/brgd/slinky_dog/SlinkyDog/Content/StarterContent/Particles/Materials/M_Radial_Gradient.uexp" 8450
"/Users/cecily_chung/dev/brgd/slinky_dog/SlinkyDog/Content/StarterContent/Particles/Materials/M_Radial_Gradient.uasset" 8451
"/Users/cecily_chung/dev/brgd/slinky_dog/SlinkyDog/Content/StarterContent/Particles/P_Sparks.uasset" 8452
"/Users/cecily_chung/dev/brgd/slinky_dog/SlinkyDog/Content/StarterContent/Particles/P_Sparks.uexp" 8453
"/Users/cecily_chung/dev/brgd/slinky_dog/SlinkyDog/Content/StarterContent/Blueprints/Blueprint_Effect_Sparks.uexp" 8454
"/Users/cecily_chung/dev/brgd/slinky_dog/SlinkyDog/Content/StarterContent/Blueprints/Blueprint_Effect_Sparks.uasset" 8455
"/Users/cecily_chung/dev/brgd/slinky_dog/SlinkyDog/Content/StarterContent/Textures/T_Water_N.uasset" 8456
"/Users/cecily_chung/dev/brgd/slinky_dog/SlinkyDog/Content/StarterContent/Textures/T_Water_N.uexp" 8457
"/Users/cecily_chung/dev/brgd/slinky_dog/SlinkyDog/Content/StarterContent/Textures/T_Water_N.ubulk" 8458
"/Users/cecily_chung/dev/brgd/slinky_dog/SlinkyDog/Content/StarterContent/Materials/M_Water_Lake.uasset" 8459
"/Users/cecily_chung/dev/brgd/slinky_dog/SlinkyDog/Content/StarterContent/Materials/M_Water_Lake.uexp" 8460
"/Users/cecily_chung/dev/brgd/slinky_dog/SlinkyDog/Content/StarterContent/Architecture/Wall_400x200.uasset" 8461
"/Users/cecily_chung/dev/brgd/slinky_dog/SlinkyDog/Content/StarterContent/Architecture/Wall_400x200.ubulk" 8462
"/Users/cecily_chung/dev/brgd/slinky_dog/SlinkyDog/Content/StarterContent/Architecture/Wall_400x200.uexp" 8463
"/Users/cecily_chung/dev/brgd/slinky_dog/SlinkyDog/Content/StarterContent/Textures/T_Checker_Noise_M.uasset" 8464
"/Users/cecily_chung/dev/brgd/slinky_dog/SlinkyDog/Content/StarterContent/Textures/T_Checker_Noise_M.ubulk" 8465
"/Users/cecily_chung/dev/brgd/slinky_dog/SlinkyDog/Content/StarterContent/Textures/T_Checker_Noise_M.uexp" 8466
"/Users/cecily_chung/dev/brgd/slinky_dog/SlinkyDog/Content/StarterContent/Textures/T_Tech_Dot_M.ubulk" 8467
"/Users/cecily_chung/dev/brgd/slinky_dog/SlinkyDog/Content/StarterContent/Textures/T_Tech_Dot_M.uasset" 8468
"/Users/cecily_chung/dev/brgd/slinky_dog/SlinkyDog/Content/StarterContent/Textures/T_Tech_Dot_M.uexp" 8469
"/Users/cecily_chung/dev/brgd/slinky_dog/SlinkyDog/Content/StarterContent/Textures/T_Tech_Dot_N.ubulk" 8470
"/Users/cecily_chung/dev/brgd/slinky_dog/SlinkyDog/Content/StarterContent/Textures/T_Tech_Dot_N.uexp" 8471
"/Users/cecily_chung/dev/brgd/slinky_dog/SlinkyDog/Content/StarterContent/Textures/T_Tech_Dot_N.uasset" 8472
"/Users/cecily_chung/dev/brgd/slinky_dog/SlinkyDog/Content/StarterContent/Textures/T_Single_Tile_N.uexp" 8473
"/Users/cecily_chung/dev/brgd/slinky_dog/SlinkyDog/Content/StarterContent/Textures/T_Single_Tile_N.ubulk" 8474
"/Users/cecily_chung/dev/brgd/slinky_dog/SlinkyDog/Content/StarterContent/Textures/T_Single_Tile_N.uasset" 8475
"/Users/cecily_chung/dev/brgd/slinky_dog/SlinkyDog/Content/StarterContent/Materials/M_Tech_Checker_Dot.uexp" 8476
"/Users/cecily_chung/dev/brgd/slinky_dog/SlinkyDog/Content/StarterContent/Materials/M_Tech_Checker_Dot.uasset" 8477
"/Users/cecily_chung/dev/brgd/slinky_dog/SlinkyDog/Content/StarterContent/Props/SM_GlassWindow.uasset" 8478
"/Users/cecily_chung/dev/brgd/slinky_dog/SlinkyDog/Content/StarterContent/Props/SM_GlassWindow.uexp" 8479
"/Users/cecily_chung/dev/brgd/slinky_dog/SlinkyDog/Content/StarterContent/Props/SM_GlassWindow.ubulk" 8480
"/Users/cecily_chung/dev/brgd/slinky_dog/SlinkyDog/Content/StarterContent/Materials/M_Rock_Marble_Polished.uasset" 8481
"/Users/cecily_chung/dev/brgd/slinky_dog/SlinkyDog/Content/StarterContent/Materials/M_Rock_Marble_Polished.uexp" 8482
"/Users/cecily_chung/dev/brgd/slinky_dog/SlinkyDog/Content/StarterContent/Textures/T_Concrete_Grime_D.uexp" 8483
"/Users/cecily_chung/dev/brgd/slinky_dog/SlinkyDog/Content/StarterContent/Textures/T_Concrete_Grime_D.uasset" 8484
"/Users/cecily_chung/dev/brgd/slinky_dog/SlinkyDog/Content/StarterContent/Textures/T_Concrete_Grime_D.ubulk" 8485
"/Users/cecily_chung/dev/brgd/slinky_dog/SlinkyDog/Content/StarterContent/Materials/M_Concrete_Grime.uexp" 8486
"/Users/cecily_chung/dev/brgd/slinky_dog/SlinkyDog/Content/StarterContent/Materials/M_Concrete_Grime.uasset" 8487
"/Users/cecily_chung/dev/brgd/slinky_dog/SlinkyDog/Content/StarterContent/Textures/T_Rock_Sandstone_N.uexp" 8488
"/Users/cecily_chung/dev/brgd/slinky_dog/SlinkyDog/Content/StarterContent/Textures/T_Rock_Sandstone_N.uasset" 8489
"/Users/cecily_chung/dev/brgd/slinky_dog/SlinkyDog/Content/StarterContent/Textures/T_Rock_Sandstone_N.ubulk" 8490
"/Users/cecily_chung/dev/brgd/slinky_dog/SlinkyDog/Content/StarterContent/Textures/T_Rock_Sandstone_D.uexp" 8491
"/Users/cecily_chung/dev/brgd/slinky_dog/SlinkyDog/Content/StarterContent/Textures/T_Rock_Sandstone_D.ubulk" 8492
"/Users/cecily_chung/dev/brgd/slinky_dog/SlinkyDog/Content/StarterContent/Textures/T_Rock_Sandstone_D.uasset" 8493
"/Users/cecily_chung/dev/brgd/slinky_dog/SlinkyDog/Content/StarterContent/Materials/M_Rock_Sandstone.uexp" 8494
"/Users/cecily_chung/dev/brgd/slinky_dog/SlinkyDog/Content/StarterContent/Materials/M_Rock_Sandstone.uasset" 8495
"/Users/cecily_chung/dev/brgd/slinky_dog/SlinkyDog/Content/StarterContent/Textures/T_Wood_Walnut_N.uasset" 8496
"/Users/cecily_chung/dev/brgd/slinky_dog/SlinkyDog/Content/StarterContent/Textures/T_Wood_Walnut_N.uexp" 8497
"/Users/cecily_chung/dev/brgd/slinky_dog/SlinkyDog/Content/StarterContent/Textures/T_Wood_Walnut_N.ubulk" 8498
"/Users/cecily_chung/dev/brgd/slinky_dog/SlinkyDog/Content/StarterContent/Textures/T_Wood_Walnut_D.uexp" 8499
"/Users/cecily_chung/dev/brgd/slinky_dog/SlinkyDog/Content/StarterContent/Textures/T_Wood_Walnut_D.ubulk" 8500
"/Users/cecily_chung/dev/brgd/slinky_dog/SlinkyDog/Content/StarterContent/Textures/T_Wood_Walnut_D.uasset" 8501
"/Users/cecily_chung/dev/brgd/slinky_dog/SlinkyDog/Content/StarterContent/Materials/M_Wood_Walnut.uexp" 8502
"/Users/cecily_chung/dev/brgd/slinky_dog/SlinkyDog/Content/StarterContent/Materials/M_Wood_Walnut.uasset" 8503
"/Users/cecily_chung/dev/brgd/slinky_dog/SlinkyDog/Content/StarterContent/Audio/Collapse_Cue.uasset" 8504
"/Users/cecily_chung/dev/brgd/slinky_dog/SlinkyDog/Content/StarterContent/Audio/Collapse_Cue.uexp" 8505
"/Users/cecily_chung/dev/brgd/slinky_dog/SlinkyDog/Content/StarterContent/Textures/T_Brick_Cut_Stone_N.uexp" 8506
"/Users/cecily_chung/dev/brgd/slinky_dog/SlinkyDog/Content/StarterContent/Textures/T_Brick_Cut_Stone_N.ubulk" 8507
"/Users/cecily_chung/dev/brgd/slinky_dog/SlinkyDog/Content/StarterContent/Textures/T_Brick_Cut_Stone_N.uasset" 8508
"/Users/cecily_chung/dev/brgd/slinky_dog/SlinkyDog/Content/StarterContent/Textures/T_Brick_Cut_Stone_D.ubulk" 8509
"/Users/cecily_chung/dev/brgd/slinky_dog/SlinkyDog/Content/StarterContent/Textures/T_Brick_Cut_Stone_D.uasset" 8510
"/Users/cecily_chung/dev/brgd/slinky_dog/SlinkyDog/Content/StarterContent/Textures/T_Brick_Cut_Stone_D.uexp" 8511
"/Users/cecily_chung/dev/brgd/slinky_dog/SlinkyDog/Content/StarterContent/Materials/M_Brick_Cut_Stone.uasset" 8512
"/Users/cecily_chung/dev/brgd/slinky_dog/SlinkyDog/Content/StarterContent/Materials/M_Brick_Cut_Stone.uexp" 8513
"/Users/cecily_chung/dev/brgd/slinky_dog/SlinkyDog/Content/StarterContent/Textures/T_Dust_Particle_D.uasset" 8514
"/Users/cecily_chung/dev/brgd/slinky_dog/SlinkyDog/Content/StarterContent/Textures/T_Dust_Particle_D.ubulk" 8515
"/Users/cecily_chung/dev/brgd/slinky_dog/SlinkyDog/Content/StarterContent/Textures/T_Dust_Particle_D.uexp" 8516
"/Users/cecily_chung/dev/brgd/slinky_dog/SlinkyDog/Content/StarterContent/Particles/Materials/M_Dust_Particle.uasset" 8517
"/Users/cecily_chung/dev/brgd/slinky_dog/SlinkyDog/Content/StarterContent/Particles/Materials/M_Dust_Particle.uexp" 8518
"/Users/cecily_chung/dev/brgd/slinky_dog/SlinkyDog/Content/StarterContent/Particles/P_Ambient_Dust.uasset" 8519
"/Users/cecily_chung/dev/brgd/slinky_dog/SlinkyDog/Content/StarterContent/Particles/P_Ambient_Dust.uexp" 8520
"/Users/cecily_chung/dev/brgd/slinky_dog/SlinkyDog/Content/StarterContent/Props/SM_WindowFrame.ubulk" 8521
"/Users/cecily_chung/dev/brgd/slinky_dog/SlinkyDog/Content/StarterContent/Props/SM_WindowFrame.uexp" 8522
"/Users/cecily_chung/dev/brgd/slinky_dog/SlinkyDog/Content/StarterContent/Props/SM_WindowFrame.uasset" 8523
"/Users/cecily_chung/dev/brgd/slinky_dog/SlinkyDog/Content/StarterContent/Textures/T_Metal_Copper_D.uexp" 8524
"/Users/cecily_chung/dev/brgd/slinky_dog/SlinkyDog/Content/StarterContent/Textures/T_Metal_Copper_D.ubulk" 8525
"/Users/cecily_chung/dev/brgd/slinky_dog/SlinkyDog/Content/StarterContent/Textures/T_Metal_Copper_D.uasset" 8526
"/Users/cecily_chung/dev/brgd/slinky_dog/SlinkyDog/Content/StarterContent/Materials/M_Metal_Copper.uasset" 8527
"/Users/cecily_chung/dev/brgd/slinky_dog/SlinkyDog/Content/StarterContent/Materials/M_Metal_Copper.uexp" 8528
"/Users/cecily_chung/dev/brgd/slinky_dog/SlinkyDog/Content/StarterContent/Textures/T_Water_M.uexp" 8529
"/Users/cecily_chung/dev/brgd/slinky_dog/SlinkyDog/Content/StarterContent/Textures/T_Water_M.ubulk" 8530
"/Users/cecily_chung/dev/brgd/slinky_dog/SlinkyDog/Content/StarterContent/Textures/T_Water_M.uasset" 8531
"/Users/cecily_chung/dev/brgd/slinky_dog/SlinkyDog/Content/StarterContent/Materials/M_Water_Ocean.uasset" 8532
"/Users/cecily_chung/dev/brgd/slinky_dog/SlinkyDog/Content/StarterContent/Materials/M_Water_Ocean.uexp" 8533
"/Users/cecily_chung/dev/brgd/slinky_dog/SlinkyDog/Content/StarterContent/Textures/T_CobbleStone_Pebble_N.uexp" 8534
"/Users/cecily_chung/dev/brgd/slinky_dog/SlinkyDog/Content/StarterContent/Textures/T_CobbleStone_Pebble_N.uasset" 8535
"/Users/cecily_chung/dev/brgd/slinky_dog/SlinkyDog/Content/StarterContent/Textures/T_CobbleStone_Pebble_N.ubulk" 8536
"/Users/cecily_chung/dev/brgd/slinky_dog/SlinkyDog/Content/StarterContent/Textures/T_CobbleStone_Pebble_M.ubulk" 8537
"/Users/cecily_chung/dev/brgd/slinky_dog/SlinkyDog/Content/StarterContent/Textures/T_CobbleStone_Pebble_M.uexp" 8538
"/Users/cecily_chung/dev/brgd/slinky_dog/SlinkyDog/Content/StarterContent/Textures/T_CobbleStone_Pebble_M.uasset" 8539
"/Users/cecily_chung/dev/brgd/slinky_dog/SlinkyDog/Content/StarterContent/Textures/T_CobbleStone_Pebble_D.ubulk" 8540
"/Users/cecily_chung/dev/brgd/slinky_dog/SlinkyDog/Content/StarterContent/Textures/T_CobbleStone_Pebble_D.uasset" 8541
"/Users/cecily_chung/dev/brgd/slinky_dog/SlinkyDog/Content/StarterContent/Textures/T_CobbleStone_Pebble_D.uexp" 8542
"/Users/cecily_chung/dev/brgd/slinky_dog/SlinkyDog/Content/StarterContent/Materials/M_CobbleStone_Pebble.uexp" 8543
"/Users/cecily_chung/dev/brgd/slinky_dog/SlinkyDog/Content/StarterContent/Materials/M_CobbleStone_Pebble.uasset" 8544
"/Users/cecily_chung/dev/brgd/slinky_dog/SlinkyDog/Content/StarterContent/Textures/T_Brick_Clay_Old_N.uexp" 8545
"/Users/cecily_chung/dev/brgd/slinky_dog/SlinkyDog/Content/StarterContent/Textures/T_Brick_Clay_Old_N.uasset" 8546
"/Users/cecily_chung/dev/brgd/slinky_dog/SlinkyDog/Content/StarterContent/Textures/T_Brick_Clay_Old_N.ubulk" 8547
"/Users/cecily_chung/dev/brgd/slinky_dog/SlinkyDog/Content/StarterContent/Textures/T_Brick_Clay_Old_D.uexp" 8548
"/Users/cecily_chung/dev/brgd/slinky_dog/SlinkyDog/Content/StarterContent/Textures/T_Brick_Clay_Old_D.uasset" 8549
"/Users/cecily_chung/dev/brgd/slinky_dog/SlinkyDog/Content/StarterContent/Textures/T_Brick_Clay_Old_D.ubulk" 8550
"/Users/cecily_chung/dev/brgd/slinky_dog/SlinkyDog/Content/StarterContent/Materials/M_Brick_Clay_Old.uasset" 8551
"/Users/cecily_chung/dev/brgd/slinky_dog/SlinkyDog/Content/StarterContent/Materials/M_Brick_Clay_Old.uexp" 8552
"/Users/cecily_chung/dev/brgd/slinky_dog/SlinkyDog/Content/StarterContent/Textures/T_Metal_Steel_D.uasset" 8553
"/Users/cecily_chung/dev/brgd/slinky_dog/SlinkyDog/Content/StarterContent/Textures/T_Metal_Steel_D.ubulk" 8554
"/Users/cecily_chung/dev/brgd/slinky_dog/SlinkyDog/Content/StarterContent/Textures/T_Metal_Steel_D.uexp" 8555
"/Users/cecily_chung/dev/brgd/slinky_dog/SlinkyDog/Content/StarterContent/Textures/T_Metal_Steel_N.ubulk" 8556
"/Users/cecily_chung/dev/brgd/slinky_dog/SlinkyDog/Content/StarterContent/Textures/T_Metal_Steel_N.uexp" 8557
"/Users/cecily_chung/dev/brgd/slinky_dog/SlinkyDog/Content/StarterContent/Textures/T_Metal_Steel_N.uasset" 8558
"/Users/cecily_chung/dev/brgd/slinky_dog/SlinkyDog/Content/StarterContent/Materials/M_Metal_Steel.uasset" 8559
"/Users/cecily_chung/dev/brgd/slinky_dog/SlinkyDog/Content/StarterContent/Materials/M_Metal_Steel.uexp" 8560
"/Users/cecily_chung/dev/brgd/slinky_dog/SlinkyDog/Content/StarterContent/Materials/M_Wood_Floor_Walnut_Polished.uasset" 8561
"/Users/cecily_chung/dev/brgd/slinky_dog/SlinkyDog/Content/StarterContent/Materials/M_Wood_Floor_Walnut_Polished.uexp" 8562
"/Users/cecily_chung/dev/brgd/slinky_dog/SlinkyDog/Content/StarterContent/Props/SM_Lamp_Wall.ubulk" 8563
"/Users/cecily_chung/dev/brgd/slinky_dog/SlinkyDog/Content/StarterContent/Props/SM_Lamp_Wall.uexp" 8564
"/Users/cecily_chung/dev/brgd/slinky_dog/SlinkyDog/Content/StarterContent/Props/SM_Lamp_Wall.uasset" 8565
"/Users/cecily_chung/dev/brgd/slinky_dog/SlinkyDog/Content/StarterContent/Blueprints/Blueprint_WallSconce.uasset" 8566
"/Users/cecily_chung/dev/brgd/slinky_dog/SlinkyDog/Content/StarterContent/Blueprints/Blueprint_WallSconce.uexp" 8567
"/Users/cecily_chung/dev/brgd/slinky_dog/SlinkyDog/Content/StarterContent/Textures/T_Tech_Panel_N.uexp" 8568
"/Users/cecily_chung/dev/brgd/slinky_dog/SlinkyDog/Content/StarterContent/Textures/T_Tech_Panel_N.uasset" 8569
"/Users/cecily_chung/dev/brgd/slinky_dog/SlinkyDog/Content/StarterContent/Textures/T_Tech_Panel_N.ubulk" 8570
"/Users/cecily_chung/dev/brgd/slinky_dog/SlinkyDog/Content/StarterContent/Textures/T_Tech_Panel_M.uasset" 8571
"/Users/cecily_chung/dev/brgd/slinky_dog/SlinkyDog/Content/StarterContent/Textures/T_Tech_Panel_M.uexp" 8572
"/Users/cecily_chung/dev/brgd/slinky_dog/SlinkyDog/Content/StarterContent/Textures/T_Tech_Panel_M.ubulk" 8573
"/Users/cecily_chung/dev/brgd/slinky_dog/SlinkyDog/Content/StarterContent/Materials/M_Tech_Panel.uexp" 8574
"/Users/cecily_chung/dev/brgd/slinky_dog/SlinkyDog/Content/StarterContent/Materials/M_Tech_Panel.uasset" 8575
"/Users/cecily_chung/dev/brgd/slinky_dog/SlinkyDog/Content/StarterContent/Materials/M_Tech_Hex_Tile_Pulse.uasset" 8576
"/Users/cecily_chung/dev/brgd/slinky_dog/SlinkyDog/Content/StarterContent/Materials/M_Tech_Hex_Tile_Pulse.uexp" 8577
"/Users/cecily_chung/dev/brgd/slinky_dog/SlinkyDog/Content/StarterContent/Props/SM_PillarFrame.uexp" 8578
"/Users/cecily_chung/dev/brgd/slinky_dog/SlinkyDog/Content/StarterContent/Props/SM_PillarFrame.uasset" 8579
"/Users/cecily_chung/dev/brgd/slinky_dog/SlinkyDog/Content/StarterContent/Props/SM_PillarFrame.ubulk" 8580
"/Users/cecily_chung/dev/brgd/slinky_dog/SlinkyDog/Content/StarterContent/Textures/T_Fire_Tiled_D.uasset" 8581
"/Users/cecily_chung/dev/brgd/slinky_dog/SlinkyDog/Content/StarterContent/Textures/T_Fire_Tiled_D.uexp" 8582
"/Users/cecily_chung/dev/brgd/slinky_dog/SlinkyDog/Content/StarterContent/Textures/T_Fire_Tiled_D.ubulk" 8583
"/Users/cecily_chung/dev/brgd/slinky_dog/SlinkyDog/Content/StarterContent/Textures/T_Fire_SubUV.ubulk" 8584
"/Users/cecily_chung/dev/brgd/slinky_dog/SlinkyDog/Content/StarterContent/Textures/T_Fire_SubUV.uexp" 8585
"/Users/cecily_chung/dev/brgd/slinky_dog/SlinkyDog/Content/StarterContent/Textures/T_Fire_SubUV.uasset" 8586
"/Users/cecily_chung/dev/brgd/slinky_dog/SlinkyDog/Content/StarterContent/Particles/Materials/M_Fire_SubUV.uasset" 8587
"/Users/cecily_chung/dev/brgd/slinky_dog/SlinkyDog/Content/StarterContent/Particles/Materials/M_Fire_SubUV.uexp" 8588
"/Users/cecily_chung/dev/brgd/slinky_dog/SlinkyDog/Content/StarterContent/Particles/Materials/M_Heat_Distortion.uasset" 8589
"/Users/cecily_chung/dev/brgd/slinky_dog/SlinkyDog/Content/StarterContent/Particles/Materials/M_Heat_Distortion.uexp" 8590
"/Users/cecily_chung/dev/brgd/slinky_dog/SlinkyDog/Content/StarterContent/Particles/P_Fire.uasset" 8591
"/Users/cecily_chung/dev/brgd/slinky_dog/SlinkyDog/Content/StarterContent/Particles/P_Fire.uexp" 8592
"/Users/cecily_chung/dev/brgd/slinky_dog/SlinkyDog/Content/StarterContent/Audio/Fire01_Cue.uasset" 8593
"/Users/cecily_chung/dev/brgd/slinky_dog/SlinkyDog/Content/StarterContent/Audio/Fire01_Cue.uexp" 8594
"/Users/cecily_chung/dev/brgd/slinky_dog/SlinkyDog/Content/StarterContent/Blueprints/Blueprint_Effect_Fire.uexp" 8595
"/Users/cecily_chung/dev/brgd/slinky_dog/SlinkyDog/Content/StarterContent/Blueprints/Blueprint_Effect_Fire.uasset" 8596
"/Users/cecily_chung/dev/brgd/slinky_dog/SlinkyDog/Content/StarterContent/Textures/T_Wood_Oak_N.uexp" 8597
"/Users/cecily_chung/dev/brgd/slinky_dog/SlinkyDog/Content/StarterContent/Textures/T_Wood_Oak_N.ubulk" 8598
"/Users/cecily_chung/dev/brgd/slinky_dog/SlinkyDog/Content/StarterContent/Textures/T_Wood_Oak_N.uasset" 8599
"/Users/cecily_chung/dev/brgd/slinky_dog/SlinkyDog/Content/StarterContent/Textures/T_Wood_Oak_D.uasset" 8600
"/Users/cecily_chung/dev/brgd/slinky_dog/SlinkyDog/Content/StarterContent/Textures/T_Wood_Oak_D.ubulk" 8601
"/Users/cecily_chung/dev/brgd/slinky_dog/SlinkyDog/Content/StarterContent/Textures/T_Wood_Oak_D.uexp" 8602
"/Users/cecily_chung/dev/brgd/slinky_dog/SlinkyDog/Content/StarterContent/Materials/M_Wood_Oak.uasset" 8603
"/Users/cecily_chung/dev/brgd/slinky_dog/SlinkyDog/Content/StarterContent/Materials/M_Wood_Oak.uexp" 8604
"/Users/cecily_chung/dev/brgd/slinky_dog/SlinkyDog/Content/StarterContent/Architecture/Wall_Window_400x300.uasset" 8605
"/Users/cecily_chung/dev/brgd/slinky_dog/SlinkyDog/Content/StarterContent/Architecture/Wall_Window_400x300.ubulk" 8606
"/Users/cecily_chung/dev/brgd/slinky_dog/SlinkyDog/Content/StarterContent/Architecture/Wall_Window_400x300.uexp" 8607
"/Users/cecily_chung/dev/brgd/slinky_dog/SlinkyDog/Content/StarterContent/Textures/T_Brick_Hewn_Stone_N.ubulk" 8608
"/Users/cecily_chung/dev/brgd/slinky_dog/SlinkyDog/Content/StarterContent/Textures/T_Brick_Hewn_Stone_N.uasset" 8609
"/Users/cecily_chung/dev/brgd/slinky_dog/SlinkyDog/Content/StarterContent/Textures/T_Brick_Hewn_Stone_N.uexp" 8610
"/Users/cecily_chung/dev/brgd/slinky_dog/SlinkyDog/Content/StarterContent/Textures/T_Brick_Hewn_Stone_D.uexp" 8611
"/Users/cecily_chung/dev/brgd/slinky_dog/SlinkyDog/Content/StarterContent/Textures/T_Brick_Hewn_Stone_D.ubulk" 8612
"/Users/cecily_chung/dev/brgd/slinky_dog/SlinkyDog/Content/StarterContent/Textures/T_Brick_Hewn_Stone_D.uasset" 8613
"/Users/cecily_chung/dev/brgd/slinky_dog/SlinkyDog/Content/StarterContent/Textures/T_Brick_Hewn_Stone_M.uexp" 8614
"/Users/cecily_chung/dev/brgd/slinky_dog/SlinkyDog/Content/StarterContent/Textures/T_Brick_Hewn_Stone_M.uasset" 8615
"/Users/cecily_chung/dev/brgd/slinky_dog/SlinkyDog/Content/StarterContent/Textures/T_Brick_Hewn_Stone_M.ubulk" 8616
"/Users/cecily_chung/dev/brgd/slinky_dog/SlinkyDog/Content/StarterContent/Materials/M_Brick_Hewn_Stone.uasset" 8617
"/Users/cecily_chung/dev/brgd/slinky_dog/SlinkyDog/Content/StarterContent/Materials/M_Brick_Hewn_Stone.uexp" 8618
"/Users/cecily_chung/dev/brgd/slinky_dog/SlinkyDog/Content/StarterContent/Audio/Smoke01_Cue.uasset" 8619
"/Users/cecily_chung/dev/brgd/slinky_dog/SlinkyDog/Content/StarterContent/Audio/Smoke01_Cue.uexp" 8620
"/Users/cecily_chung/dev/brgd/slinky_dog/SlinkyDog/Content/StarterContent/Particles/P_Smoke.uexp" 8621
"/Users/cecily_chung/dev/brgd/slinky_dog/SlinkyDog/Content/StarterContent/Particles/P_Smoke.uasset" 8622
"/Users/cecily_chung/dev/brgd/slinky_dog/SlinkyDog/Content/StarterContent/Blueprints/Blueprint_Effect_Smoke.uasset" 8623
"/Users/cecily_chung/dev/brgd/slinky_dog/SlinkyDog/Content/StarterContent/Blueprints/Blueprint_Effect_Smoke.uexp" 8624
"/Users/cecily_chung/dev/brgd/slinky_dog/SlinkyDog/Content/StarterContent/Textures/T_CobbleStone_Rough_N.ubulk" 8625
"/Users/cecily_chung/dev/brgd/slinky_dog/SlinkyDog/Content/StarterContent/Textures/T_CobbleStone_Rough_N.uexp" 8626
"/Users/cecily_chung/dev/brgd/slinky_dog/SlinkyDog/Content/StarterContent/Textures/T_CobbleStone_Rough_N.uasset" 8627
"/Users/cecily_chung/dev/brgd/slinky_dog/SlinkyDog/Content/StarterContent/Textures/T_CobbleStone_Rough_D.ubulk" 8628
"/Users/cecily_chung/dev/brgd/slinky_dog/SlinkyDog/Content/StarterContent/Textures/T_CobbleStone_Rough_D.uexp" 8629
"/Users/cecily_chung/dev/brgd/slinky_dog/SlinkyDog/Content/StarterContent/Textures/T_CobbleStone_Rough_D.uasset" 8630
"/Users/cecily_chung/dev/brgd/slinky_dog/SlinkyDog/Content/StarterContent/Materials/M_CobbleStone_Rough.uexp" 8631
"/Users/cecily_chung/dev/brgd/slinky_dog/SlinkyDog/Content/StarterContent/Materials/M_CobbleStone_Rough.uasset" 8632
"/Users/cecily_chung/dev/brgd/slinky_dog/SlinkyDog/Content/StarterContent/Textures/T_ground_Moss_D.uasset" 8633
"/Users/cecily_chung/dev/brgd/slinky_dog/SlinkyDog/Content/StarterContent/Textures/T_ground_Moss_D.ubulk" 8634
"/Users/cecily_chung/dev/brgd/slinky_dog/SlinkyDog/Content/StarterContent/Textures/T_ground_Moss_D.uexp" 8635
"/Users/cecily_chung/dev/brgd/slinky_dog/SlinkyDog/Content/StarterContent/Textures/T_Ground_Moss_N.uexp" 8636
"/Users/cecily_chung/dev/brgd/slinky_dog/SlinkyDog/Content/StarterContent/Textures/T_Ground_Moss_N.uasset" 8637
"/Users/cecily_chung/dev/brgd/slinky_dog/SlinkyDog/Content/StarterContent/Textures/T_Ground_Moss_N.ubulk" 8638
"/Users/cecily_chung/dev/brgd/slinky_dog/SlinkyDog/Content/StarterContent/Materials/M_Ground_Moss.uexp" 8639
"/Users/cecily_chung/dev/brgd/slinky_dog/SlinkyDog/Content/StarterContent/Materials/M_Ground_Moss.uasset" 8640
"/Users/cecily_chung/dev/brgd/slinky_dog/SlinkyDog/Content/StarterContent/Props/SM_PillarFrame300.uasset" 8641
"/Users/cecily_chung/dev/brgd/slinky_dog/SlinkyDog/Content/StarterContent/Props/SM_PillarFrame300.ubulk" 8642
"/Users/cecily_chung/dev/brgd/slinky_dog/SlinkyDog/Content/StarterContent/Props/SM_PillarFrame300.uexp" 8643
"/Users/cecily_chung/dev/brgd/slinky_dog/SlinkyDog/Content/StarterContent/Materials/M_Metal_Chrome.uexp" 8644
"/Users/cecily_chung/dev/brgd/slinky_dog/SlinkyDog/Content/StarterContent/Materials/M_Metal_Chrome.uasset" 8645
"/Users/cecily_chung/dev/brgd/slinky_dog/SlinkyDog/Content/StarterContent/Textures/T_Ground_Grass_D.uasset" 8646
"/Users/cecily_chung/dev/brgd/slinky_dog/SlinkyDog/Content/StarterContent/Textures/T_Ground_Grass_D.ubulk" 8647
"/Users/cecily_chung/dev/brgd/slinky_dog/SlinkyDog/Content/StarterContent/Textures/T_Ground_Grass_D.uexp" 8648
"/Users/cecily_chung/dev/brgd/slinky_dog/SlinkyDog/Content/StarterContent/Textures/T_Ground_Grass_N.uasset" 8649
"/Users/cecily_chung/dev/brgd/slinky_dog/SlinkyDog/Content/StarterContent/Textures/T_Ground_Grass_N.uexp" 8650
"/Users/cecily_chung/dev/brgd/slinky_dog/SlinkyDog/Content/StarterContent/Textures/T_Ground_Grass_N.ubulk" 8651
"/Users/cecily_chung/dev/brgd/slinky_dog/SlinkyDog/Content/StarterContent/Materials/M_Ground_Grass.uasset" 8652
"/Users/cecily_chung/dev/brgd/slinky_dog/SlinkyDog/Content/StarterContent/Materials/M_Ground_Grass.uexp" 8653
"/Users/cecily_chung/dev/brgd/slinky_dog/SlinkyDog/Content/StarterContent/Textures/T_Metal_Gold_D.uexp" 8654
"/Users/cecily_chung/dev/brgd/slinky_dog/SlinkyDog/Content/StarterContent/Textures/T_Metal_Gold_D.ubulk" 8655
"/Users/cecily_chung/dev/brgd/slinky_dog/SlinkyDog/Content/StarterContent/Textures/T_Metal_Gold_D.uasset" 8656
"/Users/cecily_chung/dev/brgd/slinky_dog/SlinkyDog/Content/StarterContent/Materials/M_Metal_Gold.uexp" 8657
"/Users/cecily_chung/dev/brgd/slinky_dog/SlinkyDog/Content/StarterContent/Materials/M_Metal_Gold.uasset" 8658
"/Users/cecily_chung/dev/brgd/slinky_dog/SlinkyDog/Content/StarterContent/Maps/StarterMap_BuiltData.ubulk" 8659
"/Users/cecily_chung/dev/brgd/slinky_dog/SlinkyDog/Content/StarterContent/Maps/StarterMap_BuiltData.uexp" 8660
"/Users/cecily_chung/dev/brgd/slinky_dog/SlinkyDog/Content/StarterContent/Maps/StarterMap_BuiltData.uasset" 8661
"/Users/cecily_chung/dev/brgd/slinky_dog/SlinkyDog/Content/StarterContent/Props/SM_CornerFrame.uexp" 8662
"/Users/cecily_chung/dev/brgd/slinky_dog/SlinkyDog/Content/StarterContent/Props/SM_CornerFrame.uasset" 8663
"/Users/cecily_chung/dev/brgd/slinky_dog/SlinkyDog/Content/StarterContent/Props/SM_CornerFrame.ubulk" 8664
"/Users/cecily_chung/dev/brgd/slinky_dog/SlinkyDog/Content/StarterContent/Shapes/Shape_Sphere.uexp" 8665
"/Users/cecily_chung/dev/brgd/slinky_dog/SlinkyDog/Content/StarterContent/Shapes/Shape_Sphere.uasset" 8666
"/Users/cecily_chung/dev/brgd/slinky_dog/SlinkyDog/Content/StarterContent/Shapes/Shape_Sphere.ubulk" 8667
"/Users/cecily_chung/dev/brgd/slinky_dog/SlinkyDog/Content/StarterContent/Audio/Starter_Music_Cue.uexp" 8668
"/Users/cecily_chung/dev/brgd/slinky_dog/SlinkyDog/Content/StarterContent/Audio/Starter_Music_Cue.uasset" 8669
"/Users/cecily_chung/dev/brgd/slinky_dog/SlinkyDog/Content/StarterContent/Shapes/Shape_QuadPyramid.uexp" 8670
"/Users/cecily_chung/dev/brgd/slinky_dog/SlinkyDog/Content/StarterContent/Shapes/Shape_QuadPyramid.ubulk" 8671
"/Users/cecily_chung/dev/brgd/slinky_dog/SlinkyDog/Content/StarterContent/Shapes/Shape_QuadPyramid.uasset" 8672
"/Users/cecily_chung/dev/brgd/slinky_dog/SlinkyDog/Content/StarterContent/Textures/T_Brick_Clay_New_D.uasset" 8673
"/Users/cecily_chung/dev/brgd/slinky_dog/SlinkyDog/Content/StarterContent/Textures/T_Brick_Clay_New_D.ubulk" 8674
"/Users/cecily_chung/dev/brgd/slinky_dog/SlinkyDog/Content/StarterContent/Textures/T_Brick_Clay_New_D.uexp" 8675
"/Users/cecily_chung/dev/brgd/slinky_dog/SlinkyDog/Content/StarterContent/Textures/T_Brick_Clay_New_M.uexp" 8676
"/Users/cecily_chung/dev/brgd/slinky_dog/SlinkyDog/Content/StarterContent/Textures/T_Brick_Clay_New_M.uasset" 8677
"/Users/cecily_chung/dev/brgd/slinky_dog/SlinkyDog/Content/StarterContent/Textures/T_Brick_Clay_New_N.uasset" 8678
"/Users/cecily_chung/dev/brgd/slinky_dog/SlinkyDog/Content/StarterContent/Textures/T_Brick_Clay_New_N.uexp" 8679
"/Users/cecily_chung/dev/brgd/slinky_dog/SlinkyDog/Content/StarterContent/Materials/M_Brick_Clay_New.uexp" 8680
"/Users/cecily_chung/dev/brgd/slinky_dog/SlinkyDog/Content/StarterContent/Materials/M_Brick_Clay_New.uasset" 8681
"/Users/cecily_chung/dev/brgd/slinky_dog/SlinkyDog/Content/StarterContent/Textures/T_Concrete_Panels_D.ubulk" 8682
"/Users/cecily_chung/dev/brgd/slinky_dog/SlinkyDog/Content/StarterContent/Textures/T_Concrete_Panels_D.uasset" 8683
"/Users/cecily_chung/dev/brgd/slinky_dog/SlinkyDog/Content/StarterContent/Textures/T_Concrete_Panels_D.uexp" 8684
"/Users/cecily_chung/dev/brgd/slinky_dog/SlinkyDog/Content/StarterContent/Textures/T_Concrete_Panels_N.uasset" 8685
"/Users/cecily_chung/dev/brgd/slinky_dog/SlinkyDog/Content/StarterContent/Textures/T_Concrete_Panels_N.ubulk" 8686
"/Users/cecily_chung/dev/brgd/slinky_dog/SlinkyDog/Content/StarterContent/Textures/T_Concrete_Panels_N.uexp" 8687
"/Users/cecily_chung/dev/brgd/slinky_dog/SlinkyDog/Content/StarterContent/Materials/M_Concrete_Panels.uexp" 8688
"/Users/cecily_chung/dev/brgd/slinky_dog/SlinkyDog/Content/StarterContent/Materials/M_Concrete_Panels.uasset" 8689
"/Users/cecily_chung/dev/brgd/slinky_dog/SlinkyDog/Content/StarterContent/Maps/StarterMap.uexp" 8690
"/Users/cecily_chung/dev/brgd/slinky_dog/SlinkyDog/Content/StarterContent/Maps/StarterMap.umap" 8691
"/Users/cecily_chung/dev/brgd/slinky_dog/SlinkyDog/Content/StarterContent/Maps/Advanced_Lighting_BuiltData.uasset" 8692
"/Users/cecily_chung/dev/brgd/slinky_dog/SlinkyDog/Content/StarterContent/Maps/Advanced_Lighting_BuiltData.uexp" 8693
"/Users/cecily_chung/dev/brgd/slinky_dog/SlinkyDog/Content/StarterContent/Maps/Advanced_Lighting_BuiltData.ubulk" 8694
"/Users/cecily_chung/dev/brgd/slinky_dog/SlinkyDog/Content/StarterContent/Materials/M_AssetPlatform.uasset" 8695
"/Users/cecily_chung/dev/brgd/slinky_dog/SlinkyDog/Content/StarterContent/Materials/M_AssetPlatform.uexp" 8696
"/Users/cecily_chung/dev/brgd/slinky_dog/SlinkyDog/Content/StarterContent/Architecture/SM_AssetPlatform.uexp" 8697
"/Users/cecily_chung/dev/brgd/slinky_dog/SlinkyDog/Content/StarterContent/Architecture/SM_AssetPlatform.ubulk" 8698
"/Users/cecily_chung/dev/brgd/slinky_dog/SlinkyDog/Content/StarterContent/Architecture/SM_AssetPlatform.uasset" 8699
"../../../Engine/Content/MapTemplates/Sky/DaylightAmbientCubemap.uasset" 8700
"../../../Engine/Content/MapTemplates/Sky/DaylightAmbientCubemap.uexp" 8701
"/Users/cecily_chung/dev/brgd/slinky_dog/SlinkyDog/Content/StarterContent/Blueprints/Assets/M_LightStage_Skybox_Master.uexp" 8702
"/Users/cecily_chung/dev/brgd/slinky_dog/SlinkyDog/Content/StarterContent/Blueprints/Assets/M_LightStage_Skybox_Master.uasset" 8703
"/Users/cecily_chung/dev/brgd/slinky_dog/SlinkyDog/Content/StarterContent/Blueprints/Assets/M_LightStage_Skybox_HDRI.uexp" 8704
"/Users/cecily_chung/dev/brgd/slinky_dog/SlinkyDog/Content/StarterContent/Blueprints/Assets/M_LightStage_Skybox_HDRI.uasset" 8705
"/Users/cecily_chung/dev/brgd/slinky_dog/SlinkyDog/Content/StarterContent/HDRI/HDRI_Epic_Courtyard_Daylight.uasset" 8706
"/Users/cecily_chung/dev/brgd/slinky_dog/SlinkyDog/Content/StarterContent/HDRI/HDRI_Epic_Courtyard_Daylight.uexp" 8707
"/Users/cecily_chung/dev/brgd/slinky_dog/SlinkyDog/Content/StarterContent/Blueprints/Assets/SunlightColorLUT.uexp" 8708
"/Users/cecily_chung/dev/brgd/slinky_dog/SlinkyDog/Content/StarterContent/Blueprints/Assets/SunlightColorLUT.uasset" 8709
"/Users/cecily_chung/dev/brgd/slinky_dog/SlinkyDog/Content/StarterContent/Blueprints/Assets/M_LightStage_Skybox_Black.uasset" 8710
"/Users/cecily_chung/dev/brgd/slinky_dog/SlinkyDog/Content/StarterContent/Blueprints/Assets/M_LightStage_Skybox_Black.uexp" 8711
"/Users/cecily_chung/dev/brgd/slinky_dog/SlinkyDog/Content/StarterContent/Blueprints/Assets/FogBrightnessLUT.uasset" 8712
"/Users/cecily_chung/dev/brgd/slinky_dog/SlinkyDog/Content/StarterContent/Blueprints/Assets/FogBrightnessLUT.uexp" 8713
"/Users/cecily_chung/dev/brgd/slinky_dog/SlinkyDog/Content/StarterContent/Blueprints/Assets/SM_Arrows.uasset" 8714
"/Users/cecily_chung/dev/brgd/slinky_dog/SlinkyDog/Content/StarterContent/Blueprints/Assets/SM_Arrows.ubulk" 8715
"/Users/cecily_chung/dev/brgd/slinky_dog/SlinkyDog/Content/StarterContent/Blueprints/Assets/SM_Arrows.uexp" 8716
"/Users/cecily_chung/dev/brgd/slinky_dog/SlinkyDog/Content/StarterContent/Blueprints/Assets/M_LightStage_Arrows.uasset" 8717
"/Users/cecily_chung/dev/brgd/slinky_dog/SlinkyDog/Content/StarterContent/Blueprints/Assets/M_LightStage_Arrows.uexp" 8718
"../../../Engine/Content/ArtTools/RenderToTexture/MaterialFunctions/CheckerPattern.uexp" 8719
"../../../Engine/Content/ArtTools/RenderToTexture/MaterialFunctions/CheckerPattern.uasset" 8720
"../../../Engine/Content/Functions/Engine_MaterialFunctions02/ScreenResolution.uasset" 8721
"../../../Engine/Content/Functions/Engine_MaterialFunctions02/ScreenResolution.uexp" 8722
"../../../Engine/Content/Functions/Engine_MaterialFunctions02/Texturing/ScreenAlignedUVs.uasset" 8723
"../../../Engine/Content/Functions/Engine_MaterialFunctions02/Texturing/ScreenAlignedUVs.uexp" 8724
"../../../Engine/Content/EditorMaterials/Thumbnails/SkySphereMaterial.uasset" 8725
"../../../Engine/Content/EditorMaterials/Thumbnails/SkySphereMaterial.uexp" 8726
"/Users/cecily_chung/dev/brgd/slinky_dog/SlinkyDog/Content/StarterContent/Blueprints/Assets/Skybox.uexp" 8727
"/Users/cecily_chung/dev/brgd/slinky_dog/SlinkyDog/Content/StarterContent/Blueprints/Assets/Skybox.ubulk" 8728
"/Users/cecily_chung/dev/brgd/slinky_dog/SlinkyDog/Content/StarterContent/Blueprints/Assets/Skybox.uasset" 8729
"/Users/cecily_chung/dev/brgd/slinky_dog/SlinkyDog/Content/StarterContent/Blueprints/BP_LightStudio.uasset" 8730
"/Users/cecily_chung/dev/brgd/slinky_dog/SlinkyDog/Content/StarterContent/Blueprints/BP_LightStudio.uexp" 8731
"../../../Engine/Content/EditorMeshes/ColorCalibrator/M_GreyBall.uasset" 8732
"../../../Engine/Content/EditorMeshes/ColorCalibrator/M_GreyBall.uexp" 8733
"../../../Engine/Content/EditorMeshes/ColorCalibrator/M_ClearCoat.uexp" 8734
"../../../Engine/Content/EditorMeshes/ColorCalibrator/M_ClearCoat.uasset" 8735
"../../../Engine/Content/EditorMeshes/ColorCalibrator/M_ChromeBall.uexp" 8736
"../../../Engine/Content/EditorMeshes/ColorCalibrator/M_ChromeBall.uasset" 8737
"../../../Engine/Content/EditorMeshes/ColorCalibrator/M_ClearCoatBlack.uasset" 8738
"../../../Engine/Content/EditorMeshes/ColorCalibrator/M_ClearCoatBlack.uexp" 8739
"../../../Engine/Content/EditorMeshes/ColorCalibrator/Color_checker.uexp" 8740
"../../../Engine/Content/EditorMeshes/ColorCalibrator/Color_checker.ubulk" 8741
"../../../Engine/Content/EditorMeshes/ColorCalibrator/Color_checker.uasset" 8742
"../../../Engine/Content/EditorMeshes/ColorCalibrator/M_ColorGrid.uexp" 8743
"../../../Engine/Content/EditorMeshes/ColorCalibrator/M_ColorGrid.uasset" 8744
"../../../Engine/Content/EditorMeshes/ColorCalibrator/SM_ColorCalibrator.uasset" 8745
"../../../Engine/Content/EditorMeshes/ColorCalibrator/SM_ColorCalibrator.ubulk" 8746
"../../../Engine/Content/EditorMeshes/ColorCalibrator/SM_ColorCalibrator.uexp" 8747
"/Users/cecily_chung/dev/brgd/slinky_dog/SlinkyDog/Content/StarterContent/Maps/Advanced_Lighting.umap" 8748
"/Users/cecily_chung/dev/brgd/slinky_dog/SlinkyDog/Content/StarterContent/Maps/Advanced_Lighting.uexp" 8749
"/Users/cecily_chung/dev/brgd/slinky_dog/SlinkyDog/Content/SlinkyDog/proto_twoplayer/Proto_2dMap_twoplayer.uexp" 8750
"/Users/cecily_chung/dev/brgd/slinky_dog/SlinkyDog/Content/SlinkyDog/proto_twoplayer/Proto_2dMap_twoplayer.umap" 8751
"/Users/cecily_chung/dev/brgd/slinky_dog/SlinkyDog/Content/SlinkyDog/level1/level1.uexp" 8752
"/Users/cecily_chung/dev/brgd/slinky_dog/SlinkyDog/Content/SlinkyDog/level1/level1.umap" 8753
